#include <Windows.h>
#include <iostream>

static uint8_t Louis_George_Cafe_Bold_ttf[] = {
0x00, 0x01, 0x00, 0x00, 0x00, 0x0D, 0x00, 0x80, 0x00, 0x03, 0x00, 0x50, 0x47, 0x50, 0x4F, 0x53, 0xAF, 0xFD, 0xBE, 0xEB, 
0x00, 0x00, 0x96, 0x80, 0x00, 0x00, 0x00, 0x36, 0x47, 0x53, 0x55, 0x42, 0xB8, 0xF6, 0xB8, 0xE6, 0x00, 0x00, 0x96, 0xB8, 
0x00, 0x00, 0x00, 0x26, 0x4F, 0x53, 0x2F, 0x32, 0x87, 0x71, 0x49, 0x13, 0x00, 0x00, 0x01, 0x58, 0x00, 0x00, 0x00, 0x60, 
0x63, 0x6D, 0x61, 0x70, 0xE2, 0xEA, 0x67, 0x99, 0x00, 0x00, 0x05, 0x4C, 0x00, 0x00, 0x02, 0x12, 0x67, 0x61, 0x73, 0x70, 
0xFF, 0xFF, 0x00, 0x03, 0x00, 0x00, 0x96, 0x78, 0x00, 0x00, 0x00, 0x08, 0x67, 0x6C, 0x79, 0x66, 0x03, 0x61, 0xF6, 0x0A, 
0x00, 0x00, 0x09, 0x2C, 0x00, 0x00, 0x88, 0x74, 0x68, 0x65, 0x61, 0x64, 0x21, 0x3B, 0xF0, 0xF0, 0x00, 0x00, 0x00, 0xDC, 
0x00, 0x00, 0x00, 0x36, 0x68, 0x68, 0x65, 0x61, 0x08, 0x6E, 0x04, 0xB1, 0x00, 0x00, 0x01, 0x14, 0x00, 0x00, 0x00, 0x24, 
0x68, 0x6D, 0x74, 0x78, 0xF5, 0x60, 0x2E, 0x1D, 0x00, 0x00, 0x01, 0xB8, 0x00, 0x00, 0x03, 0x92, 0x6C, 0x6F, 0x63, 0x61, 
0x76, 0xF0, 0x99, 0x3E, 0x00, 0x00, 0x07, 0x60, 0x00, 0x00, 0x01, 0xCC, 0x6D, 0x61, 0x78, 0x70, 0x00, 0xED, 0x00, 0xC2, 
0x00, 0x00, 0x01, 0x38, 0x00, 0x00, 0x00, 0x20, 0x6E, 0x61, 0x6D, 0x65, 0xF7, 0xD0, 0x5D, 0x21, 0x00, 0x00, 0x91, 0xA0, 
0x00, 0x00, 0x02, 0xA4, 0x70, 0x6F, 0x73, 0x74, 0x36, 0xC2, 0xCC, 0x0A, 0x00, 0x00, 0x94, 0x44, 0x00, 0x00, 0x02, 0x34, 
0x00, 0x01, 0x00, 0x00, 0x00, 0x01, 0x00, 0x00, 0x77, 0x34, 0xEE, 0x72, 0x5F, 0x0F, 0x3C, 0xF5, 0x00, 0x0B, 0x04, 0x00, 
0x00, 0x00, 0x00, 0x00, 0xDE, 0xB7, 0x89, 0xBA, 0x00, 0x00, 0x00, 0x00, 0xDE, 0xB9, 0x23, 0x3C, 0xFF, 0x6A, 0xFF, 0x06, 
0x05, 0x41, 0x03, 0xF8, 0x00, 0x01, 0x00, 0x07, 0x00, 0x02, 0x00, 0x00, 0x00, 0x00, 0x00, 0x00, 0x00, 0x01, 0x00, 0x00, 
0x03, 0x9F, 0xFF, 0x27, 0x00, 0x21, 0x05, 0x6A, 0xFF, 0x6A, 0xFF, 0x3B, 0x05, 0x41, 0x00, 0x01, 0x00, 0x00, 0x00, 0x00, 
0x00, 0x00, 0x00, 0x00, 0x00, 0x00, 0x00, 0x00, 0x00, 0x00, 0x00, 0xE4, 0x00, 0x01, 0x00, 0x00, 0x00, 0xE5, 0x00, 0xC2, 
0x00, 0x07, 0x00, 0x00, 0x00, 0x00, 0x00, 0x00, 0x00, 0x00, 0x00, 0x00, 0x00, 0x00, 0x00, 0x00, 0x00, 0x00, 0x00, 0x00, 
0x00, 0x00, 0x00, 0x00, 0x00, 0x02, 0x01, 0xD0, 0x02, 0xBC, 0x00, 0x05, 0x00, 0x00, 0x02, 0x8A, 0x02, 0xBC, 0x00, 0x2F, 
0x00, 0x8C, 0x02, 0x8A, 0x02, 0xBC, 0xFF, 0x5C, 0x01, 0xE0, 0x00, 0x31, 0x01, 0x02, 0x00, 0x00, 0x00, 0x00, 0x00, 0x00, 
0x00, 0x00, 0x00, 0x00, 0x00, 0x00, 0x00, 0x00, 0x00, 0x01, 0x00, 0x00, 0x00, 0x00, 0x00, 0x00, 0x00, 0x00, 0x00, 0x00, 
0x00, 0x00, 0x42, 0x69, 0x72, 0x64, 0x00, 0x20, 0x00, 0x0D, 0xFB, 0x02, 0x03, 0x9F, 0xFF, 0x27, 0x00, 0x21, 0x03, 0x9F, 
0x00, 0xD9, 0x20, 0x3F, 0x00, 0xFF, 0xDF, 0xFD, 0x00, 0x00, 0x01, 0xDF, 0x03, 0x9F, 0x00, 0x00, 0x00, 0x20, 0x00, 0x02, 
0x02, 0x1F, 0x00, 0x00, 0x00, 0x00, 0x00, 0x00, 0x00, 0x00, 0x00, 0x00, 0x00, 0xFE, 0x00, 0x00, 0x01, 0x64, 0x00, 0x85, 
0x01, 0xDF, 0x00, 0x59, 0x01, 0xF3, 0x00, 0x12, 0x02, 0x3C, 0x00, 0x30, 0x03, 0x40, 0x00, 0x2F, 0x02, 0x8C, 0x00, 0x32, 
0x01, 0x01, 0x00, 0x45, 0x01, 0x88, 0x00, 0x43, 0x01, 0x88, 0x00, 0x4C, 0x02, 0x18, 0x00, 0x4F, 0x01, 0x9F, 0x00, 0x23, 
0x01, 0x2B, 0x00, 0x34, 0x01, 0xB0, 0x00, 0x26, 0x01, 0x15, 0x00, 0x4C, 0x01, 0x65, 0x00, 0x00, 0x02, 0xC2, 0x00, 0x34, 
0x01, 0x64, 0x00, 0x4B, 0x02, 0x2B, 0x00, 0x31, 0x02, 0x3A, 0x00, 0x2D, 0x02, 0x59, 0x00, 0x0C, 0x02, 0x6B, 0x00, 0x28, 
0x02, 0x71, 0x00, 0x30, 0x01, 0xE8, 0x00, 0x1B, 0x02, 0x4B, 0x00, 0x31, 0x02, 0x6F, 0x00, 0x2E, 0x01, 0x27, 0x00, 0x5D, 
0x01, 0x1E, 0x00, 0x3C, 0x01, 0xED, 0x00, 0x3A, 0x01, 0xA4, 0x00, 0x2F, 0x01, 0xED, 0x00, 0x60, 0x02, 0x2C, 0x00, 0x43, 
0x04, 0x44, 0x00, 0x50, 0x02, 0xCC, 0x00, 0x11, 0x02, 0x6C, 0x00, 0x56, 0x02, 0xD9, 0x00, 0x30, 0x02, 0xB3, 0x00, 0x56, 
0x02, 0x16, 0x00, 0x56, 0x01, 0xF8, 0x00, 0x56, 0x03, 0x25, 0x00, 0x2D, 0x02, 0xAA, 0x00, 0x56, 0x01, 0x0C, 0x00, 0x56, 
0x02, 0x38, 0x00, 0x04, 0x02, 0x98, 0x00, 0x56, 0x01, 0xFD, 0x00, 0x56, 0x03, 0xAC, 0x00, 0x56, 0x02, 0xF6, 0x00, 0x56, 
0x03, 0x1F, 0x00, 0x31, 0x02, 0x65, 0x00, 0x56, 0x03, 0x13, 0x00, 0x31, 0x02, 0x5F, 0x00, 0x56, 0x02, 0x34, 0x00, 0x24, 
0x01, 0xF5, 0x00, 0x08, 0x02, 0xE7, 0x00, 0x55, 0x02, 0xD7, 0x00, 0x11, 0x04, 0x08, 0x00, 0x1F, 0x02, 0xDF, 0x00, 0x18, 
0x02, 0xA8, 0x00, 0x0F, 0x02, 0x83, 0x00, 0x1D, 0x01, 0x9D, 0x00, 0x5F, 0x01, 0x65, 0x00, 0x00, 0x01, 0x9D, 0x00, 0x6E, 
0x01, 0xF8, 0x00, 0x22, 0x02, 0x21, 0x00, 0x23, 0x01, 0xE4, 0x00, 0x79, 0x02, 0x5D, 0x00, 0x2E, 0x02, 0x60, 0x00, 0x4C, 
0x02, 0x09, 0x00, 0x2D, 0x02, 0x60, 0x00, 0x30, 0x02, 0x15, 0x00, 0x21, 0x01, 0x44, 0x00, 0x0D, 0x02, 0x4A, 0x00, 0x30, 
0x02, 0x41, 0x00, 0x4C, 0x01, 0x03, 0x00, 0x43, 0x01, 0x10, 0xFF, 0xEB, 0x02, 0x18, 0x00, 0x4C, 0x00, 0xF9, 0x00, 0x4C, 
0x03, 0x8B, 0x00, 0x4C, 0x02, 0x41, 0x00, 0x4C, 0x02, 0x3F, 0x00, 0x2D, 0x02, 0x60, 0x00, 0x4C, 0x02, 0x60, 0x00, 0x30, 
0x01, 0xA2, 0x00, 0x4C, 0x01, 0xEC, 0x00, 0x28, 0x01, 0x67, 0x00, 0x10, 0x02, 0x40, 0x00, 0x4A, 0x02, 0x27, 0x00, 0x11, 
0x02, 0xF2, 0x00, 0x1B, 0x02, 0x51, 0x00, 0x14, 0x02, 0x30, 0x00, 0x11, 0x02, 0x1D, 0x00, 0x2C, 0x01, 0xA8, 0x00, 0x4E, 
0x00, 0xF7, 0x00, 0x4B, 0x01, 0xA8, 0x00, 0x5C, 0x02, 0x8A, 0x00, 0x54, 0x00, 0xFE, 0x00, 0x00, 0x01, 0x64, 0x00, 0x85, 
0x02, 0x09, 0x00, 0x2D, 0x02, 0x88, 0x00, 0x1B, 0x02, 0xCE, 0x00, 0x20, 0x02, 0x74, 0x00, 0x20, 0x01, 0x28, 0x00, 0x64, 
0x01, 0xDD, 0x00, 0x3B, 0x02, 0x2E, 0x00, 0x79, 0x03, 0xF4, 0x00, 0x58, 0x01, 0x44, 0x00, 0x00, 0x02, 0xA3, 0x00, 0x3B, 
0x02, 0x0F, 0x00, 0x4B, 0x01, 0xB0, 0x00, 0x26, 0x02, 0x8C, 0x00, 0x58, 0x01, 0x4F, 0x00, 0x00, 0x01, 0xEF, 0x00, 0x31, 
0x01, 0xAF, 0x00, 0x26, 0x01, 0xFB, 0x00, 0x00, 0x01, 0xFB, 0x00, 0x00, 0x01, 0xE4, 0x00, 0x79, 0x02, 0x4C, 0x00, 0x50, 
0x02, 0x53, 0x00, 0x35, 0x01, 0x70, 0x00, 0x79, 0x01, 0xC0, 0x00, 0x7B, 0x01, 0xFB, 0x00, 0x00, 0x01, 0x67, 0x00, 0x00, 
0x02, 0xA3, 0x00, 0x57, 0x03, 0x56, 0x00, 0x00, 0x03, 0xD6, 0x00, 0x00, 0x03, 0x56, 0x00, 0x00, 0x02, 0x2C, 0x00, 0x2F, 
0x02, 0xCC, 0x00, 0x11, 0x02, 0xCC, 0x00, 0x11, 0x02, 0xCC, 0x00, 0x11, 0x02, 0xCC, 0x00, 0x11, 0x02, 0xCC, 0x00, 0x11, 
0x02, 0xCC, 0x00, 0x11, 0x03, 0xD4, 0x00, 0x11, 0x02, 0x51, 0x00, 0x30, 0x02, 0x16, 0x00, 0x56, 0x02, 0x16, 0x00, 0x56, 
0x02, 0x40, 0x00, 0x56, 0x02, 0x40, 0x00, 0x56, 0x01, 0x0C, 0x00, 0x0D, 0x01, 0x0C, 0x00, 0x0D, 0x01, 0x0C, 0xFF, 0xFB, 
0x01, 0x0C, 0xFF, 0xF2, 0x02, 0xD5, 0x00, 0x38, 0x02, 0xF6, 0x00, 0x56, 0x03, 0x1F, 0x00, 0x31, 0x03, 0x1F, 0x00, 0x31, 
0x03, 0x1F, 0x00, 0x31, 0x03, 0x1F, 0x00, 0x31, 0x03, 0x1F, 0x00, 0x31, 0x01, 0xA0, 0x00, 0x30, 0x02, 0x5E, 0x00, 0x31, 
0x02, 0xE7, 0x00, 0x55, 0x02, 0xE7, 0x00, 0x55, 0x02, 0xE7, 0x00, 0x55, 0x02, 0xA8, 0x00, 0x55, 0x02, 0xA8, 0x00, 0x0F, 
0x02, 0xAC, 0x00, 0x4C, 0x02, 0xA8, 0x00, 0x4C, 0x02, 0x5D, 0x00, 0x2E, 0x02, 0x5D, 0x00, 0x2E, 0x02, 0x5D, 0x00, 0x2E, 
0x02, 0x5D, 0x00, 0x2E, 0x02, 0x5D, 0x00, 0x2E, 0x02, 0x5D, 0x00, 0x2E, 0x03, 0xB9, 0x00, 0x2E, 0x02, 0x09, 0x00, 0x2D, 
0x02, 0x15, 0x00, 0x21, 0x02, 0x15, 0x00, 0x21, 0x02, 0x15, 0x00, 0x21, 0x02, 0x15, 0x00, 0x21, 0x01, 0x03, 0x00, 0x08, 
0x01, 0x01, 0x00, 0x08, 0x01, 0x03, 0xFF, 0xF5, 0x01, 0x03, 0xFF, 0xED, 0x02, 0x39, 0x00, 0x00, 0x02, 0x41, 0x00, 0x4C, 
0x02, 0x3F, 0x00, 0x2D, 0x02, 0x3F, 0x00, 0x2D, 0x02, 0x3F, 0x00, 0x2D, 0x02, 0x3F, 0x00, 0x2D, 0x02, 0x3F, 0x00, 0x2D, 
0x01, 0xC3, 0x00, 0x30, 0x02, 0x43, 0x00, 0x1B, 0x02, 0x40, 0x00, 0x4A, 0x02, 0x40, 0x00, 0x4A, 0x02, 0x40, 0x00, 0x4A, 
0x02, 0x40, 0x00, 0x4A, 0x02, 0x30, 0x00, 0x11, 0x02, 0x50, 0x00, 0x44, 0x02, 0x30, 0x00, 0x11, 0x04, 0x66, 0x00, 0x31, 
0x03, 0xAE, 0x00, 0x2D, 0x04, 0xCD, 0x00, 0x2F, 0x02, 0xC8, 0x00, 0x1A, 0x05, 0x22, 0x00, 0x07, 0x02, 0x8A, 0x00, 0x54, 
0x02, 0x43, 0x00, 0x0E, 0x02, 0x43, 0x00, 0x0E, 0x01, 0x9B, 0x00, 0xB8, 0x01, 0x9B, 0x00, 0xB8, 0x02, 0x3F, 0x00, 0x79, 
0x02, 0x16, 0x00, 0xA6, 0x00, 0xDD, 0x00, 0xE7, 0x02, 0x32, 0x00, 0x79, 0x01, 0x1E, 0x00, 0x3C, 0x02, 0xA3, 0x00, 0x32, 
0x01, 0x38, 0x00, 0x45, 0x01, 0x2B, 0x00, 0x34, 0x02, 0x38, 0x00, 0x59, 0x02, 0x38, 0x00, 0x80, 0x01, 0xF3, 0x00, 0x34, 
0x01, 0xBB, 0x00, 0x3C, 0x01, 0xBB, 0x00, 0x3C, 0x02, 0x8C, 0x00, 0x32, 0x01, 0x54, 0x00, 0x23, 0x01, 0x54, 0x00, 0x33, 
0x00, 0x94, 0xFF, 0x6A, 0x02, 0x04, 0x00, 0x28, 0x02, 0x88, 0x00, 0x1B, 0x05, 0x6A, 0x00, 0x56, 0x04, 0xCA, 0x00, 0x56, 
0x00, 0x94, 0xFF, 0x6A, 0x01, 0x70, 0x00, 0x79, 0x01, 0xB0, 0x00, 0x2B, 0x00, 0x2B, 0x00, 0x00, 0x00, 0x00, 0x00, 0x03, 
0x00, 0x01, 0x00, 0x00, 0x00, 0x00, 0x00, 0x1C, 0x00, 0x03, 0x00, 0x01, 0x00, 0x00, 0x01, 0x22, 0x00, 0x03, 0x00, 0x0A, 
0x00, 0x00, 0x01, 0x8A, 0x00, 0x00, 0x01, 0x06, 0x00, 0x00, 0x01, 0x00, 0x00, 0x00, 0x00, 0x00, 0x00, 0x00, 0x00, 0x00, 
0x00, 0x00, 0x00, 0x02, 0x00, 0x00, 0x00, 0x00, 0x00, 0x00, 0x00, 0x00, 0x00, 0x00, 0x00, 0x00, 0x00, 0x00, 0x00, 0x00, 
0x00, 0x00, 0x03, 0x04, 0x05, 0x06, 0x07, 0x08, 0x09, 0x0A, 0x0B, 0x0C, 0x0D, 0x0E, 0x0F, 0x10, 0x11, 0x12, 0x13, 0x14, 
0x15, 0x16, 0x17, 0x18, 0x19, 0x1A, 0x1B, 0x1C, 0x1D, 0x1E, 0x1F, 0x20, 0x21, 0x22, 0x23, 0x24, 0x25, 0x26, 0x27, 0x28, 
0x29, 0x2A, 0x2B, 0x2C, 0x2D, 0x2E, 0x2F, 0x30, 0x31, 0x32, 0x33, 0x34, 0x35, 0x36, 0x37, 0x38, 0x39, 0x3A, 0x3B, 0x3C, 
0x3D, 0x3E, 0x3F, 0x40, 0x41, 0x42, 0x43, 0x44, 0x45, 0x46, 0x47, 0x48, 0x49, 0x4A, 0x4B, 0x4C, 0x4D, 0x4E, 0x4F, 0x50, 
0x51, 0x52, 0x53, 0x54, 0x55, 0x56, 0x57, 0x58, 0x59, 0x5A, 0x5B, 0x5C, 0x5D, 0x5E, 0x5F, 0x60, 0x61, 0x00, 0x00, 0x00, 
0x00, 0x00, 0x00, 0x00, 0x00, 0x00, 0x00, 0x00, 0x00, 0x00, 0x00, 0x00, 0x00, 0x00, 0x00, 0x00, 0x00, 0x00, 0x00, 0x00, 
0x00, 0x00, 0x00, 0x00, 0x00, 0x00, 0x00, 0x00, 0x00, 0x00, 0x62, 0x63, 0x64, 0x65, 0x66, 0x67, 0x68, 0x69, 0x6A, 0x6B, 
0x6C, 0x6D, 0x6E, 0x6F, 0x70, 0x71, 0x72, 0x73, 0x74, 0x75, 0x76, 0x77, 0x78, 0x79, 0x7A, 0x7B, 0x7C, 0x7D, 0x7E, 0x7F, 
0x80, 0x81, 0x82, 0x83, 0x84, 0x85, 0x86, 0x87, 0x88, 0x89, 0x8A, 0x8B, 0x8C, 0x8D, 0x8E, 0x8F, 0x90, 0x91, 0x92, 0x93, 
0x94, 0x95, 0x96, 0x97, 0x98, 0x99, 0x9A, 0x9B, 0x9C, 0x9D, 0x9E, 0x9F, 0xA0, 0xA1, 0xA2, 0xA3, 0xA4, 0xA5, 0xA6, 0xA7, 
0xA8, 0xA9, 0xAA, 0xAB, 0xAC, 0xAD, 0xAE, 0xAF, 0xB0, 0xB1, 0xB2, 0xB3, 0xB4, 0xB5, 0xB6, 0xB7, 0xB8, 0xB9, 0xBA, 0xBB, 
0xBC, 0xBD, 0xBE, 0xBF, 0xC0, 0xC1, 0x00, 0x04, 0x00, 0x68, 0x00, 0x00, 0x00, 0x16, 0x00, 0x10, 0x00, 0x03, 0x00, 0x06, 
0x00, 0x00, 0x00, 0x0D, 0x00, 0x7E, 0x00, 0xFF, 0x01, 0x53, 0x20, 0x30, 0x20, 0xAC, 0x21, 0x22, 0x22, 0x48, 0xFB, 0x02, 
0xFF, 0xFF, 0x00, 0x00, 0x00, 0x00, 0x00, 0x0D, 0x00, 0x20, 0x00, 0xA0, 0x01, 0x52, 0x20, 0x30, 0x20, 0xAC, 0x21, 0x22, 
0x22, 0x48, 0xFB, 0x01, 0xFF, 0xFF, 0x00, 0x01, 0xFF, 0xF5, 0xFF, 0xE3, 0xFF, 0xC2, 0xFF, 0x70, 0xE0, 0x94, 0xE0, 0x19, 
0xDF, 0xA4, 0xDE, 0x7F, 0x05, 0xC7, 0x00, 0x01, 0x00, 0x00, 0x00, 0x00, 0x00, 0x00, 0x00, 0x00, 0x00, 0x00, 0x00, 0x00, 
0x00, 0x00, 0x00, 0x00, 0x00, 0x00, 0x00, 0x00, 0x00, 0x00, 0x00, 0x0C, 0x00, 0x00, 0x00, 0x00, 0x00, 0x88, 0x00, 0x00, 
0x00, 0x00, 0x00, 0x00, 0x00, 0x0A, 0x00, 0x00, 0x00, 0x00, 0x00, 0x00, 0x00, 0x00, 0x00, 0x00, 0x00, 0x01, 0x00, 0x00, 
0x00, 0x0D, 0x00, 0x00, 0x00, 0x0D, 0x00, 0x00, 0x00, 0x02, 0x00, 0x00, 0x00, 0x20, 0x00, 0x00, 0x00, 0x7E, 0x00, 0x00, 
0x00, 0x03, 0x00, 0x00, 0x00, 0xA0, 0x00, 0x00, 0x00, 0xFF, 0x00, 0x00, 0x00, 0x62, 0x00, 0x00, 0x01, 0x52, 0x00, 0x00, 
0x01, 0x53, 0x00, 0x00, 0x00, 0xC2, 0x00, 0x00, 0x20, 0x30, 0x00, 0x00, 0x20, 0x30, 0x00, 0x00, 0x00, 0xC4, 0x00, 0x00, 
0x20, 0xAC, 0x00, 0x00, 0x20, 0xAC, 0x00, 0x00, 0x00, 0xC5, 0x00, 0x00, 0x21, 0x22, 0x00, 0x00, 0x21, 0x22, 0x00, 0x00, 
0x00, 0xC6, 0x00, 0x00, 0x22, 0x48, 0x00, 0x00, 0x22, 0x48, 0x00, 0x00, 0x00, 0xC7, 0x00, 0x00, 0xFB, 0x01, 0x00, 0x00, 
0xFB, 0x02, 0x00, 0x00, 0x00, 0xC8, 0x00, 0x00, 0x00, 0x00, 0x00, 0x1C, 0x00, 0x1C, 0x00, 0x1C, 0x00, 0x1C, 0x00, 0x58, 
0x00, 0x78, 0x00, 0xE0, 0x01, 0x98, 0x02, 0x3E, 0x02, 0xD8, 0x02, 0xEC, 0x03, 0x1E, 0x03, 0x54, 0x03, 0x94, 0x03, 0xBC, 
0x03, 0xDE, 0x03, 0xF2, 0x04, 0x1A, 0x04, 0x36, 0x04, 0x6C, 0x04, 0x86, 0x04, 0xE2, 0x05, 0x82, 0x05, 0xC2, 0x06, 0x32, 
0x06, 0xA6, 0x06, 0xD6, 0x07, 0x78, 0x07, 0xEA, 0x08, 0x30, 0x08, 0x70, 0x08, 0x9A, 0x08, 0xBA, 0x08, 0xE4, 0x09, 0x66, 
0x0A, 0x6E, 0x0A, 0xA2, 0x0A, 0xF8, 0x0B, 0x38, 0x0B, 0x78, 0x0B, 0xA4, 0x0B, 0xC8, 0x0C, 0x20, 0x0C, 0x52, 0x0C, 0x6A, 
0x0C, 0xB6, 0x0C, 0xEE, 0x0D, 0x0A, 0x0D, 0x4E, 0x0D, 0x84, 0x0D, 0xC4, 0x0D, 0xFC, 0x0E, 0x4E, 0x0E, 0x96, 0x0F, 0x2E, 
0x0F, 0x50, 0x0F, 0x90, 0x0F, 0xC0, 0x10, 0x0C, 0x10, 0x46, 0x10, 0x74, 0x10, 0x9C, 0x10, 0xBE, 0x10, 0xDA, 0x10, 0xFE, 
0x11, 0x2A, 0x11, 0x40, 0x11, 0x58, 0x11, 0xA0, 0x12, 0x10, 0x12, 0x7A, 0x12, 0xEA, 0x13, 0x32, 0x13, 0x6C, 0x14, 0x42, 
0x14, 0x78, 0x14, 0xB0, 0x14, 0xF6, 0x15, 0x2A, 0x15, 0x42, 0x15, 0x9E, 0x15, 0xDE, 0x16, 0x48, 0x16, 0xCA, 0x17, 0x4E, 
0x17, 0x7E, 0x18, 0x06, 0x18, 0x50, 0x18, 0x8E, 0x18, 0xC0, 0x19, 0x16, 0x19, 0x52, 0x19, 0x8C, 0x19, 0xB4, 0x1A, 0x00, 
0x1A, 0x18, 0x1A, 0x64, 0x1A, 0x92, 0x1A, 0x92, 0x1A, 0xCE, 0x1B, 0x50, 0x1B, 0xDE, 0x1C, 0x70, 0x1C, 0xC8, 0x1C, 0xE8, 
0x1D, 0xA6, 0x1D, 0xF0, 0x1E, 0xD6, 0x1E, 0xD6, 0x1F, 0x1C, 0x1F, 0x34, 0x1F, 0x48, 0x20, 0x1A, 0x20, 0x1A, 0x20, 0x60, 
0x20, 0x94, 0x20, 0x94, 0x20, 0x94, 0x20, 0xAC, 0x20, 0xF0, 0x21, 0x26, 0x21, 0x4E, 0x21, 0x98, 0x21, 0x98, 0x21, 0x98, 
0x21, 0xDE, 0x21, 0xDE, 0x21, 0xDE, 0x21, 0xDE, 0x22, 0x62, 0x22, 0xA8, 0x22, 0xEE, 0x23, 0x3C, 0x23, 0x96, 0x24, 0x0E, 
0x24, 0x86, 0x24, 0xDA, 0x25, 0x56, 0x25, 0x92, 0x25, 0xCE, 0x26, 0x10, 0x26, 0x7E, 0x26, 0xA6, 0x26, 0xCE, 0x26, 0xFE, 
0x27, 0x58, 0x27, 0xA6, 0x28, 0x02, 0x28, 0x50, 0x28, 0xA0, 0x28, 0xF6, 0x29, 0x5C, 0x29, 0xDE, 0x2A, 0x0E, 0x2A, 0x74, 
0x2A, 0xC4, 0x2B, 0x16, 0x2B, 0x6E, 0x2B, 0xF2, 0x2C, 0x30, 0x2C, 0x82, 0x2C, 0xDA, 0x2D, 0x32, 0x2D, 0x8C, 0x2D, 0xEC, 
0x2E, 0x5C, 0x2E, 0xE6, 0x2F, 0x70, 0x2F, 0xF6, 0x30, 0x9A, 0x30, 0xF4, 0x31, 0x4E, 0x31, 0xAE, 0x32, 0x3A, 0x32, 0x5E, 
0x32, 0x82, 0x32, 0xAE, 0x33, 0x04, 0x33, 0x04, 0x33, 0x6A, 0x33, 0xE6, 0x34, 0x62, 0x34, 0xE6, 0x35, 0x76, 0x36, 0x24, 
0x36, 0x70, 0x36, 0xE6, 0x37, 0x36, 0x37, 0x86, 0x37, 0xDE, 0x38, 0x60, 0x38, 0xAA, 0x39, 0x2C, 0x39, 0xA8, 0x3A, 0x0C, 
0x3A, 0xB8, 0x3B, 0xA4, 0x3C, 0x2E, 0x3C, 0x88, 0x3C, 0xDA, 0x3D, 0x46, 0x3D, 0x90, 0x3D, 0xB0, 0x3D, 0xCE, 0x3D, 0xE2, 
0x3E, 0x0A, 0x3E, 0x52, 0x3E, 0x80, 0x3E, 0xC0, 0x3E, 0xD4, 0x3E, 0xF8, 0x3F, 0x1A, 0x3F, 0x5A, 0x3F, 0x98, 0x3F, 0xD6, 
0x3F, 0xFC, 0x40, 0x34, 0x40, 0x9E, 0x40, 0xC4, 0x40, 0xEA, 0x41, 0x04, 0x41, 0x3A, 0x41, 0xE0, 0x42, 0xDA, 0x43, 0x86, 
0x43, 0xA0, 0x43, 0xC8, 0x44, 0x02, 0x44, 0x3A, 0x00, 0x02, 0x00, 0x00, 0x00, 0x33, 0x01, 0x9A, 0x02, 0xA9, 0x00, 0x07, 
0x00, 0x0F, 0x00, 0x00, 0x37, 0x32, 0x33, 0x34, 0x11, 0x22, 0x23, 0x14, 0x27, 0x32, 0x21, 0x14, 0x11, 0x22, 0x21, 0x34, 
0x33, 0x67, 0xCC, 0x66, 0xCD, 0x33, 0x89, 0x01, 0x11, 0x89, 0xFE, 0xEF, 0x66, 0xB0, 0x01, 0x60, 0xB0, 0xE3, 0xD2, 0xFE, 
0x5C, 0xD2, 0x00, 0x00, 0x00, 0x02, 0x00, 0x85, 0x00, 0x00, 0x01, 0x04, 0x02, 0xDC, 0x00, 0x0F, 0x00, 0x29, 0x00, 0x00, 
0x13, 0x32, 0x33, 0x30, 0x31, 0x06, 0x03, 0x30, 0x07, 0x22, 0x23, 0x34, 0x31, 0x26, 0x03, 0x30, 0x13, 0x32, 0x17, 0x16, 
0x15, 0x14, 0x15, 0x14, 0x07, 0x06, 0x07, 0x06, 0x23, 0x22, 0x23, 0x22, 0x27, 0x26, 0x27, 0x26, 0x35, 0x34, 0x35, 0x34, 
0x37, 0x36, 0x85, 0x20, 0x5F, 0x04, 0x0B, 0x01, 0x18, 0x48, 0x04, 0x0B, 0x40, 0x1E, 0x15, 0x0C, 0x14, 0x0F, 0x0D, 0x08, 
0x04, 0x02, 0x05, 0x10, 0x11, 0x11, 0x07, 0x03, 0x13, 0x14, 0x02, 0xDC, 0x91, 0xFE, 0x4E, 0x01, 0x01, 0x91, 0x01, 0xB2, 
0xFD, 0xA2, 0x1A, 0x11, 0x12, 0x01, 0x03, 0x18, 0x14, 0x0D, 0x03, 0x01, 0x0C, 0x0C, 0x14, 0x09, 0x08, 0x01, 0x03, 0x17, 
0x14, 0x12, 0x00, 0x00, 0x00, 0x02, 0x00, 0x59, 0x02, 0x26, 0x01, 0x5F, 0x02, 0xEE, 0x00, 0x0B, 0x00, 0x17, 0x00, 0x00, 
0x13, 0x14, 0x15, 0x14, 0x23, 0x22, 0x23, 0x30, 0x27, 0x34, 0x35, 0x32, 0x33, 0x14, 0x15, 0x14, 0x31, 0x22, 0x23, 0x30, 
0x35, 0x34, 0x35, 0x32, 0xBA, 0x01, 0x17, 0x48, 0x01, 0x19, 0xED, 0x18, 0x48, 0x18, 0x02, 0xEE, 0x32, 0x95, 0x01, 0x01, 
0x31, 0x96, 0x32, 0x95, 0x01, 0x01, 0x31, 0x96, 0x00, 0x02, 0x00, 0x12, 0x00, 0x0F, 0x01, 0xE0, 0x02, 0xA0, 0x00, 0x07, 
0x00, 0x51, 0x00, 0x00, 0x13, 0x06, 0x07, 0x32, 0x33, 0x36, 0x37, 0x22, 0x03, 0x16, 0x17, 0x06, 0x07, 0x32, 0x33, 0x36, 
0x37, 0x16, 0x17, 0x06, 0x07, 0x32, 0x33, 0x14, 0x15, 0x22, 0x23, 0x06, 0x07, 0x32, 0x33, 0x30, 0x15, 0x14, 0x15, 0x30, 
0x31, 0x22, 0x23, 0x06, 0x07, 0x30, 0x31, 0x26, 0x27, 0x30, 0x31, 0x36, 0x37, 0x22, 0x23, 0x06, 0x07, 0x26, 0x27, 0x36, 
0x37, 0x22, 0x23, 0x22, 0x31, 0x34, 0x35, 0x34, 0x33, 0x32, 0x33, 0x36, 0x37, 0x22, 0x23, 0x34, 0x23, 0x34, 0x35, 0x32, 
0x35, 0x32, 0x33, 0x36, 0x37, 0x30, 0xCD, 0x04, 0x0C, 0x19, 0x48, 0x04, 0x0C, 0x18, 0x7A, 0x5B, 0x03, 0x09, 0x12, 0x18, 
0x48, 0x08, 0x16, 0x5E, 0x01, 0x09, 0x12, 0x10, 0x2F, 0x14, 0x3C, 0x04, 0x0C, 0x11, 0x33, 0x15, 0x40, 0x09, 0x1A, 0x18, 
0x47, 0x08, 0x18, 0x18, 0x49, 0x08, 0x19, 0x18, 0x48, 0x08, 0x17, 0x0E, 0x29, 0x01, 0x01, 0x12, 0x36, 0x04, 0x0D, 0x10, 
0x2E, 0x01, 0x01, 0x14, 0x3A, 0x08, 0x17, 0x01, 0x91, 0x17, 0x45, 0x17, 0x45, 0x01, 0x0F, 0x10, 0x01, 0x34, 0x68, 0x2A, 
0x7E, 0x10, 0x01, 0x33, 0x64, 0x19, 0x49, 0x17, 0x45, 0x01, 0x18, 0x48, 0x31, 0x94, 0x04, 0x0D, 0x2D, 0x87, 0x30, 0x90, 
0x04, 0x0C, 0x2C, 0x84, 0x18, 0x48, 0x01, 0x17, 0x45, 0x01, 0x18, 0x48, 0x01, 0x2B, 0x82, 0x00, 0x00, 0x02, 0x00, 0x30, 
0xFF, 0xBF, 0x02, 0x07, 0x03, 0x11, 0x00, 0x7B, 0x00, 0x8B, 0x00, 0x00, 0x13, 0x32, 0x33, 0x14, 0x31, 0x14, 0x15, 0x30, 
0x17, 0x16, 0x17, 0x16, 0x17, 0x16, 0x17, 0x16, 0x17, 0x30, 0x31, 0x06, 0x07, 0x26, 0x27, 0x26, 0x23, 0x22, 0x07, 0x06, 
0x07, 0x06, 0x15, 0x14, 0x17, 0x16, 0x17, 0x16, 0x17, 0x16, 0x17, 0x16, 0x17, 0x16, 0x17, 0x16, 0x17, 0x16, 0x17, 0x16, 
0x15, 0x14, 0x15, 0x14, 0x07, 0x06, 0x07, 0x06, 0x07, 0x06, 0x07, 0x06, 0x07, 0x06, 0x07, 0x14, 0x15, 0x30, 0x15, 0x22, 
0x23, 0x34, 0x31, 0x34, 0x35, 0x30, 0x27, 0x26, 0x27, 0x26, 0x27, 0x26, 0x27, 0x26, 0x35, 0x36, 0x37, 0x30, 0x31, 0x16, 
0x17, 0x16, 0x33, 0x32, 0x37, 0x36, 0x37, 0x36, 0x35, 0x34, 0x27, 0x26, 0x27, 0x26, 0x27, 0x26, 0x27, 0x26, 0x35, 0x34, 
0x31, 0x34, 0x37, 0x36, 0x37, 0x36, 0x37, 0x36, 0x37, 0x36, 0x37, 0x32, 0x33, 0x34, 0x35, 0x30, 0x35, 0x32, 0x33, 0x30, 
0x15, 0x14, 0x11, 0x14, 0x31, 0x22, 0x23, 0x30, 0x35, 0x34, 0x11, 0x34, 0xE9, 0x18, 0x48, 0x0C, 0x34, 0x2D, 0x0D, 0x11, 
0x14, 0x04, 0x05, 0x03, 0x3D, 0x18, 0x03, 0x10, 0x2B, 0x3F, 0x35, 0x25, 0x07, 0x0A, 0x18, 0x11, 0x09, 0x08, 0x14, 0x26, 
0x2C, 0x43, 0x1E, 0x14, 0x14, 0x15, 0x07, 0x0D, 0x18, 0x0B, 0x0B, 0x1F, 0x08, 0x0F, 0x0D, 0x0C, 0x12, 0x11, 0x11, 0x17, 
0x0E, 0x16, 0x18, 0x48, 0x0C, 0x39, 0x30, 0x18, 0x0A, 0x12, 0x08, 0x08, 0x50, 0x07, 0x1E, 0x3C, 0x1D, 0x1F, 0x37, 0x2A, 
0x0E, 0x09, 0x12, 0x29, 0x0A, 0x0B, 0x0D, 0x24, 0x64, 0x2E, 0x67, 0x2D, 0x0D, 0x09, 0x0E, 0x0D, 0x11, 0x0F, 0x10, 0x19, 
0x01, 0x02, 0x18, 0x48, 0x18, 0x48, 0x02, 0xEB, 0x01, 0x0D, 0x29, 0x01, 0x0B, 0x20, 0x08, 0x13, 0x15, 0x08, 0x07, 0x06, 
0x20, 0x0E, 0x07, 0x10, 0x2B, 0x1A, 0x04, 0x0A, 0x1B, 0x1F, 0x1B, 0x0E, 0x07, 0x04, 0x0C, 0x0C, 0x0D, 0x0D, 0x08, 0x0A, 
0x09, 0x10, 0x06, 0x0D, 0x1A, 0x1F, 0x1F, 0x1C, 0x02, 0x03, 0x34, 0x33, 0x0C, 0x0F, 0x0E, 0x08, 0x0C, 0x08, 0x09, 0x07, 
0x05, 0x03, 0x13, 0x24, 0x01, 0x01, 0x0E, 0x2A, 0x03, 0x0D, 0x27, 0x15, 0x0E, 0x16, 0x10, 0x0C, 0x02, 0x27, 0x03, 0x3C, 
0x16, 0x0A, 0x1C, 0x0B, 0x0D, 0x1A, 0x1C, 0x2A, 0x1B, 0x05, 0x04, 0x06, 0x07, 0x16, 0x16, 0x30, 0x62, 0x01, 0x42, 0x35, 
0x0F, 0x07, 0x0B, 0x08, 0x0A, 0x06, 0x07, 0x05, 0x0F, 0x2A, 0x27, 0x01, 0xD4, 0xFD, 0x84, 0x01, 0x01, 0xD4, 0x02, 0x7C, 
0x01, 0x00, 0x00, 0x00, 0x00, 0x05, 0x00, 0x2F, 0xFF, 0xF9, 0x03, 0x12, 0x02, 0xDC, 0x00, 0x11, 0x00, 0x31, 0x00, 0x53, 
0x00, 0x63, 0x00, 0x75, 0x00, 0x00, 0x13, 0x14, 0x17, 0x16, 0x33, 0x32, 0x37, 0x36, 0x35, 0x34, 0x27, 0x26, 0x23, 0x22, 
0x23, 0x22, 0x07, 0x06, 0x37, 0x32, 0x17, 0x16, 0x17, 0x16, 0x15, 0x14, 0x07, 0x06, 0x07, 0x06, 0x23, 0x22, 0x23, 0x22, 
0x27, 0x26, 0x27, 0x26, 0x27, 0x26, 0x35, 0x34, 0x35, 0x34, 0x37, 0x36, 0x37, 0x36, 0x37, 0x36, 0x01, 0x32, 0x33, 0x32, 
0x17, 0x16, 0x17, 0x16, 0x17, 0x16, 0x15, 0x14, 0x15, 0x14, 0x07, 0x06, 0x07, 0x06, 0x07, 0x06, 0x23, 0x22, 0x27, 0x26, 
0x27, 0x26, 0x35, 0x34, 0x37, 0x36, 0x37, 0x36, 0x37, 0x36, 0x13, 0x32, 0x33, 0x30, 0x31, 0x06, 0x01, 0x22, 0x23, 0x22, 
0x23, 0x30, 0x31, 0x36, 0x01, 0x30, 0x03, 0x14, 0x17, 0x16, 0x33, 0x32, 0x37, 0x36, 0x35, 0x34, 0x27, 0x26, 0x23, 0x22, 
0x23, 0x22, 0x07, 0x06, 0x95, 0x17, 0x0F, 0x13, 0x1E, 0x13, 0x08, 0x1E, 0x0D, 0x0D, 0x01, 0x01, 0x1A, 0x13, 0x0B, 0x38, 
0x40, 0x32, 0x11, 0x06, 0x17, 0x2A, 0x11, 0x0B, 0x2A, 0x2C, 0x02, 0x04, 0x2A, 0x28, 0x0D, 0x0F, 0x0F, 0x06, 0x19, 0x18, 
0x06, 0x0F, 0x16, 0x0E, 0x25, 0x01, 0xCB, 0x01, 0x03, 0x32, 0x2D, 0x08, 0x0E, 0x14, 0x0A, 0x0B, 0x1D, 0x05, 0x0F, 0x16, 
0x1A, 0x1E, 0x20, 0x3C, 0x2F, 0x13, 0x04, 0x1E, 0x2A, 0x10, 0x06, 0x0D, 0x0C, 0x22, 0x09, 0x19, 0x4C, 0x76, 0xFE, 0x9D, 
0x01, 0x01, 0x19, 0x4B, 0x76, 0x01, 0x64, 0x1E, 0x17, 0x10, 0x13, 0x1D, 0x13, 0x09, 0x1D, 0x0E, 0x0D, 0x01, 0x02, 0x19, 
0x13, 0x0C, 0x02, 0x3A, 0x18, 0x11, 0x0A, 0x19, 0x0C, 0x0F, 0x1C, 0x11, 0x05, 0x14, 0x0D, 0x88, 0x2C, 0x12, 0x0B, 0x27, 
0x29, 0x3B, 0x2E, 0x11, 0x06, 0x1B, 0x18, 0x07, 0x0E, 0x0F, 0x0B, 0x28, 0x28, 0x02, 0x05, 0x27, 0x28, 0x0B, 0x0F, 0x13, 
0x06, 0x14, 0xFE, 0x5C, 0x1F, 0x06, 0x0D, 0x17, 0x1A, 0x1A, 0x1B, 0x01, 0x03, 0x2C, 0x2A, 0x08, 0x0F, 0x15, 0x0A, 0x0C, 
0x27, 0x11, 0x08, 0x29, 0x31, 0x3A, 0x2E, 0x10, 0x03, 0x0A, 0x05, 0x10, 0x01, 0xAC, 0xB9, 0xFD, 0xD6, 0xB9, 0x02, 0x2A, 
0xFD, 0xB9, 0x18, 0x10, 0x0A, 0x18, 0x0D, 0x0F, 0x1B, 0x11, 0x06, 0x15, 0x0D, 0x00, 0x00, 0x00, 0x00, 0x03, 0x00, 0x32, 
0xFF, 0xE4, 0x02, 0x61, 0x02, 0xDC, 0x00, 0x19, 0x00, 0x2B, 0x00, 0x69, 0x00, 0x00, 0x01, 0x14, 0x17, 0x16, 0x17, 0x16, 
0x33, 0x36, 0x37, 0x36, 0x37, 0x36, 0x35, 0x34, 0x35, 0x34, 0x27, 0x26, 0x23, 0x30, 0x23, 0x22, 0x07, 0x06, 0x07, 0x06, 
0x03, 0x14, 0x17, 0x16, 0x33, 0x32, 0x37, 0x26, 0x27, 0x06, 0x07, 0x06, 0x07, 0x06, 0x07, 0x06, 0x07, 0x06, 0x13, 0x32, 
0x17, 0x16, 0x17, 0x16, 0x15, 0x14, 0x07, 0x06, 0x07, 0x16, 0x17, 0x16, 0x17, 0x36, 0x37, 0x16, 0x17, 0x06, 0x07, 0x16, 
0x17, 0x30, 0x31, 0x06, 0x07, 0x06, 0x31, 0x26, 0x27, 0x06, 0x23, 0x22, 0x27, 0x26, 0x27, 0x26, 0x35, 0x34, 0x35, 0x34, 
0x37, 0x36, 0x37, 0x36, 0x37, 0x36, 0x37, 0x36, 0x37, 0x36, 0x37, 0x26, 0x27, 0x26, 0x35, 0x34, 0x35, 0x34, 0x37, 0x36, 
0x01, 0x01, 0x0B, 0x10, 0x18, 0x06, 0x01, 0x20, 0x1F, 0x0B, 0x0F, 0x15, 0x29, 0x15, 0x15, 0x01, 0x24, 0x1D, 0x0E, 0x02, 
0x03, 0x6E, 0x39, 0x11, 0x1C, 0x56, 0x57, 0x4E, 0x3C, 0x19, 0x1F, 0x0C, 0x18, 0x03, 0x06, 0x17, 0x07, 0x06, 0xC2, 0x32, 
0x31, 0x0E, 0x0D, 0x36, 0x0E, 0x1F, 0x6C, 0x38, 0x43, 0x02, 0x03, 0x0B, 0x21, 0x12, 0x33, 0x2E, 0x0B, 0x0F, 0x1E, 0x02, 
0x48, 0x03, 0x0E, 0x1B, 0x71, 0x75, 0x32, 0x23, 0x47, 0x1D, 0x0E, 0x09, 0x07, 0x09, 0x09, 0x11, 0x1B, 0x23, 0x21, 0x18, 
0x04, 0x07, 0x24, 0x13, 0x10, 0x48, 0x34, 0x02, 0x3C, 0x15, 0x0F, 0x1C, 0x26, 0x0A, 0x12, 0x18, 0x09, 0x0F, 0x16, 0x10, 
0x01, 0x03, 0x2B, 0x0E, 0x0A, 0x18, 0x0E, 0x06, 0x05, 0xFE, 0x56, 0x3F, 0x16, 0x07, 0x41, 0x6E, 0x58, 0x10, 0x19, 0x0A, 
0x17, 0x04, 0x06, 0x1A, 0x12, 0x13, 0x02, 0x24, 0x19, 0x08, 0x0A, 0x2E, 0x4B, 0x25, 0x1B, 0x3D, 0x3F, 0x53, 0x5E, 0x02, 
0x04, 0x0C, 0x22, 0x11, 0x33, 0x2F, 0x0A, 0x15, 0x29, 0x04, 0x34, 0x01, 0x12, 0x26, 0x53, 0x0F, 0x1D, 0x44, 0x24, 0x24, 
0x03, 0x05, 0x1D, 0x21, 0x14, 0x0F, 0x12, 0x15, 0x20, 0x1D, 0x1B, 0x10, 0x03, 0x04, 0x38, 0x21, 0x21, 0x24, 0x02, 0x04, 
0x4A, 0x32, 0x21, 0x00, 0x00, 0x01, 0x00, 0x45, 0x02, 0x25, 0x00, 0xA6, 0x02, 0xEE, 0x00, 0x0B, 0x00, 0x00, 0x13, 0x14, 
0x15, 0x30, 0x07, 0x22, 0x23, 0x34, 0x23, 0x34, 0x35, 0x32, 0xA6, 0x01, 0x17, 0x48, 0x01, 0x19, 0x02, 0xEE, 0x32, 0x96, 
0x01, 0x01, 0x32, 0x96, 0x00, 0x01, 0x00, 0x43, 0xFF, 0x91, 0x01, 0x3C, 0x03, 0x00, 0x00, 0x23, 0x00, 0x00, 0x01, 0x32, 
0x33, 0x14, 0x17, 0x14, 0x15, 0x22, 0x07, 0x22, 0x23, 0x22, 0x07, 0x06, 0x15, 0x14, 0x17, 0x16, 0x33, 0x32, 0x33, 0x30, 
0x17, 0x14, 0x15, 0x22, 0x07, 0x22, 0x23, 0x22, 0x27, 0x26, 0x35, 0x34, 0x37, 0x36, 0x01, 0x30, 0x03, 0x07, 0x02, 0x01, 
0x01, 0x03, 0x08, 0x3C, 0x31, 0x1F, 0x41, 0x25, 0x24, 0x04, 0x09, 0x02, 0x01, 0x01, 0x03, 0x0A, 0x6E, 0x48, 0x34, 0x43, 
0x44, 0x03, 0x00, 0x01, 0x01, 0x17, 0x47, 0x01, 0x7C, 0x5F, 0x8E, 0xA1, 0x6D, 0x36, 0x02, 0x17, 0x46, 0x02, 0x97, 0x78, 
0x98, 0xCE, 0x81, 0x79, 0x00, 0x01, 0x00, 0x4C, 0xFF, 0x91, 0x01, 0x45, 0x03, 0x00, 0x00, 0x25, 0x00, 0x00, 0x01, 0x16, 
0x15, 0x14, 0x07, 0x06, 0x23, 0x22, 0x23, 0x34, 0x27, 0x34, 0x35, 0x34, 0x37, 0x32, 0x33, 0x32, 0x37, 0x36, 0x35, 0x34, 
0x27, 0x26, 0x23, 0x22, 0x23, 0x30, 0x27, 0x34, 0x35, 0x30, 0x37, 0x32, 0x33, 0x16, 0x17, 0x16, 0x01, 0x01, 0x44, 0x35, 
0x47, 0x6F, 0x04, 0x09, 0x01, 0x01, 0x04, 0x0A, 0x24, 0x24, 0x41, 0x1F, 0x31, 0x3B, 0x04, 0x08, 0x01, 0x01, 0x04, 0x0A, 
0x38, 0x1D, 0x31, 0x02, 0x87, 0x81, 0xCE, 0x98, 0x78, 0x97, 0x01, 0x01, 0x17, 0x46, 0x01, 0x01, 0x36, 0x6D, 0xA1, 0x8E, 
0x5F, 0x7C, 0x01, 0x18, 0x46, 0x02, 0x0C, 0x12, 0x1E, 0x00, 0x00, 0x00, 0x00, 0x01, 0x00, 0x4F, 0x01, 0x90, 0x01, 0xC5, 
0x02, 0xF1, 0x00, 0x2B, 0x00, 0x00, 0x13, 0x32, 0x33, 0x30, 0x17, 0x14, 0x15, 0x36, 0x37, 0x16, 0x17, 0x06, 0x07, 0x30, 
0x31, 0x16, 0x17, 0x06, 0x07, 0x26, 0x27, 0x26, 0x27, 0x06, 0x07, 0x06, 0x07, 0x26, 0x27, 0x34, 0x31, 0x36, 0x37, 0x26, 
0x27, 0x22, 0x31, 0x36, 0x37, 0x16, 0x33, 0x34, 0x35, 0x36, 0xDA, 0x18, 0x48, 0x01, 0x1A, 0x4F, 0x09, 0x18, 0x01, 0x6B, 
0x11, 0x32, 0x14, 0x3B, 0x02, 0x1A, 0x25, 0x02, 0x03, 0x3B, 0x02, 0x04, 0x13, 0x3B, 0x11, 0x32, 0x1B, 0x50, 0x01, 0x08, 
0x19, 0x67, 0x02, 0x01, 0x02, 0xF1, 0x01, 0x1C, 0x54, 0x09, 0x1C, 0x16, 0x44, 0x01, 0x26, 0x17, 0x44, 0x0E, 0x2B, 0x03, 
0x24, 0x31, 0x04, 0x04, 0x4F, 0x03, 0x06, 0x0F, 0x2A, 0x01, 0x16, 0x44, 0x0A, 0x1D, 0x17, 0x43, 0x25, 0x25, 0x4B, 0x01, 
0x00, 0x01, 0x00, 0x23, 0x00, 0x4D, 0x01, 0x86, 0x01, 0xB0, 0x00, 0x1F, 0x00, 0x00, 0x37, 0x22, 0x23, 0x34, 0x35, 0x32, 
0x33, 0x34, 0x35, 0x32, 0x31, 0x32, 0x33, 0x32, 0x31, 0x14, 0x15, 0x32, 0x33, 0x16, 0x31, 0x14, 0x15, 0x14, 0x23, 0x22, 
0x23, 0x14, 0x15, 0x22, 0x23, 0x34, 0xA4, 0x20, 0x61, 0x20, 0x61, 0x01, 0x18, 0x47, 0x01, 0x20, 0x60, 0x01, 0x01, 0x20, 
0x60, 0x18, 0x49, 0xCF, 0x18, 0x49, 0x20, 0x60, 0x20, 0x60, 0x01, 0x18, 0x47, 0x01, 0x20, 0x62, 0x21, 0x00, 0x00, 0x00, 
0x00, 0x01, 0x00, 0x34, 0xFF, 0x75, 0x00, 0xCB, 0x00, 0x7B, 0x00, 0x13, 0x00, 0x00, 0x37, 0x32, 0x17, 0x16, 0x15, 0x14, 
0x07, 0x06, 0x07, 0x26, 0x27, 0x36, 0x35, 0x26, 0x27, 0x26, 0x35, 0x34, 0x37, 0x36, 0x8C, 0x1F, 0x14, 0x0C, 0x5D, 0x1A, 
0x07, 0x09, 0x10, 0x40, 0x17, 0x0A, 0x08, 0x1D, 0x10, 0x7B, 0x1C, 0x12, 0x1D, 0x4E, 0x52, 0x18, 0x03, 0x0B, 0x16, 0x3B, 
0x2F, 0x09, 0x16, 0x0D, 0x10, 0x1F, 0x15, 0x0B, 0x00, 0x01, 0x00, 0x26, 0x00, 0xCF, 0x01, 0x87, 0x01, 0x30, 0x00, 0x0B, 
0x00, 0x00, 0x13, 0x32, 0x21, 0x14, 0x31, 0x14, 0x15, 0x14, 0x31, 0x22, 0x21, 0x34, 0x26, 0x58, 0x01, 0x09, 0x59, 0xFE, 
0xF8, 0x01, 0x30, 0x01, 0x18, 0x47, 0x01, 0x18, 0x00, 0x01, 0x00, 0x4C, 0x00, 0x00, 0x00, 0xC9, 0x00, 0x7E, 0x00, 0x19, 
0x00, 0x00, 0x37, 0x32, 0x17, 0x16, 0x15, 0x14, 0x15, 0x14, 0x07, 0x06, 0x07, 0x06, 0x23, 0x22, 0x23, 0x22, 0x27, 0x26, 
0x27, 0x26, 0x35, 0x34, 0x35, 0x34, 0x37, 0x36, 0x8B, 0x1E, 0x14, 0x0C, 0x13, 0x0E, 0x0F, 0x07, 0x04, 0x02, 0x05, 0x10, 
0x12, 0x11, 0x06, 0x02, 0x13, 0x12, 0x7E, 0x1A, 0x11, 0x12, 0x01, 0x03, 0x18, 0x14, 0x0D, 0x03, 0x01, 0x0C, 0x0C, 0x14, 
0x09, 0x08, 0x01, 0x03, 0x17, 0x14, 0x12, 0x00, 0x00, 0x01, 0x00, 0x00, 0xFF, 0xE7, 0x01, 0x5A, 0x02, 0xAF, 0x00, 0x0F, 
0x00, 0x00, 0x13, 0x32, 0x33, 0x32, 0x31, 0x06, 0x03, 0x14, 0x23, 0x22, 0x23, 0x30, 0x27, 0x36, 0x13, 0x32, 0xFA, 0x18, 
0x47, 0x01, 0x3E, 0xBB, 0x01, 0x17, 0x48, 0x01, 0x3F, 0xBA, 0x01, 0x02, 0xAF, 0xB2, 0xFD, 0xEB, 0x01, 0x01, 0xB1, 0x02, 
0x16, 0x00, 0x00, 0x00, 0x00, 0x02, 0x00, 0x34, 0xFF, 0xEB, 0x02, 0x8D, 0x02, 0xBD, 0x00, 0x11, 0x00, 0x23, 0x00, 0x00, 
0x01, 0x32, 0x31, 0x32, 0x17, 0x16, 0x15, 0x14, 0x07, 0x06, 0x23, 0x22, 0x27, 0x26, 0x35, 0x34, 0x37, 0x36, 0x03, 0x14, 
0x17, 0x16, 0x33, 0x32, 0x37, 0x36, 0x35, 0x34, 0x27, 0x26, 0x23, 0x22, 0x23, 0x22, 0x07, 0x06, 0x01, 0x60, 0x01, 0x80, 
0x5E, 0x4E, 0x59, 0x5C, 0x78, 0x7D, 0x5F, 0x50, 0x5A, 0x5D, 0x56, 0x49, 0x3B, 0x48, 0x5D, 0x42, 0x2D, 0x55, 0x38, 0x3D, 
0x01, 0x02, 0x5B, 0x41, 0x2F, 0x02, 0xBD, 0x75, 0x6B, 0x8A, 0x93, 0x70, 0x65, 0x73, 0x6D, 0x89, 0x92, 0x71, 0x66, 0xFE, 
0x96, 0x76, 0x55, 0x3D, 0x62, 0x4C, 0x5B, 0x81, 0x57, 0x31, 0x61, 0x4C, 0x00, 0x01, 0x00, 0x4B, 0x00, 0x00, 0x00, 0xF8, 
0x02, 0xB0, 0x00, 0x11, 0x00, 0x00, 0x13, 0x14, 0x11, 0x30, 0x31, 0x22, 0x23, 0x30, 0x31, 0x34, 0x11, 0x22, 0x23, 0x22, 
0x31, 0x34, 0x35, 0x32, 0xF8, 0x18, 0x48, 0x13, 0x39, 0x01, 0x2B, 0x02, 0xB0, 0xAC, 0xFD, 0xFC, 0x94, 0x01, 0xBC, 0x18, 
0x48, 0x00, 0x00, 0x00, 0x00, 0x01, 0x00, 0x31, 0xFF, 0xF3, 0x01, 0xF3, 0x02, 0xC8, 0x00, 0x43, 0x00, 0x00, 0x01, 0x32, 
0x17, 0x16, 0x17, 0x16, 0x17, 0x16, 0x15, 0x14, 0x07, 0x06, 0x07, 0x06, 0x07, 0x14, 0x31, 0x32, 0x37, 0x32, 0x33, 0x16, 
0x31, 0x14, 0x15, 0x30, 0x23, 0x22, 0x21, 0x30, 0x23, 0x34, 0x35, 0x36, 0x37, 0x36, 0x37, 0x36, 0x37, 0x36, 0x35, 0x34, 
0x35, 0x34, 0x27, 0x26, 0x27, 0x26, 0x27, 0x26, 0x23, 0x22, 0x23, 0x22, 0x07, 0x06, 0x15, 0x22, 0x23, 0x30, 0x35, 0x34, 
0x37, 0x36, 0x37, 0x36, 0x37, 0x36, 0x01, 0x10, 0x4A, 0x36, 0x09, 0x13, 0x15, 0x0B, 0x20, 0x1C, 0x35, 0x6A, 0x1C, 0x55, 
0x19, 0x4E, 0x30, 0x9B, 0x01, 0x01, 0x75, 0xFE, 0xBD, 0x01, 0x27, 0x74, 0x19, 0x4B, 0x12, 0x37, 0x0A, 0x17, 0x05, 0x0B, 
0x0D, 0x0B, 0x18, 0x23, 0x01, 0x03, 0x59, 0x1A, 0x09, 0x20, 0x40, 0x0E, 0x09, 0x0C, 0x21, 0x3E, 0x29, 0x02, 0xC8, 0x27, 
0x06, 0x13, 0x17, 0x12, 0x3A, 0x3E, 0x3B, 0x2E, 0x3A, 0x74, 0x1F, 0x5D, 0x01, 0x01, 0x01, 0x18, 0x48, 0x17, 0x46, 0x2A, 
0x7F, 0x1C, 0x52, 0x14, 0x3D, 0x14, 0x19, 0x01, 0x02, 0x27, 0x24, 0x09, 0x0C, 0x0C, 0x05, 0x0E, 0x53, 0x1D, 0x12, 0x02, 
0x20, 0x2D, 0x1C, 0x13, 0x39, 0x1B, 0x11, 0x00, 0x00, 0x01, 0x00, 0x2D, 0xFF, 0xCE, 0x02, 0x00, 0x02, 0xC0, 0x00, 0x79, 
0x00, 0x00, 0x01, 0x32, 0x31, 0x32, 0x17, 0x16, 0x17, 0x16, 0x17, 0x16, 0x15, 0x14, 0x15, 0x14, 0x07, 0x06, 0x07, 0x06, 
0x07, 0x16, 0x17, 0x16, 0x17, 0x16, 0x15, 0x14, 0x15, 0x14, 0x07, 0x06, 0x07, 0x06, 0x07, 0x06, 0x07, 0x06, 0x07, 0x06, 
0x23, 0x22, 0x23, 0x22, 0x27, 0x26, 0x27, 0x26, 0x27, 0x26, 0x27, 0x26, 0x27, 0x26, 0x35, 0x34, 0x35, 0x36, 0x31, 0x32, 
0x33, 0x32, 0x15, 0x14, 0x17, 0x16, 0x17, 0x16, 0x17, 0x16, 0x33, 0x32, 0x37, 0x36, 0x35, 0x34, 0x27, 0x26, 0x23, 0x22, 
0x23, 0x30, 0x31, 0x34, 0x35, 0x30, 0x35, 0x32, 0x33, 0x16, 0x33, 0x32, 0x37, 0x36, 0x37, 0x36, 0x37, 0x36, 0x35, 0x34, 
0x27, 0x26, 0x23, 0x22, 0x07, 0x06, 0x07, 0x06, 0x15, 0x30, 0x31, 0x22, 0x23, 0x30, 0x23, 0x34, 0x35, 0x34, 0x37, 0x36, 
0x37, 0x36, 0x37, 0x36, 0x01, 0x1D, 0x01, 0x4A, 0x3C, 0x14, 0x0D, 0x0B, 0x08, 0x17, 0x19, 0x07, 0x0D, 0x08, 0x13, 0x09, 
0x13, 0x15, 0x08, 0x20, 0x24, 0x0A, 0x0E, 0x12, 0x0A, 0x12, 0x12, 0x0E, 0x18, 0x23, 0x1E, 0x04, 0x09, 0x24, 0x2D, 0x18, 
0x17, 0x0F, 0x11, 0x10, 0x09, 0x0E, 0x07, 0x15, 0x01, 0x18, 0x47, 0x01, 0x1F, 0x0C, 0x06, 0x11, 0x0C, 0x1D, 0x1E, 0x39, 
0x2B, 0x25, 0x1D, 0x2B, 0x44, 0x10, 0x21, 0x0E, 0x2A, 0x02, 0x07, 0x09, 0x13, 0x0C, 0x0B, 0x09, 0x0E, 0x20, 0x22, 0x22, 
0x2C, 0x30, 0x23, 0x0D, 0x06, 0x0B, 0x18, 0x48, 0x01, 0x30, 0x12, 0x08, 0x12, 0x13, 0x2E, 0x02, 0xC0, 0x2F, 0x11, 0x10, 
0x10, 0x0F, 0x2C, 0x2D, 0x02, 0x03, 0x2F, 0x2F, 0x0E, 0x0F, 0x0B, 0x11, 0x05, 0x13, 0x18, 0x0F, 0x35, 0x39, 0x02, 0x02, 
0x3E, 0x39, 0x0E, 0x0F, 0x13, 0x05, 0x0F, 0x08, 0x08, 0x08, 0x0A, 0x10, 0x0A, 0x0F, 0x09, 0x10, 0x10, 0x0D, 0x15, 0x0E, 
0x2D, 0x2C, 0x01, 0x02, 0x01, 0x01, 0x2B, 0x24, 0x0D, 0x04, 0x0C, 0x05, 0x0C, 0x27, 0x26, 0x30, 0x2B, 0x24, 0x30, 0x18, 
0x48, 0x01, 0x01, 0x05, 0x04, 0x05, 0x05, 0x0D, 0x20, 0x2A, 0x2B, 0x21, 0x1F, 0x24, 0x0D, 0x0D, 0x15, 0x1C, 0x01, 0x03, 
0x47, 0x3B, 0x13, 0x06, 0x0F, 0x09, 0x18, 0x00, 0x00, 0x02, 0x00, 0x0C, 0xFF, 0xF8, 0x02, 0x30, 0x02, 0xB4, 0x00, 0x0D, 
0x00, 0x33, 0x00, 0x00, 0x01, 0x06, 0x07, 0x06, 0x07, 0x06, 0x07, 0x32, 0x33, 0x32, 0x33, 0x34, 0x35, 0x30, 0x35, 0x32, 
0x33, 0x14, 0x31, 0x14, 0x11, 0x32, 0x33, 0x30, 0x31, 0x14, 0x15, 0x30, 0x31, 0x22, 0x23, 0x14, 0x15, 0x30, 0x23, 0x22, 
0x23, 0x30, 0x31, 0x34, 0x35, 0x22, 0x21, 0x30, 0x35, 0x36, 0x37, 0x36, 0x37, 0x36, 0x37, 0x36, 0x01, 0x6C, 0x16, 0x42, 
0x54, 0x03, 0x01, 0x06, 0x33, 0x66, 0x07, 0x16, 0x18, 0x48, 0x0F, 0x55, 0x0F, 0x54, 0x01, 0x18, 0x48, 0x58, 0xFE, 0xF8, 
0x1E, 0x5B, 0x1E, 0x59, 0x1A, 0x4D, 0x02, 0x01, 0xF5, 0x25, 0x6F, 0x8D, 0x06, 0x01, 0x0A, 0x4D, 0xE5, 0xBF, 0x01, 0x7C, 
0xFE, 0x8C, 0x18, 0x48, 0x1B, 0x50, 0x1B, 0x4F, 0x01, 0x33, 0x99, 0x32, 0x96, 0x2B, 0x82, 0x04, 0x00, 0x01, 0x00, 0x28, 
0xFF, 0xCE, 0x02, 0x34, 0x02, 0xB4, 0x00, 0x4F, 0x00, 0x00, 0x01, 0x16, 0x31, 0x14, 0x15, 0x14, 0x23, 0x22, 0x23, 0x06, 
0x07, 0x30, 0x31, 0x36, 0x33, 0x32, 0x33, 0x32, 0x17, 0x16, 0x17, 0x16, 0x17, 0x16, 0x17, 0x16, 0x17, 0x16, 0x15, 0x14, 
0x07, 0x06, 0x07, 0x06, 0x07, 0x06, 0x23, 0x22, 0x23, 0x22, 0x27, 0x26, 0x27, 0x26, 0x27, 0x26, 0x27, 0x26, 0x35, 0x36, 
0x37, 0x16, 0x17, 0x16, 0x33, 0x32, 0x37, 0x36, 0x37, 0x36, 0x35, 0x30, 0x35, 0x34, 0x27, 0x26, 0x27, 0x26, 0x23, 0x22, 
0x07, 0x06, 0x07, 0x36, 0x37, 0x36, 0x35, 0x36, 0x37, 0x32, 0x02, 0x0B, 0x01, 0x01, 0x35, 0xBD, 0x08, 0x19, 0x14, 0x12, 
0x03, 0x05, 0x3D, 0x3C, 0x15, 0x19, 0x08, 0x0C, 0x17, 0x05, 0x0E, 0x07, 0x22, 0x35, 0x08, 0x14, 0x14, 0x12, 0x48, 0x52, 
0x01, 0x02, 0x50, 0x46, 0x10, 0x14, 0x14, 0x06, 0x12, 0x08, 0x0A, 0x52, 0x06, 0x1D, 0x42, 0x21, 0x22, 0x42, 0x35, 0x0F, 
0x07, 0x24, 0x27, 0x0F, 0x07, 0x33, 0x42, 0x31, 0x2E, 0x1F, 0x3C, 0x0F, 0x2F, 0x24, 0x02, 0x04, 0x48, 0x02, 0xB4, 0x01, 
0x18, 0x47, 0x01, 0x1E, 0x5C, 0x03, 0x1D, 0x0B, 0x11, 0x07, 0x0C, 0x15, 0x08, 0x12, 0x0D, 0x3C, 0x44, 0x54, 0x48, 0x0B, 
0x13, 0x12, 0x0C, 0x2E, 0x2C, 0x0A, 0x11, 0x13, 0x08, 0x18, 0x0F, 0x11, 0x01, 0x27, 0x02, 0x3D, 0x1A, 0x0C, 0x2A, 0x0F, 
0x08, 0x2E, 0x36, 0x02, 0x38, 0x2F, 0x10, 0x06, 0x28, 0x1B, 0x10, 0x21, 0x3A, 0xAF, 0x87, 0x01, 0x07, 0x0D, 0x00, 0x00, 
0x00, 0x02, 0x00, 0x30, 0xFF, 0xCE, 0x02, 0x43, 0x02, 0xB3, 0x00, 0x1D, 0x00, 0x4F, 0x00, 0x00, 0x37, 0x14, 0x17, 0x16, 
0x33, 0x16, 0x33, 0x32, 0x33, 0x32, 0x37, 0x36, 0x37, 0x36, 0x35, 0x34, 0x27, 0x26, 0x27, 0x26, 0x27, 0x26, 0x23, 0x22, 
0x23, 0x22, 0x07, 0x06, 0x07, 0x06, 0x13, 0x16, 0x17, 0x06, 0x07, 0x36, 0x33, 0x32, 0x17, 0x16, 0x17, 0x16, 0x17, 0x16, 
0x17, 0x16, 0x15, 0x30, 0x15, 0x14, 0x07, 0x06, 0x07, 0x06, 0x07, 0x06, 0x07, 0x06, 0x07, 0x06, 0x23, 0x22, 0x23, 0x22, 
0x27, 0x26, 0x27, 0x26, 0x27, 0x26, 0x35, 0x34, 0x35, 0x34, 0x37, 0x36, 0x37, 0x36, 0x37, 0x36, 0x90, 0x33, 0x10, 0x01, 
0x2E, 0x36, 0x01, 0x02, 0x3E, 0x32, 0x0F, 0x06, 0x23, 0x1F, 0x06, 0x0F, 0x0E, 0x09, 0x2C, 0x30, 0x02, 0x02, 0x38, 0x30, 
0x08, 0x0D, 0x2B, 0x9C, 0x51, 0x02, 0x24, 0x49, 0x13, 0x14, 0x57, 0x49, 0x0D, 0x12, 0x13, 0x05, 0x0C, 0x0A, 0x1D, 0x2F, 
0x09, 0x13, 0x17, 0x0D, 0x13, 0x0C, 0x12, 0x0F, 0x2D, 0x28, 0x04, 0x07, 0x30, 0x33, 0x15, 0x16, 0x47, 0x1F, 0x10, 0x1D, 
0x08, 0x3E, 0x24, 0x46, 0x0C, 0xD0, 0x41, 0x33, 0x0C, 0x21, 0x2A, 0x0D, 0x08, 0x2D, 0x34, 0x31, 0x2C, 0x08, 0x0F, 0x0C, 
0x05, 0x1C, 0x23, 0x06, 0x0D, 0x2F, 0x01, 0xA8, 0x30, 0x03, 0x3B, 0x76, 0x02, 0x34, 0x09, 0x11, 0x14, 0x0A, 0x10, 0x10, 
0x38, 0x3D, 0x01, 0x4F, 0x44, 0x0C, 0x13, 0x16, 0x0A, 0x0B, 0x06, 0x09, 0x06, 0x0F, 0x15, 0x08, 0x0E, 0x2F, 0x4F, 0x2C, 
0x28, 0x03, 0x06, 0x38, 0x39, 0x0E, 0x65, 0x3A, 0x76, 0x12, 0x00, 0x00, 0x00, 0x01, 0x00, 0x1B, 0xFF, 0xE8, 0x01, 0xCE, 
0x02, 0xB4, 0x00, 0x1F, 0x00, 0x00, 0x13, 0x32, 0x21, 0x32, 0x31, 0x14, 0x15, 0x06, 0x07, 0x06, 0x07, 0x06, 0x07, 0x06, 
0x07, 0x30, 0x31, 0x26, 0x27, 0x36, 0x37, 0x36, 0x37, 0x36, 0x37, 0x22, 0x23, 0x30, 0x27, 0x34, 0x35, 0x32, 0x1D, 0x6C, 
0x01, 0x44, 0x01, 0x01, 0x19, 0x2C, 0x59, 0x21, 0x62, 0x0F, 0x2E, 0x15, 0x3F, 0x1B, 0x52, 0x19, 0x4C, 0x1B, 0x50, 0x4F, 
0xEC, 0x01, 0x01, 0x02, 0xB4, 0x15, 0x3E, 0x02, 0x2D, 0x50, 0xA0, 0x3B, 0xB0, 0x1C, 0x53, 0x0C, 0x24, 0x31, 0x93, 0x2E, 
0x8A, 0x30, 0x8F, 0x01, 0x18, 0x48, 0x00, 0x00, 0x00, 0x03, 0x00, 0x31, 0xFF, 0xD0, 0x02, 0x19, 0x02, 0xC3, 0x00, 0x13, 
0x00, 0x2D, 0x00, 0x6F, 0x00, 0x00, 0x13, 0x14, 0x17, 0x16, 0x33, 0x32, 0x37, 0x36, 0x35, 0x34, 0x27, 0x26, 0x27, 0x26, 
0x23, 0x22, 0x23, 0x22, 0x07, 0x06, 0x03, 0x14, 0x17, 0x16, 0x17, 0x16, 0x33, 0x32, 0x37, 0x36, 0x37, 0x36, 0x35, 0x34, 
0x35, 0x34, 0x27, 0x26, 0x27, 0x26, 0x23, 0x22, 0x07, 0x06, 0x07, 0x06, 0x13, 0x32, 0x17, 0x16, 0x17, 0x16, 0x17, 0x16, 
0x15, 0x14, 0x15, 0x14, 0x07, 0x06, 0x07, 0x06, 0x07, 0x16, 0x17, 0x16, 0x17, 0x16, 0x17, 0x16, 0x15, 0x14, 0x07, 0x06, 
0x07, 0x06, 0x07, 0x06, 0x23, 0x22, 0x23, 0x22, 0x27, 0x26, 0x27, 0x26, 0x27, 0x26, 0x27, 0x26, 0x35, 0x34, 0x35, 0x34, 
0x37, 0x36, 0x37, 0x36, 0x37, 0x36, 0x37, 0x26, 0x27, 0x26, 0x35, 0x34, 0x37, 0x36, 0x37, 0x36, 0x37, 0x36, 0xB9, 0x1F, 
0x21, 0x2C, 0x2C, 0x22, 0x1D, 0x1F, 0x11, 0x13, 0x14, 0x12, 0x01, 0x02, 0x29, 0x22, 0x20, 0x27, 0x2B, 0x11, 0x0B, 0x23, 
0x29, 0x3B, 0x2D, 0x12, 0x03, 0x16, 0x1B, 0x0E, 0x0C, 0x2B, 0x33, 0x38, 0x2C, 0x0C, 0x08, 0x1B, 0x93, 0x4A, 0x3B, 0x14, 
0x08, 0x1D, 0x0A, 0x04, 0x1D, 0x08, 0x0D, 0x03, 0x0A, 0x0D, 0x11, 0x15, 0x03, 0x0C, 0x0B, 0x1A, 0x36, 0x0E, 0x0D, 0x10, 
0x0C, 0x3E, 0x48, 0x01, 0x01, 0x4F, 0x42, 0x0F, 0x10, 0x10, 0x08, 0x0F, 0x07, 0x15, 0x1C, 0x0B, 0x13, 0x12, 0x07, 0x0C, 
0x08, 0x11, 0x07, 0x28, 0x33, 0x13, 0x06, 0x11, 0x0E, 0x2E, 0x01, 0xFE, 0x27, 0x1F, 0x1E, 0x1F, 0x1F, 0x27, 0x28, 0x1D, 
0x10, 0x08, 0x06, 0x1D, 0x1E, 0xFE, 0x8E, 0x35, 0x28, 0x0E, 0x06, 0x13, 0x27, 0x11, 0x07, 0x21, 0x22, 0x02, 0x03, 0x26, 
0x24, 0x11, 0x08, 0x1E, 0x23, 0x0A, 0x0A, 0x23, 0x01, 0xE4, 0x2F, 0x11, 0x0B, 0x24, 0x2C, 0x15, 0x12, 0x02, 0x03, 0x33, 
0x31, 0x0C, 0x0F, 0x03, 0x0A, 0x08, 0x10, 0x14, 0x05, 0x0F, 0x13, 0x31, 0x37, 0x4E, 0x42, 0x10, 0x0A, 0x0D, 0x07, 0x27, 
0x2F, 0x09, 0x10, 0x11, 0x0B, 0x14, 0x12, 0x2C, 0x2B, 0x03, 0x05, 0x33, 0x34, 0x13, 0x16, 0x13, 0x05, 0x0A, 0x05, 0x11, 
0x0A, 0x35, 0x3E, 0x48, 0x3A, 0x13, 0x04, 0x0D, 0x07, 0x18, 0x00, 0x00, 0x00, 0x02, 0x00, 0x2E, 0xFF, 0xDD, 0x02, 0x41, 
0x02, 0xC1, 0x00, 0x17, 0x00, 0x4F, 0x00, 0x00, 0x13, 0x14, 0x17, 0x16, 0x17, 0x16, 0x33, 0x32, 0x37, 0x36, 0x37, 0x36, 
0x35, 0x34, 0x27, 0x26, 0x27, 0x26, 0x23, 0x22, 0x07, 0x06, 0x07, 0x06, 0x37, 0x32, 0x17, 0x16, 0x17, 0x16, 0x17, 0x16, 
0x17, 0x16, 0x15, 0x30, 0x15, 0x14, 0x07, 0x06, 0x07, 0x06, 0x07, 0x30, 0x31, 0x26, 0x27, 0x30, 0x35, 0x30, 0x37, 0x36, 
0x37, 0x06, 0x23, 0x22, 0x23, 0x22, 0x27, 0x26, 0x27, 0x26, 0x27, 0x26, 0x27, 0x26, 0x27, 0x26, 0x35, 0x34, 0x35, 0x34, 
0x37, 0x36, 0x37, 0x36, 0x37, 0x36, 0x37, 0x36, 0x8F, 0x25, 0x0D, 0x0A, 0x31, 0x3C, 0x3E, 0x31, 0x0D, 0x09, 0x23, 0x27, 
0x11, 0x08, 0x2F, 0x39, 0x40, 0x33, 0x12, 0x03, 0x21, 0xA9, 0x54, 0x47, 0x0D, 0x13, 0x15, 0x07, 0x0D, 0x09, 0x1C, 0x2C, 
0x2B, 0x58, 0x4A, 0x03, 0x14, 0x3D, 0x20, 0x19, 0x33, 0x14, 0x10, 0x03, 0x05, 0x3D, 0x3C, 0x13, 0x15, 0x0C, 0x10, 0x15, 
0x0A, 0x0E, 0x09, 0x13, 0x20, 0x0A, 0x11, 0x0B, 0x11, 0x27, 0x2B, 0x2E, 0x01, 0xC0, 0x38, 0x2D, 0x0F, 0x08, 0x25, 0x28, 
0x0C, 0x0B, 0x2D, 0x35, 0x39, 0x2F, 0x10, 0x06, 0x23, 0x2B, 0x12, 0x04, 0x2C, 0xCD, 0x30, 0x09, 0x11, 0x17, 0x09, 0x12, 
0x12, 0x37, 0x3C, 0x02, 0x49, 0x43, 0x48, 0x8F, 0x7A, 0x04, 0x0D, 0x25, 0x01, 0x34, 0x29, 0x53, 0x02, 0x1E, 0x0A, 0x0F, 
0x0A, 0x10, 0x15, 0x11, 0x16, 0x14, 0x30, 0x2D, 0x02, 0x06, 0x3B, 0x3C, 0x12, 0x16, 0x0D, 0x0F, 0x21, 0x10, 0x11, 0x00, 
0x00, 0x02, 0x00, 0x5D, 0x00, 0x00, 0x00, 0xDC, 0x01, 0xDF, 0x00, 0x17, 0x00, 0x31, 0x00, 0x00, 0x13, 0x32, 0x33, 0x32, 
0x17, 0x16, 0x15, 0x14, 0x15, 0x14, 0x07, 0x06, 0x23, 0x22, 0x23, 0x22, 0x27, 0x26, 0x35, 0x34, 0x35, 0x34, 0x37, 0x36, 
0x13, 0x32, 0x17, 0x16, 0x15, 0x14, 0x15, 0x14, 0x07, 0x06, 0x07, 0x06, 0x23, 0x22, 0x23, 0x22, 0x27, 0x26, 0x27, 0x26, 
0x35, 0x34, 0x35, 0x34, 0x37, 0x36, 0x9B, 0x01, 0x03, 0x16, 0x14, 0x13, 0x15, 0x13, 0x15, 0x02, 0x02, 0x18, 0x14, 0x12, 
0x12, 0x14, 0x1A, 0x1E, 0x15, 0x0C, 0x14, 0x0F, 0x0D, 0x08, 0x04, 0x02, 0x05, 0x10, 0x11, 0x11, 0x07, 0x03, 0x13, 0x14, 
0x01, 0xDF, 0x13, 0x13, 0x17, 0x01, 0x02, 0x1A, 0x14, 0x10, 0x13, 0x14, 0x16, 0x02, 0x03, 0x15, 0x14, 0x13, 0xFE, 0x9F, 
0x1A, 0x11, 0x12, 0x01, 0x03, 0x18, 0x14, 0x0D, 0x03, 0x01, 0x0C, 0x0C, 0x14, 0x09, 0x08, 0x01, 0x03, 0x17, 0x14, 0x12, 
0x00, 0x02, 0x00, 0x3C, 0xFF, 0x75, 0x00, 0xD3, 0x01, 0xDF, 0x00, 0x15, 0x00, 0x29, 0x00, 0x00, 0x13, 0x32, 0x33, 0x32, 
0x17, 0x16, 0x15, 0x14, 0x15, 0x14, 0x07, 0x06, 0x23, 0x22, 0x23, 0x22, 0x27, 0x26, 0x35, 0x34, 0x37, 0x36, 0x13, 0x32, 
0x17, 0x16, 0x15, 0x14, 0x07, 0x06, 0x07, 0x26, 0x27, 0x36, 0x35, 0x26, 0x27, 0x26, 0x35, 0x34, 0x37, 0x36, 0x91, 0x01, 
0x03, 0x17, 0x14, 0x13, 0x15, 0x13, 0x16, 0x01, 0x03, 0x19, 0x14, 0x10, 0x12, 0x14, 0x1A, 0x1F, 0x14, 0x0C, 0x5D, 0x1A, 
0x07, 0x09, 0x10, 0x40, 0x17, 0x0A, 0x08, 0x1D, 0x10, 0x01, 0xDF, 0x13, 0x13, 0x17, 0x01, 0x02, 0x1A, 0x14, 0x10, 0x16, 
0x12, 0x17, 0x18, 0x14, 0x13, 0xFE, 0x9C, 0x1C, 0x12, 0x1D, 0x4E, 0x52, 0x18, 0x03, 0x0B, 0x16, 0x3B, 0x2F, 0x09, 0x16, 
0x0D, 0x10, 0x1F, 0x15, 0x0B, 0x00, 0x00, 0x00, 0x00, 0x01, 0x00, 0x3A, 0x00, 0x03, 0x01, 0x8C, 0x02, 0x01, 0x00, 0x19, 
0x00, 0x00, 0x01, 0x30, 0x31, 0x16, 0x17, 0x14, 0x07, 0x06, 0x07, 0x16, 0x17, 0x16, 0x17, 0x06, 0x07, 0x30, 0x31, 0x26, 
0x27, 0x26, 0x27, 0x34, 0x35, 0x36, 0x37, 0x36, 0x01, 0x51, 0x0F, 0x2C, 0x8C, 0x1D, 0x3B, 0x18, 0x49, 0x21, 0x62, 0x0E, 
0x2D, 0x2B, 0x7F, 0x6B, 0x02, 0x24, 0x6C, 0x22, 0x02, 0x01, 0x13, 0x39, 0x01, 0x6D, 0x17, 0x2E, 0x13, 0x3A, 0x19, 0x4D, 
0x13, 0x39, 0x21, 0x64, 0x52, 0x02, 0x19, 0x33, 0x1C, 0x54, 0x1A, 0x00, 0x00, 0x02, 0x00, 0x2F, 0x00, 0x64, 0x01, 0x74, 
0x01, 0x86, 0x00, 0x0B, 0x00, 0x17, 0x00, 0x00, 0x13, 0x32, 0x33, 0x30, 0x15, 0x14, 0x15, 0x30, 0x15, 0x22, 0x23, 0x34, 
0x15, 0x32, 0x33, 0x30, 0x15, 0x14, 0x15, 0x30, 0x15, 0x22, 0x23, 0x34, 0x2F, 0x51, 0xF4, 0x52, 0xF3, 0x51, 0xF4, 0x52, 
0xF3, 0x01, 0x86, 0x01, 0x17, 0x48, 0x01, 0x19, 0x79, 0x01, 0x17, 0x48, 0x01, 0x19, 0x00, 0x00, 0x00, 0x01, 0x00, 0x60, 
0x00, 0x03, 0x01, 0xB3, 0x02, 0x01, 0x00, 0x19, 0x00, 0x00, 0x01, 0x16, 0x17, 0x14, 0x15, 0x06, 0x07, 0x06, 0x07, 0x30, 
0x31, 0x26, 0x27, 0x36, 0x37, 0x36, 0x37, 0x26, 0x27, 0x26, 0x35, 0x36, 0x37, 0x30, 0x31, 0x16, 0x01, 0x23, 0x24, 0x6C, 
0x03, 0x6A, 0x39, 0x71, 0x0F, 0x2D, 0x21, 0x63, 0x18, 0x49, 0x16, 0x42, 0x8D, 0x14, 0x28, 0x22, 0x01, 0x98, 0x1C, 0x54, 
0x13, 0x39, 0x02, 0x52, 0x2D, 0x58, 0x13, 0x39, 0x1A, 0x4C, 0x14, 0x39, 0x11, 0x34, 0x6D, 0x01, 0x19, 0x33, 0x1A, 0x00, 
0x00, 0x02, 0x00, 0x43, 0x00, 0x00, 0x01, 0xFC, 0x02, 0xF4, 0x00, 0x15, 0x00, 0x5D, 0x00, 0x00, 0x25, 0x32, 0x17, 0x16, 
0x15, 0x14, 0x15, 0x14, 0x07, 0x06, 0x23, 0x22, 0x23, 0x22, 0x27, 0x26, 0x27, 0x26, 0x35, 0x34, 0x37, 0x36, 0x13, 0x32, 
0x33, 0x32, 0x17, 0x16, 0x17, 0x16, 0x17, 0x16, 0x17, 0x16, 0x15, 0x14, 0x07, 0x06, 0x07, 0x06, 0x07, 0x06, 0x07, 0x06, 
0x07, 0x06, 0x07, 0x06, 0x15, 0x14, 0x15, 0x30, 0x15, 0x22, 0x23, 0x34, 0x31, 0x26, 0x35, 0x34, 0x37, 0x36, 0x37, 0x36, 
0x37, 0x36, 0x37, 0x36, 0x35, 0x34, 0x27, 0x26, 0x23, 0x22, 0x07, 0x06, 0x15, 0x14, 0x15, 0x22, 0x23, 0x34, 0x35, 0x34, 
0x37, 0x36, 0x37, 0x36, 0x37, 0x36, 0x37, 0x36, 0x37, 0x36, 0x01, 0x1B, 0x1D, 0x14, 0x0D, 0x14, 0x13, 0x15, 0x02, 0x04, 
0x0F, 0x12, 0x12, 0x07, 0x01, 0x17, 0x11, 0x18, 0x02, 0x06, 0x2B, 0x2D, 0x14, 0x15, 0x0B, 0x0C, 0x14, 0x08, 0x24, 0x21, 
0x09, 0x0E, 0x10, 0x0D, 0x13, 0x28, 0x09, 0x0C, 0x07, 0x03, 0x02, 0x18, 0x48, 0x01, 0x40, 0x0F, 0x27, 0x16, 0x0E, 0x10, 
0x06, 0x02, 0x23, 0x26, 0x33, 0x32, 0x26, 0x25, 0x18, 0x48, 0x19, 0x08, 0x0F, 0x06, 0x10, 0x0F, 0x0A, 0x13, 0x14, 0x2B, 
0x7E, 0x17, 0x13, 0x14, 0x01, 0x02, 0x19, 0x14, 0x10, 0x0C, 0x0C, 0x17, 0x09, 0x07, 0x1D, 0x14, 0x0E, 0x02, 0x76, 0x14, 
0x09, 0x10, 0x08, 0x0D, 0x14, 0x0F, 0x39, 0x42, 0x3B, 0x39, 0x10, 0x10, 0x13, 0x0A, 0x0F, 0x1C, 0x07, 0x0B, 0x07, 0x06, 
0x06, 0x07, 0x26, 0x4D, 0x01, 0x01, 0x1C, 0x56, 0x44, 0x30, 0x0D, 0x1B, 0x10, 0x14, 0x18, 0x1D, 0x0C, 0x08, 0x32, 0x26, 
0x28, 0x25, 0x27, 0x34, 0x06, 0x0B, 0x05, 0x10, 0x31, 0x33, 0x11, 0x13, 0x09, 0x0F, 0x0D, 0x07, 0x0D, 0x0A, 0x11, 0x00, 
0x00, 0x02, 0x00, 0x50, 0xFF, 0x28, 0x04, 0x04, 0x02, 0xDC, 0x00, 0x19, 0x00, 0xC1, 0x00, 0x00, 0x25, 0x14, 0x15, 0x14, 
0x17, 0x16, 0x17, 0x16, 0x33, 0x30, 0x31, 0x32, 0x37, 0x36, 0x35, 0x34, 0x27, 0x26, 0x23, 0x22, 0x31, 0x22, 0x07, 0x06, 
0x07, 0x06, 0x13, 0x32, 0x33, 0x32, 0x17, 0x16, 0x17, 0x16, 0x17, 0x16, 0x15, 0x14, 0x07, 0x06, 0x07, 0x06, 0x07, 0x06, 
0x07, 0x06, 0x23, 0x22, 0x27, 0x26, 0x27, 0x26, 0x27, 0x34, 0x27, 0x06, 0x07, 0x06, 0x23, 0x22, 0x27, 0x26, 0x27, 0x26, 
0x27, 0x26, 0x35, 0x34, 0x37, 0x36, 0x37, 0x36, 0x33, 0x32, 0x17, 0x16, 0x17, 0x16, 0x17, 0x30, 0x33, 0x36, 0x37, 0x30, 
0x31, 0x16, 0x17, 0x30, 0x31, 0x06, 0x07, 0x06, 0x15, 0x14, 0x17, 0x16, 0x17, 0x16, 0x33, 0x30, 0x31, 0x32, 0x37, 0x36, 
0x37, 0x36, 0x37, 0x36, 0x37, 0x36, 0x35, 0x34, 0x35, 0x34, 0x27, 0x26, 0x27, 0x26, 0x27, 0x26, 0x23, 0x30, 0x23, 0x22, 
0x07, 0x06, 0x07, 0x06, 0x07, 0x06, 0x07, 0x06, 0x15, 0x14, 0x17, 0x16, 0x17, 0x16, 0x17, 0x16, 0x17, 0x16, 0x17, 0x16, 
0x33, 0x32, 0x33, 0x32, 0x37, 0x16, 0x17, 0x06, 0x07, 0x06, 0x07, 0x06, 0x23, 0x22, 0x23, 0x22, 0x27, 0x26, 0x27, 0x26, 
0x27, 0x26, 0x27, 0x26, 0x27, 0x26, 0x27, 0x26, 0x27, 0x26, 0x35, 0x34, 0x35, 0x34, 0x37, 0x36, 0x37, 0x36, 0x37, 0x36, 
0x37, 0x36, 0x37, 0x36, 0x37, 0x36, 0x37, 0x36, 0x37, 0x36, 0x01, 0xB8, 0x11, 0x04, 0x0D, 0x16, 0x1D, 0x25, 0x21, 0x22, 
0x19, 0x19, 0x23, 0x01, 0x22, 0x1E, 0x15, 0x0A, 0x08, 0x6C, 0x03, 0x09, 0x5C, 0x5B, 0x7D, 0x4C, 0x11, 0x0E, 0x35, 0x12, 
0x09, 0x0B, 0x0B, 0x13, 0x11, 0x0F, 0x37, 0x3C, 0x1D, 0x21, 0x33, 0x1D, 0x0A, 0x05, 0x01, 0x0F, 0x0C, 0x31, 0x36, 0x38, 
0x30, 0x14, 0x0D, 0x0C, 0x06, 0x1B, 0x29, 0x1C, 0x27, 0x2D, 0x30, 0x3A, 0x31, 0x11, 0x09, 0x07, 0x07, 0x01, 0x05, 0x07, 
0x17, 0x43, 0x11, 0x0A, 0x1E, 0x18, 0x0A, 0x16, 0x0C, 0x08, 0x20, 0x21, 0x10, 0x09, 0x09, 0x05, 0x06, 0x03, 0x05, 0x44, 
0x1F, 0x1F, 0x17, 0x15, 0x5A, 0x71, 0x01, 0x72, 0x62, 0x12, 0x17, 0x15, 0x0A, 0x18, 0x0A, 0x3B, 0x3C, 0x0B, 0x12, 0x09, 
0x17, 0x1E, 0x13, 0x2A, 0x30, 0x39, 0x3B, 0x01, 0x03, 0x69, 0x5F, 0x11, 0x23, 0x19, 0x19, 0x16, 0x24, 0x48, 0x44, 0x04, 
0x09, 0x48, 0x4F, 0x2D, 0x24, 0x1E, 0x1D, 0x0C, 0x20, 0x23, 0x10, 0x11, 0x0E, 0x0E, 0x0D, 0x17, 0x20, 0x0D, 0x11, 0x0E, 
0x19, 0x0C, 0x1B, 0x02, 0x05, 0x20, 0x11, 0x1C, 0x19, 0x1E, 0x26, 0x4E, 0xFC, 0x01, 0x02, 0x24, 0x1F, 0x08, 0x0D, 0x15, 
0x24, 0x2A, 0x38, 0x2C, 0x22, 0x20, 0x1F, 0x17, 0x1C, 0x1A, 0x01, 0xC8, 0x20, 0x2F, 0x64, 0x19, 0x18, 0x63, 0x74, 0x33, 
0x42, 0x1C, 0x15, 0x16, 0x18, 0x15, 0x0A, 0x2B, 0x0A, 0x11, 0x29, 0x0E, 0x0B, 0x01, 0x02, 0x0F, 0x08, 0x21, 0x24, 0x10, 
0x11, 0x10, 0x0C, 0x34, 0x3B, 0x49, 0x40, 0x29, 0x19, 0x1B, 0x26, 0x0F, 0x0C, 0x09, 0x0A, 0x0F, 0x11, 0x08, 0x1A, 0x2B, 
0x20, 0x57, 0x36, 0x2F, 0x11, 0x08, 0x05, 0x02, 0x1E, 0x12, 0x11, 0x13, 0x10, 0x11, 0x17, 0x19, 0x17, 0x01, 0x01, 0x77, 
0x5B, 0x25, 0x17, 0x11, 0x0B, 0x30, 0x41, 0x0D, 0x13, 0x15, 0x0B, 0x1D, 0x12, 0x5C, 0x6C, 0x6D, 0x5F, 0x11, 0x17, 0x0B, 
0x16, 0x1B, 0x0C, 0x1C, 0x10, 0x13, 0x3B, 0x1B, 0x36, 0x10, 0x0C, 0x0B, 0x0C, 0x18, 0x1C, 0x10, 0x15, 0x12, 0x18, 0x08, 
0x20, 0x25, 0x1A, 0x1A, 0x1B, 0x1C, 0x26, 0x4A, 0x44, 0x04, 0x06, 0x53, 0x55, 0x20, 0x1E, 0x19, 0x21, 0x0F, 0x1C, 0x02, 
0x05, 0x1D, 0x0B, 0x14, 0x0E, 0x10, 0x0E, 0x19, 0x00, 0x02, 0x00, 0x11, 0x00, 0x00, 0x02, 0xBF, 0x02, 0xDC, 0x00, 0x07, 
0x00, 0x21, 0x00, 0x00, 0x37, 0x32, 0x33, 0x26, 0x27, 0x22, 0x07, 0x06, 0x13, 0x32, 0x17, 0x16, 0x13, 0x22, 0x23, 0x22, 
0x23, 0x22, 0x27, 0x26, 0x27, 0x22, 0x21, 0x06, 0x07, 0x22, 0x23, 0x30, 0x31, 0x36, 0x13, 0x36, 0x37, 0x32, 0xE0, 0x43, 
0xC9, 0x21, 0x64, 0x02, 0x35, 0x1B, 0x80, 0x02, 0x29, 0x55, 0xAA, 0x01, 0x01, 0x1A, 0x4E, 0x02, 0x0C, 0x11, 0x22, 0x57, 
0xFE, 0xFB, 0x0F, 0x30, 0x1A, 0x4E, 0x40, 0xBE, 0x0B, 0x21, 0x16, 0xFF, 0x52, 0xF7, 0x87, 0x41, 0x01, 0x5C, 0x6C, 0xD0, 
0xFE, 0x60, 0x21, 0x2A, 0x52, 0x27, 0x76, 0x9D, 0x01, 0xD4, 0x1B, 0x50, 0x00, 0x03, 0x00, 0x56, 0x00, 0x00, 0x02, 0x40, 
0x02, 0xDC, 0x00, 0x11, 0x00, 0x21, 0x00, 0x41, 0x00, 0x00, 0x13, 0x14, 0x15, 0x32, 0x33, 0x32, 0x37, 0x36, 0x35, 0x34, 
0x35, 0x34, 0x27, 0x26, 0x23, 0x22, 0x23, 0x22, 0x11, 0x14, 0x15, 0x32, 0x33, 0x32, 0x37, 0x36, 0x35, 0x34, 0x35, 0x34, 
0x27, 0x26, 0x23, 0x22, 0x27, 0x32, 0x33, 0x32, 0x17, 0x16, 0x15, 0x14, 0x15, 0x14, 0x07, 0x30, 0x15, 0x16, 0x17, 0x16, 
0x15, 0x14, 0x15, 0x14, 0x07, 0x06, 0x23, 0x06, 0x23, 0x22, 0x23, 0x22, 0x27, 0x34, 0x11, 0x30, 0xB6, 0x2A, 0x7C, 0x57, 
0x22, 0x0B, 0x44, 0x20, 0x2F, 0x32, 0x63, 0x01, 0x23, 0x69, 0x58, 0x24, 0x09, 0x4D, 0x17, 0x29, 0x2C, 0xB7, 0x3C, 0xB5, 
0x75, 0x45, 0x25, 0x40, 0x0F, 0x19, 0x30, 0x5D, 0x2F, 0x0C, 0x1F, 0x3A, 0x52, 0xA5, 0x01, 0x01, 0x01, 0x4C, 0x3A, 0xB1, 
0x3F, 0x15, 0x20, 0x06, 0x0C, 0x41, 0x18, 0x0E, 0x01, 0x2E, 0x33, 0x9B, 0x3E, 0x13, 0x10, 0x08, 0x0E, 0x37, 0x19, 0x07, 
0x60, 0x4F, 0x2E, 0x3F, 0x04, 0x07, 0x54, 0x3A, 0x01, 0x07, 0x19, 0x35, 0x42, 0x0C, 0x18, 0x67, 0x40, 0x19, 0x0B, 0x01, 
0xB7, 0x02, 0x23, 0x00, 0x00, 0x01, 0x00, 0x30, 0x00, 0x00, 0x02, 0xB8, 0x02, 0xDC, 0x00, 0x2B, 0x00, 0x00, 0x01, 0x30, 
0x33, 0x32, 0x17, 0x16, 0x17, 0x06, 0x07, 0x26, 0x27, 0x26, 0x23, 0x22, 0x07, 0x06, 0x15, 0x14, 0x17, 0x16, 0x33, 0x32, 
0x33, 0x32, 0x37, 0x36, 0x37, 0x16, 0x17, 0x14, 0x15, 0x06, 0x07, 0x06, 0x23, 0x22, 0x27, 0x26, 0x35, 0x34, 0x35, 0x34, 
0x37, 0x36, 0x01, 0x8A, 0x01, 0x8D, 0x6B, 0x25, 0x10, 0x04, 0x51, 0x0E, 0x1A, 0x4E, 0x62, 0x63, 0x4D, 0x4B, 0x5F, 0x48, 
0x50, 0x03, 0x07, 0x58, 0x4C, 0x21, 0x0E, 0x1C, 0x38, 0x11, 0x1C, 0x6D, 0x93, 0x92, 0x6D, 0x5C, 0x5D, 0x6C, 0x02, 0xDC, 
0x6E, 0x2B, 0x1F, 0x04, 0x2B, 0x19, 0x20, 0x4E, 0x4F, 0x54, 0x6A, 0x7C, 0x58, 0x3A, 0x48, 0x24, 0x1B, 0x0F, 0x1D, 0x01, 
0x02, 0x1F, 0x23, 0x77, 0x75, 0x6F, 0x88, 0x01, 0x03, 0x8A, 0x6E, 0x74, 0x00, 0x02, 0x00, 0x56, 0x00, 0x00, 0x02, 0x84, 
0x02, 0xDC, 0x00, 0x17, 0x00, 0x2B, 0x00, 0x00, 0x13, 0x32, 0x33, 0x32, 0x17, 0x16, 0x17, 0x16, 0x15, 0x14, 0x15, 0x14, 
0x07, 0x06, 0x07, 0x06, 0x23, 0x22, 0x23, 0x22, 0x27, 0x34, 0x11, 0x30, 0x17, 0x14, 0x11, 0x32, 0x33, 0x32, 0x37, 0x36, 
0x35, 0x34, 0x27, 0x26, 0x27, 0x26, 0x27, 0x26, 0x23, 0x22, 0x23, 0x22, 0x58, 0x2F, 0x8F, 0x84, 0x6B, 0x2A, 0x0C, 0x49, 
0x6F, 0x3D, 0x3A, 0x43, 0x40, 0x41, 0x82, 0x01, 0x01, 0x61, 0x16, 0x42, 0x80, 0x54, 0x41, 0x43, 0x27, 0x16, 0x14, 0x2A, 
0x26, 0x3C, 0x19, 0x33, 0x01, 0x02, 0xDC, 0x59, 0x27, 0x12, 0x65, 0x75, 0x01, 0x04, 0x92, 0x72, 0x37, 0x16, 0x1A, 0x01, 
0xB7, 0x02, 0x22, 0x60, 0x86, 0xFE, 0x6C, 0x5F, 0x4E, 0x60, 0x63, 0x4E, 0x2A, 0x0A, 0x0E, 0x0F, 0x0C, 0x00, 0x00, 0x00, 
0x00, 0x01, 0x00, 0x56, 0x00, 0x00, 0x01, 0xE0, 0x02, 0xDC, 0x00, 0x23, 0x00, 0x00, 0x13, 0x32, 0x21, 0x30, 0x31, 0x14, 
0x15, 0x22, 0x23, 0x14, 0x15, 0x32, 0x33, 0x30, 0x17, 0x14, 0x15, 0x06, 0x31, 0x22, 0x23, 0x14, 0x15, 0x32, 0x33, 0x14, 
0x15, 0x30, 0x31, 0x22, 0x21, 0x22, 0x31, 0x34, 0x11, 0x30, 0x57, 0x62, 0x01, 0x27, 0x4A, 0xDF, 0x3A, 0xB1, 0x01, 0x01, 
0x3B, 0xB0, 0x4A, 0xDF, 0x63, 0xFE, 0xDA, 0x01, 0x02, 0xDC, 0x18, 0x48, 0x38, 0xA6, 0x01, 0x17, 0x47, 0x01, 0x37, 0xA7, 
0x18, 0x48, 0xB7, 0x02, 0x25, 0x00, 0x00, 0x00, 0x00, 0x01, 0x00, 0x56, 0x00, 0x00, 0x01, 0xE0, 0x02, 0xDC, 0x00, 0x1D, 
0x00, 0x00, 0x13, 0x32, 0x21, 0x30, 0x31, 0x14, 0x15, 0x30, 0x31, 0x22, 0x23, 0x14, 0x15, 0x32, 0x33, 0x14, 0x15, 0x22, 
0x23, 0x14, 0x15, 0x22, 0x31, 0x22, 0x23, 0x22, 0x31, 0x34, 0x11, 0x30, 0x57, 0x62, 0x01, 0x27, 0x4B, 0xDE, 0x3C, 0xB5, 
0x3C, 0xB5, 0x01, 0x18, 0x47, 0x01, 0x02, 0xDC, 0x18, 0x48, 0x38, 0xA6, 0x18, 0x48, 0x4F, 0xEF, 0xB7, 0x02, 0x25, 0x00, 
0x00, 0x01, 0x00, 0x2D, 0x00, 0x00, 0x02, 0xF0, 0x02, 0xDC, 0x00, 0x3F, 0x00, 0x00, 0x01, 0x32, 0x33, 0x32, 0x17, 0x16, 
0x17, 0x16, 0x17, 0x06, 0x07, 0x26, 0x27, 0x26, 0x27, 0x26, 0x23, 0x22, 0x07, 0x06, 0x15, 0x14, 0x17, 0x16, 0x33, 0x32, 
0x37, 0x36, 0x37, 0x22, 0x23, 0x30, 0x35, 0x34, 0x35, 0x34, 0x31, 0x30, 0x35, 0x32, 0x37, 0x32, 0x33, 0x14, 0x17, 0x06, 
0x07, 0x06, 0x07, 0x06, 0x07, 0x06, 0x23, 0x22, 0x27, 0x26, 0x35, 0x34, 0x35, 0x34, 0x37, 0x36, 0x37, 0x36, 0x01, 0x8C, 
0x01, 0x01, 0x8B, 0x6B, 0x26, 0x13, 0x02, 0x04, 0x48, 0x0E, 0x0D, 0x18, 0x20, 0x0F, 0x41, 0x4A, 0x73, 0x53, 0x3B, 0x5B, 
0x49, 0x5D, 0x6A, 0x50, 0x2F, 0x0D, 0x3D, 0x7B, 0x32, 0x96, 0x16, 0x44, 0x02, 0x04, 0x06, 0x11, 0x21, 0x40, 0x73, 0x3B, 
0x39, 0x81, 0x69, 0x76, 0x74, 0x1C, 0x07, 0x5C, 0x02, 0xDC, 0x69, 0x28, 0x24, 0x04, 0x07, 0x27, 0x05, 0x19, 0x1D, 0x21, 
0x08, 0x2D, 0x63, 0x4E, 0x5C, 0x77, 0x57, 0x40, 0x55, 0x37, 0x3E, 0x01, 0x17, 0x46, 0x01, 0x01, 0x01, 0x01, 0x01, 0x4D, 
0x18, 0x4D, 0x33, 0x65, 0x2C, 0x14, 0x5D, 0x73, 0x9D, 0x01, 0x02, 0x9B, 0x74, 0x18, 0x04, 0x41, 0x00, 0x01, 0x00, 0x56, 
0x00, 0x00, 0x02, 0x54, 0x02, 0xDC, 0x00, 0x27, 0x00, 0x00, 0x13, 0x32, 0x33, 0x30, 0x17, 0x14, 0x15, 0x32, 0x33, 0x34, 
0x35, 0x30, 0x37, 0x32, 0x33, 0x30, 0x17, 0x14, 0x11, 0x30, 0x07, 0x22, 0x23, 0x30, 0x27, 0x34, 0x35, 0x22, 0x23, 0x14, 
0x15, 0x30, 0x07, 0x22, 0x23, 0x22, 0x27, 0x34, 0x11, 0x30, 0x58, 0x17, 0x46, 0x01, 0x4F, 0xEE, 0x01, 0x18, 0x47, 0x01, 
0x01, 0x18, 0x46, 0x01, 0x4F, 0xEF, 0x01, 0x17, 0x46, 0x01, 0x01, 0x02, 0xDC, 0x01, 0x4F, 0xED, 0x4F, 0xED, 0x01, 0x01, 
0xB7, 0xFD, 0xDD, 0x01, 0x01, 0x4F, 0xED, 0x4F, 0xED, 0x01, 0x01, 0xB7, 0x02, 0x23, 0x00, 0x00, 0x00, 0x01, 0x00, 0x56, 
0x00, 0x00, 0x00, 0xB7, 0x02, 0xDC, 0x00, 0x0F, 0x00, 0x00, 0x13, 0x32, 0x33, 0x30, 0x33, 0x14, 0x11, 0x22, 0x31, 0x22, 
0x23, 0x22, 0x31, 0x34, 0x11, 0x30, 0x57, 0x17, 0x48, 0x01, 0x01, 0x18, 0x47, 0x01, 0x02, 0xDC, 0xB7, 0xFD, 0xDB, 0xB7, 
0x02, 0x25, 0x00, 0x00, 0x00, 0x01, 0x00, 0x04, 0x00, 0x00, 0x01, 0xE4, 0x02, 0xDC, 0x00, 0x37, 0x00, 0x00, 0x01, 0x32, 
0x33, 0x14, 0x11, 0x14, 0x07, 0x06, 0x07, 0x06, 0x07, 0x06, 0x07, 0x06, 0x23, 0x22, 0x23, 0x22, 0x27, 0x26, 0x27, 0x26, 
0x27, 0x26, 0x27, 0x26, 0x27, 0x26, 0x35, 0x34, 0x35, 0x30, 0x31, 0x32, 0x33, 0x30, 0x31, 0x14, 0x15, 0x14, 0x17, 0x16, 
0x17, 0x16, 0x33, 0x32, 0x33, 0x32, 0x37, 0x36, 0x37, 0x36, 0x35, 0x34, 0x11, 0x30, 0x01, 0x84, 0x18, 0x48, 0x1C, 0x09, 
0x0F, 0x14, 0x0D, 0x16, 0x13, 0x2E, 0x2B, 0x11, 0x22, 0x2F, 0x31, 0x12, 0x14, 0x09, 0x0D, 0x13, 0x08, 0x07, 0x09, 0x0F, 
0x18, 0x48, 0x21, 0x0F, 0x07, 0x20, 0x23, 0x0F, 0x1D, 0x26, 0x22, 0x0F, 0x08, 0x1A, 0x02, 0xDC, 0x81, 0xFE, 0x7F, 0x32, 
0x34, 0x11, 0x13, 0x17, 0x09, 0x11, 0x0A, 0x15, 0x19, 0x0A, 0x10, 0x08, 0x0D, 0x17, 0x0E, 0x0B, 0x16, 0x27, 0x24, 0x0D, 
0x1A, 0x09, 0x1A, 0x2D, 0x27, 0x0E, 0x04, 0x17, 0x1B, 0x0D, 0x0B, 0x23, 0x29, 0xA9, 0x01, 0x54, 0x00, 0x01, 0x00, 0x56, 
0x00, 0x00, 0x02, 0x80, 0x02, 0xDC, 0x00, 0x25, 0x00, 0x00, 0x13, 0x32, 0x33, 0x30, 0x17, 0x14, 0x11, 0x36, 0x01, 0x36, 
0x37, 0x32, 0x33, 0x30, 0x17, 0x06, 0x03, 0x16, 0x13, 0x30, 0x15, 0x22, 0x23, 0x26, 0x27, 0x06, 0x07, 0x14, 0x15, 0x30, 
0x07, 0x22, 0x23, 0x22, 0x27, 0x34, 0x11, 0x30, 0x58, 0x17, 0x46, 0x01, 0x09, 0x01, 0x3C, 0x01, 0x01, 0x20, 0x5E, 0x01, 
0x4C, 0xE4, 0x4D, 0xE7, 0x20, 0x60, 0x3D, 0xB7, 0x16, 0x40, 0x01, 0x17, 0x46, 0x01, 0x01, 0x02, 0xDC, 0x01, 0x5E, 0xFE, 
0xE6, 0x09, 0x01, 0x6E, 0x01, 0x01, 0x01, 0x58, 0xFE, 0xF9, 0x5F, 0xFE, 0xE4, 0x01, 0x4D, 0xE4, 0x19, 0x4A, 0x33, 0x9A, 
0x01, 0x01, 0xB7, 0x02, 0x23, 0x00, 0x00, 0x00, 0x00, 0x01, 0x00, 0x56, 0x00, 0x00, 0x01, 0xF4, 0x02, 0xDC, 0x00, 0x15, 
0x00, 0x00, 0x13, 0x32, 0x33, 0x30, 0x33, 0x14, 0x11, 0x32, 0x33, 0x30, 0x31, 0x14, 0x15, 0x30, 0x31, 0x22, 0x21, 0x22, 
0x31, 0x34, 0x11, 0x30, 0x57, 0x17, 0x48, 0x01, 0x4F, 0xEE, 0x67, 0xFE, 0xCA, 0x01, 0x02, 0xDC, 0x9F, 0xFE, 0x23, 0x18, 
0x48, 0xB7, 0x02, 0x25, 0x00, 0x01, 0x00, 0x56, 0x00, 0x00, 0x03, 0x56, 0x02, 0xDC, 0x00, 0x31, 0x00, 0x00, 0x13, 0x32, 
0x33, 0x16, 0x13, 0x16, 0x17, 0x32, 0x33, 0x36, 0x13, 0x32, 0x33, 0x32, 0x17, 0x14, 0x11, 0x30, 0x07, 0x22, 0x23, 0x30, 
0x27, 0x34, 0x11, 0x30, 0x23, 0x06, 0x03, 0x06, 0x07, 0x22, 0x23, 0x22, 0x27, 0x26, 0x03, 0x30, 0x23, 0x14, 0x11, 0x30, 
0x07, 0x22, 0x23, 0x22, 0x27, 0x34, 0x11, 0x30, 0x58, 0x1D, 0x57, 0x04, 0x7F, 0x2D, 0x59, 0x01, 0x01, 0x42, 0xC6, 0x1D, 
0x58, 0x01, 0x01, 0x02, 0x18, 0x4B, 0x01, 0x01, 0x3B, 0xB3, 0x01, 0x01, 0x14, 0x3E, 0x01, 0x0E, 0x4B, 0x96, 0x01, 0x01, 
0x19, 0x4A, 0x01, 0x01, 0x02, 0xDC, 0x03, 0xFE, 0xE2, 0x64, 0xC8, 0x93, 0x01, 0xBA, 0x01, 0xB7, 0xFD, 0xDD, 0x01, 0x01, 
0x86, 0x01, 0x90, 0x85, 0xFE, 0x71, 0x01, 0x02, 0x20, 0xA8, 0x01, 0x4F, 0x86, 0xFE, 0x70, 0x01, 0x01, 0xB7, 0x02, 0x23, 
0x00, 0x01, 0x00, 0x56, 0x00, 0x00, 0x02, 0xA0, 0x02, 0xDC, 0x00, 0x25, 0x00, 0x00, 0x13, 0x32, 0x33, 0x16, 0x01, 0x16, 
0x17, 0x30, 0x31, 0x34, 0x11, 0x30, 0x37, 0x32, 0x33, 0x30, 0x17, 0x14, 0x11, 0x30, 0x07, 0x22, 0x23, 0x26, 0x03, 0x26, 
0x27, 0x14, 0x11, 0x30, 0x07, 0x22, 0x23, 0x22, 0x27, 0x34, 0x11, 0x30, 0x58, 0x1A, 0x4E, 0x57, 0x01, 0x08, 0x08, 0x18, 
0x01, 0x18, 0x47, 0x01, 0x01, 0x1A, 0x4E, 0x1B, 0xAD, 0x3E, 0x7B, 0x01, 0x17, 0x46, 0x01, 0x01, 0x02, 0xDC, 0x83, 0xFE, 
0x78, 0x0C, 0x25, 0x8F, 0x01, 0xAC, 0x01, 0x01, 0xB7, 0xFD, 0xDD, 0x01, 0x26, 0x01, 0x04, 0x5B, 0xB7, 0x8F, 0xFE, 0x54, 
0x01, 0x01, 0xB7, 0x02, 0x23, 0x00, 0x00, 0x00, 0x00, 0x02, 0x00, 0x31, 0x00, 0x00, 0x02, 0xF1, 0x02, 0xDC, 0x00, 0x17, 
0x00, 0x29, 0x00, 0x00, 0x01, 0x32, 0x33, 0x32, 0x17, 0x16, 0x15, 0x14, 0x07, 0x06, 0x23, 0x22, 0x27, 0x26, 0x27, 0x26, 
0x35, 0x34, 0x35, 0x34, 0x37, 0x36, 0x37, 0x36, 0x03, 0x14, 0x17, 0x16, 0x33, 0x32, 0x37, 0x36, 0x35, 0x34, 0x35, 0x34, 
0x27, 0x26, 0x23, 0x22, 0x07, 0x06, 0x01, 0x90, 0x01, 0x01, 0x91, 0x6D, 0x61, 0x72, 0x6B, 0x82, 0x83, 0x69, 0x2E, 0x0E, 
0x39, 0x74, 0x0C, 0x16, 0x5D, 0x93, 0x5B, 0x49, 0x5D, 0x78, 0x52, 0x34, 0x47, 0x50, 0x67, 0x73, 0x53, 0x3B, 0x02, 0xDC, 
0x71, 0x6F, 0x8E, 0x9B, 0x73, 0x60, 0x5D, 0x30, 0x1B, 0x5B, 0x6A, 0x01, 0x02, 0x9B, 0x74, 0x09, 0x12, 0x42, 0xFE, 0x93, 
0x77, 0x57, 0x40, 0x6A, 0x4C, 0x53, 0x02, 0x04, 0x67, 0x52, 0x53, 0x63, 0x4E, 0x00, 0x00, 0x00, 0x00, 0x02, 0x00, 0x56, 
0x00, 0x00, 0x02, 0x47, 0x02, 0xDC, 0x00, 0x17, 0x00, 0x29, 0x00, 0x00, 0x13, 0x32, 0x33, 0x32, 0x17, 0x16, 0x15, 0x14, 
0x07, 0x06, 0x23, 0x22, 0x23, 0x14, 0x15, 0x30, 0x07, 0x22, 0x23, 0x22, 0x27, 0x34, 0x11, 0x30, 0x17, 0x14, 0x15, 0x32, 
0x33, 0x32, 0x37, 0x36, 0x35, 0x34, 0x35, 0x34, 0x27, 0x26, 0x23, 0x22, 0x23, 0x22, 0x58, 0x3C, 0xB4, 0x74, 0x51, 0x3A, 
0x5C, 0x49, 0x5B, 0x30, 0x61, 0x01, 0x17, 0x46, 0x01, 0x01, 0x60, 0x26, 0x71, 0x48, 0x34, 0x1D, 0x3F, 0x27, 0x45, 0x2C, 
0x57, 0x01, 0x02, 0xDC, 0x57, 0x46, 0x54, 0x6D, 0x4E, 0x36, 0x3E, 0xBB, 0x01, 0x01, 0xB7, 0x02, 0x23, 0x60, 0x48, 0xD8, 
0x3C, 0x28, 0x29, 0x02, 0x05, 0x41, 0x2F, 0x1D, 0x00, 0x02, 0x00, 0x31, 0x00, 0x00, 0x02, 0xE6, 0x02, 0xDC, 0x00, 0x19, 
0x00, 0x39, 0x00, 0x00, 0x13, 0x14, 0x17, 0x16, 0x33, 0x32, 0x37, 0x30, 0x31, 0x26, 0x27, 0x36, 0x37, 0x16, 0x17, 0x36, 
0x35, 0x34, 0x35, 0x34, 0x27, 0x26, 0x23, 0x22, 0x07, 0x06, 0x13, 0x30, 0x33, 0x32, 0x17, 0x16, 0x15, 0x14, 0x07, 0x16, 
0x17, 0x30, 0x15, 0x06, 0x07, 0x26, 0x27, 0x06, 0x23, 0x22, 0x27, 0x26, 0x27, 0x26, 0x35, 0x34, 0x35, 0x34, 0x37, 0x36, 
0x37, 0x36, 0x90, 0x58, 0x48, 0x5A, 0x43, 0x3D, 0x0E, 0x2B, 0x10, 0x32, 0x0F, 0x2E, 0x33, 0x46, 0x4E, 0x65, 0x71, 0x51, 
0x38, 0xF9, 0x01, 0x8E, 0x6B, 0x5F, 0x4E, 0x1B, 0x37, 0x10, 0x32, 0x15, 0x3F, 0x5C, 0x6A, 0x80, 0x66, 0x2E, 0x0E, 0x37, 
0x72, 0x0B, 0x16, 0x5B, 0x01, 0x77, 0x74, 0x56, 0x3E, 0x25, 0x0E, 0x2A, 0x11, 0x33, 0x0E, 0x2C, 0x49, 0x53, 0x02, 0x04, 
0x65, 0x50, 0x51, 0x60, 0x4E, 0x01, 0x0C, 0x6F, 0x6D, 0x8A, 0x7D, 0x65, 0x1B, 0x35, 0x01, 0x11, 0x32, 0x14, 0x3D, 0x41, 
0x5C, 0x2F, 0x19, 0x59, 0x68, 0x01, 0x02, 0x97, 0x71, 0x09, 0x13, 0x40, 0x00, 0x02, 0x00, 0x56, 0x00, 0x00, 0x02, 0x47, 
0x02, 0xDC, 0x00, 0x23, 0x00, 0x35, 0x00, 0x00, 0x13, 0x32, 0x33, 0x32, 0x17, 0x16, 0x15, 0x14, 0x07, 0x06, 0x07, 0x14, 
0x17, 0x16, 0x17, 0x30, 0x15, 0x22, 0x23, 0x22, 0x27, 0x26, 0x27, 0x22, 0x23, 0x14, 0x15, 0x30, 0x07, 0x22, 0x23, 0x22, 
0x27, 0x34, 0x11, 0x30, 0x17, 0x14, 0x15, 0x32, 0x33, 0x32, 0x37, 0x36, 0x35, 0x34, 0x35, 0x34, 0x27, 0x26, 0x23, 0x22, 
0x23, 0x22, 0x58, 0x3C, 0xB4, 0x74, 0x51, 0x3A, 0x53, 0x2C, 0x21, 0x61, 0x13, 0x25, 0x1D, 0x55, 0x02, 0x19, 0x6B, 0x07, 
0x2E, 0x5D, 0x01, 0x17, 0x46, 0x01, 0x01, 0x60, 0x26, 0x71, 0x48, 0x34, 0x1D, 0x3F, 0x27, 0x45, 0x2C, 0x57, 0x01, 0x02, 
0xDC, 0x57, 0x46, 0x54, 0x67, 0x4B, 0x24, 0x0A, 0x03, 0xA7, 0x20, 0x40, 0x01, 0x30, 0xBB, 0x0F, 0x3E, 0xBB, 0x01, 0x01, 
0xB7, 0x02, 0x23, 0x60, 0x48, 0xD8, 0x3C, 0x28, 0x29, 0x02, 0x05, 0x41, 0x2F, 0x1D, 0x00, 0x00, 0x00, 0x01, 0x00, 0x24, 
0xFF, 0xF6, 0x02, 0x0F, 0x02, 0xE4, 0x00, 0x67, 0x00, 0x00, 0x01, 0x32, 0x33, 0x32, 0x17, 0x16, 0x17, 0x16, 0x17, 0x16, 
0x17, 0x16, 0x17, 0x06, 0x07, 0x26, 0x27, 0x26, 0x23, 0x22, 0x07, 0x06, 0x07, 0x06, 0x15, 0x14, 0x15, 0x14, 0x17, 0x16, 
0x17, 0x16, 0x17, 0x16, 0x17, 0x16, 0x17, 0x16, 0x17, 0x16, 0x17, 0x16, 0x15, 0x30, 0x15, 0x14, 0x07, 0x06, 0x07, 0x06, 
0x07, 0x06, 0x07, 0x06, 0x23, 0x22, 0x27, 0x26, 0x27, 0x26, 0x27, 0x26, 0x27, 0x26, 0x35, 0x36, 0x37, 0x16, 0x17, 0x16, 
0x17, 0x16, 0x17, 0x16, 0x33, 0x32, 0x33, 0x32, 0x37, 0x36, 0x37, 0x36, 0x37, 0x36, 0x35, 0x34, 0x27, 0x26, 0x27, 0x26, 
0x27, 0x26, 0x27, 0x26, 0x35, 0x34, 0x37, 0x36, 0x37, 0x36, 0x37, 0x36, 0x37, 0x36, 0x01, 0x1C, 0x03, 0x06, 0x39, 0x37, 
0x12, 0x11, 0x08, 0x13, 0x13, 0x09, 0x07, 0x06, 0x1D, 0x3A, 0x04, 0x0F, 0x2E, 0x44, 0x43, 0x29, 0x10, 0x04, 0x0C, 0x19, 
0x0C, 0x0B, 0x19, 0x33, 0x27, 0x35, 0x1E, 0x14, 0x13, 0x16, 0x12, 0x0E, 0x28, 0x27, 0x07, 0x11, 0x17, 0x0E, 0x10, 0x13, 
0x35, 0x38, 0x57, 0x48, 0x0C, 0x0F, 0x14, 0x08, 0x0F, 0x09, 0x09, 0x1D, 0x3A, 0x08, 0x0E, 0x07, 0x0D, 0x13, 0x0C, 0x29, 
0x2C, 0x02, 0x02, 0x2C, 0x29, 0x0B, 0x0C, 0x0E, 0x06, 0x11, 0x2B, 0x0C, 0x0B, 0x11, 0x25, 0x69, 0x30, 0x6A, 0x2E, 0x0F, 
0x11, 0x15, 0x0F, 0x12, 0x18, 0x26, 0x02, 0xE4, 0x1B, 0x09, 0x0D, 0x06, 0x11, 0x15, 0x0D, 0x0B, 0x0B, 0x0E, 0x1D, 0x09, 
0x11, 0x31, 0x28, 0x10, 0x0B, 0x16, 0x19, 0x01, 0x02, 0x23, 0x13, 0x09, 0x05, 0x0F, 0x0E, 0x0B, 0x0B, 0x09, 0x0A, 0x09, 
0x10, 0x10, 0x11, 0x36, 0x41, 0x02, 0x40, 0x3A, 0x0A, 0x12, 0x15, 0x09, 0x0A, 0x08, 0x16, 0x33, 0x0A, 0x0D, 0x14, 0x0B, 
0x15, 0x10, 0x11, 0x03, 0x0E, 0x1B, 0x12, 0x13, 0x09, 0x0E, 0x11, 0x07, 0x16, 0x16, 0x07, 0x0A, 0x0E, 0x0B, 0x1D, 0x20, 
0x33, 0x1E, 0x08, 0x04, 0x08, 0x07, 0x18, 0x19, 0x35, 0x6A, 0x48, 0x39, 0x13, 0x0D, 0x0F, 0x08, 0x09, 0x08, 0x0B, 0x00, 
0x00, 0x01, 0x00, 0x08, 0x00, 0x00, 0x01, 0xED, 0x02, 0xDC, 0x00, 0x1B, 0x00, 0x00, 0x13, 0x32, 0x21, 0x30, 0x31, 0x14, 
0x15, 0x30, 0x31, 0x22, 0x23, 0x14, 0x11, 0x30, 0x31, 0x22, 0x23, 0x22, 0x31, 0x34, 0x11, 0x22, 0x23, 0x30, 0x31, 0x34, 
0x35, 0x30, 0x08, 0x79, 0x01, 0x6C, 0x31, 0x91, 0x18, 0x48, 0x01, 0x31, 0x91, 0x02, 0xDC, 0x18, 0x48, 0x9F, 0xFE, 0x23, 
0x9F, 0x01, 0xDD, 0x18, 0x48, 0x00, 0x00, 0x00, 0x00, 0x01, 0x00, 0x55, 0x00, 0x00, 0x02, 0x92, 0x02, 0xDC, 0x00, 0x2D, 
0x00, 0x00, 0x13, 0x32, 0x33, 0x30, 0x17, 0x14, 0x11, 0x14, 0x17, 0x16, 0x17, 0x16, 0x33, 0x32, 0x33, 0x32, 0x37, 0x36, 
0x35, 0x34, 0x11, 0x30, 0x37, 0x32, 0x33, 0x32, 0x17, 0x14, 0x11, 0x14, 0x07, 0x06, 0x07, 0x06, 0x23, 0x22, 0x23, 0x22, 
0x27, 0x26, 0x27, 0x26, 0x35, 0x34, 0x11, 0x30, 0x57, 0x17, 0x46, 0x01, 0x1B, 0x19, 0x3B, 0x17, 0x15, 0x17, 0x30, 0x55, 
0x30, 0x15, 0x02, 0x17, 0x46, 0x01, 0x01, 0x0F, 0x1F, 0x45, 0x3D, 0x56, 0x10, 0x20, 0x73, 0x45, 0x1F, 0x10, 0x20, 0x02, 
0xDC, 0x01, 0x70, 0xFE, 0xB2, 0x51, 0x26, 0x2B, 0x14, 0x06, 0x4E, 0x29, 0x38, 0x99, 0x01, 0x32, 0x01, 0x01, 0x6D, 0xFE, 
0xBA, 0x57, 0x26, 0x57, 0x2D, 0x27, 0x44, 0x1F, 0x1E, 0x40, 0x49, 0x9B, 0x01, 0x36, 0x00, 0x00, 0x00, 0x01, 0x00, 0x11, 
0x00, 0x00, 0x02, 0xC5, 0x02, 0xDC, 0x00, 0x1F, 0x00, 0x00, 0x13, 0x32, 0x33, 0x16, 0x17, 0x16, 0x13, 0x30, 0x33, 0x36, 
0x13, 0x36, 0x33, 0x32, 0x33, 0x32, 0x31, 0x30, 0x31, 0x06, 0x03, 0x06, 0x23, 0x22, 0x23, 0x22, 0x27, 0x02, 0x27, 0x26, 
0x27, 0x30, 0x11, 0x1B, 0x51, 0x02, 0x2C, 0x40, 0x80, 0x01, 0x3A, 0xAF, 0x03, 0x01, 0x24, 0x47, 0x01, 0x4A, 0xDE, 0x04, 
0x02, 0x1D, 0x3A, 0x03, 0x07, 0xD0, 0x0B, 0x06, 0x44, 0x02, 0xDC, 0x01, 0x6F, 0x9D, 0xFE, 0xC5, 0x90, 0x01, 0xB0, 0x08, 
0xB4, 0xFD, 0xE7, 0x0F, 0x15, 0x01, 0xF6, 0x1F, 0x0A, 0xA8, 0x00, 0x00, 0x00, 0x01, 0x00, 0x1F, 0x00, 0x00, 0x03, 0xE9, 
0x02, 0xDC, 0x00, 0x35, 0x00, 0x00, 0x13, 0x32, 0x17, 0x16, 0x13, 0x16, 0x17, 0x32, 0x31, 0x36, 0x13, 0x36, 0x37, 0x32, 
0x33, 0x32, 0x17, 0x16, 0x13, 0x30, 0x31, 0x36, 0x13, 0x30, 0x33, 0x32, 0x33, 0x32, 0x31, 0x30, 0x31, 0x06, 0x03, 0x06, 
0x23, 0x22, 0x23, 0x26, 0x27, 0x26, 0x03, 0x06, 0x07, 0x06, 0x03, 0x22, 0x23, 0x22, 0x27, 0x26, 0x03, 0x30, 0x31, 0x32, 
0x87, 0x02, 0x07, 0x09, 0x7A, 0x05, 0x08, 0x01, 0x2D, 0x87, 0x0C, 0x03, 0x15, 0x2C, 0x02, 0x0A, 0x3D, 0x7A, 0x26, 0x72, 
0x01, 0x1A, 0x4D, 0x01, 0x32, 0x98, 0x06, 0x01, 0x1C, 0x38, 0x03, 0x39, 0x0E, 0x75, 0x04, 0x0E, 0x3A, 0x74, 0x15, 0x3F, 
0x01, 0x0C, 0x42, 0x83, 0x1A, 0x02, 0xDC, 0x20, 0x1B, 0xFE, 0x47, 0x0F, 0x20, 0x80, 0x01, 0x7D, 0x24, 0x02, 0x21, 0xAB, 
0xFE, 0xA9, 0x89, 0x01, 0x9A, 0xB2, 0xFD, 0xED, 0x17, 0x03, 0xA4, 0x25, 0x01, 0x4D, 0x05, 0x2B, 0xA3, 0xFE, 0xBA, 0x2C, 
0xE5, 0x01, 0xCB, 0x00, 0x00, 0x01, 0x00, 0x18, 0x00, 0x00, 0x02, 0xC6, 0x02, 0xDC, 0x00, 0x27, 0x00, 0x00, 0x13, 0x16, 
0x17, 0x36, 0x13, 0x30, 0x33, 0x32, 0x33, 0x30, 0x15, 0x06, 0x03, 0x16, 0x13, 0x30, 0x15, 0x22, 0x23, 0x26, 0x27, 0x26, 
0x27, 0x30, 0x31, 0x06, 0x07, 0x22, 0x23, 0x30, 0x27, 0x36, 0x13, 0x36, 0x37, 0x26, 0x03, 0x30, 0x31, 0x32, 0xA4, 0x33, 
0x98, 0x13, 0xB7, 0x01, 0x1F, 0x5C, 0x40, 0xC1, 0x44, 0xCE, 0x1F, 0x5B, 0x05, 0x9E, 0x38, 0x01, 0x38, 0xA5, 0x1E, 0x5C, 
0x01, 0x42, 0xC8, 0x02, 0x07, 0x40, 0xC2, 0x1F, 0x02, 0xDC, 0x47, 0xD4, 0x19, 0x01, 0x02, 0x01, 0x59, 0xFE, 0xF8, 0x5E, 
0xFE, 0xE5, 0x01, 0x05, 0xDE, 0x4D, 0x03, 0x4D, 0xE6, 0x01, 0x5B, 0x01, 0x11, 0x03, 0x09, 0x59, 0x01, 0x0A, 0x00, 0x00, 
0x00, 0x01, 0x00, 0x0F, 0x00, 0x00, 0x02, 0x9B, 0x02, 0xDC, 0x00, 0x1D, 0x00, 0x00, 0x13, 0x32, 0x33, 0x16, 0x17, 0x16, 
0x17, 0x12, 0x37, 0x32, 0x33, 0x30, 0x31, 0x06, 0x03, 0x14, 0x11, 0x30, 0x07, 0x22, 0x23, 0x22, 0x27, 0x34, 0x11, 0x34, 
0x27, 0x26, 0x27, 0x30, 0x0F, 0x1F, 0x5B, 0x06, 0x60, 0x22, 0x44, 0xC1, 0x0A, 0x29, 0x52, 0x45, 0xCE, 0x01, 0x19, 0x4A, 
0x01, 0x01, 0x21, 0x50, 0xA2, 0x02, 0xDC, 0x05, 0x87, 0x30, 0x5F, 0x01, 0x0F, 0x0C, 0x5F, 0xFE, 0xE4, 0x58, 0xFE, 0xF8, 
0x01, 0x01, 0x58, 0x01, 0x07, 0x03, 0x2C, 0x6F, 0xDE, 0x00, 0x00, 0x00, 0x00, 0x01, 0x00, 0x1D, 0x00, 0x00, 0x02, 0x6D, 
0x02, 0xDC, 0x00, 0x1B, 0x00, 0x00, 0x13, 0x32, 0x21, 0x30, 0x15, 0x06, 0x01, 0x32, 0x21, 0x30, 0x17, 0x14, 0x15, 0x30, 
0x07, 0x22, 0x21, 0x30, 0x35, 0x36, 0x01, 0x22, 0x21, 0x30, 0x35, 0x34, 0x35, 0x30, 0x50, 0x88, 0x01, 0x95, 0x67, 0xFE, 
0xCA, 0x66, 0x01, 0x35, 0x01, 0x01, 0x93, 0xFE, 0x45, 0x68, 0x01, 0x37, 0x5B, 0xFE, 0xEF, 0x02, 0xDC, 0x01, 0x9F, 0xFE, 
0x25, 0x01, 0x18, 0x47, 0x01, 0x01, 0x9F, 0x01, 0xDC, 0x01, 0x17, 0x47, 0x00, 0x01, 0x00, 0x5F, 0xFF, 0xAB, 0x01, 0x30, 
0x02, 0xF5, 0x00, 0x1B, 0x00, 0x00, 0x13, 0x32, 0x33, 0x30, 0x33, 0x14, 0x15, 0x22, 0x31, 0x22, 0x23, 0x14, 0x11, 0x32, 
0x33, 0x30, 0x33, 0x14, 0x15, 0x22, 0x31, 0x22, 0x23, 0x22, 0x31, 0x34, 0x11, 0x30, 0x60, 0x33, 0x9C, 0x01, 0x01, 0x1C, 
0x53, 0x1B, 0x54, 0x01, 0x01, 0x34, 0x9B, 0x01, 0x02, 0xF5, 0x18, 0x48, 0xA3, 0xFE, 0x19, 0x18, 0x48, 0xD3, 0x02, 0x77, 
0x00, 0x01, 0x00, 0x00, 0xFF, 0xE7, 0x01, 0x5A, 0x02, 0xAF, 0x00, 0x0F, 0x00, 0x00, 0x13, 0x16, 0x13, 0x14, 0x23, 0x22, 
0x23, 0x30, 0x27, 0x26, 0x03, 0x32, 0x31, 0x32, 0x33, 0x32, 0x61, 0x3E, 0xBB, 0x01, 0x17, 0x48, 0x01, 0x3E, 0xBB, 0x01, 
0x18, 0x47, 0x01, 0x02, 0xAF, 0xB2, 0xFD, 0xEB, 0x01, 0x01, 0xB1, 0x02, 0x16, 0x00, 0x00, 0x00, 0x00, 0x01, 0x00, 0x6E, 
0xFF, 0xAB, 0x01, 0x3F, 0x02, 0xF5, 0x00, 0x1B, 0x00, 0x00, 0x01, 0x14, 0x11, 0x22, 0x31, 0x22, 0x23, 0x22, 0x31, 0x34, 
0x35, 0x30, 0x33, 0x32, 0x33, 0x34, 0x11, 0x22, 0x23, 0x22, 0x31, 0x34, 0x35, 0x30, 0x33, 0x32, 0x33, 0x30, 0x01, 0x3F, 
0x01, 0x34, 0x9B, 0x01, 0x01, 0x1B, 0x54, 0x1C, 0x53, 0x01, 0x01, 0x33, 0x9C, 0x02, 0xF5, 0xD3, 0xFD, 0x89, 0x18, 0x48, 
0xA3, 0x01, 0xE7, 0x18, 0x48, 0x00, 0x00, 0x00, 0x00, 0x01, 0x00, 0x22, 0x01, 0x70, 0x01, 0xD6, 0x02, 0xBC, 0x00, 0x19, 
0x00, 0x00, 0x13, 0x32, 0x33, 0x16, 0x17, 0x16, 0x17, 0x16, 0x17, 0x06, 0x07, 0x30, 0x23, 0x26, 0x27, 0x26, 0x27, 0x06, 
0x07, 0x06, 0x07, 0x26, 0x27, 0x36, 0x37, 0x36, 0xD7, 0x12, 0x38, 0x02, 0x15, 0x0C, 0x52, 0x15, 0x2B, 0x14, 0x3D, 0x01, 
0x16, 0x42, 0x0C, 0x24, 0x21, 0x62, 0x01, 0x05, 0x4F, 0x02, 0x2C, 0x57, 0x30, 0x02, 0xBC, 0x02, 0x21, 0x13, 0x7E, 0x21, 
0x42, 0x0D, 0x28, 0x23, 0x66, 0x13, 0x38, 0x33, 0x97, 0x02, 0x08, 0x33, 0x02, 0x43, 0x88, 0x4A, 0x00, 0x01, 0x00, 0x23, 
0xFF, 0xA3, 0x01, 0xFE, 0x00, 0x04, 0x00, 0x0B, 0x00, 0x00, 0x37, 0x32, 0x21, 0x14, 0x33, 0x14, 0x15, 0x14, 0x23, 0x22, 
0x21, 0x34, 0x23, 0x77, 0x01, 0x63, 0x01, 0x01, 0x77, 0xFE, 0x9D, 0x04, 0x01, 0x18, 0x47, 0x01, 0x18, 0x00, 0x00, 0x00, 
0x00, 0x01, 0x00, 0x79, 0x03, 0x30, 0x01, 0x6B, 0x03, 0xF8, 0x00, 0x0B, 0x00, 0x00, 0x13, 0x16, 0x17, 0x30, 0x15, 0x06, 
0x07, 0x30, 0x07, 0x26, 0x27, 0x36, 0xAC, 0x2F, 0x90, 0x0C, 0x26, 0x01, 0x2F, 0x90, 0x0D, 0x03, 0xF8, 0x1D, 0x58, 0x01, 
0x14, 0x3D, 0x01, 0x1E, 0x58, 0x15, 0x00, 0x00, 0x00, 0x02, 0x00, 0x2E, 0xFF, 0xF4, 0x02, 0x13, 0x01, 0xE7, 0x00, 0x21, 
0x00, 0x37, 0x00, 0x00, 0x01, 0x32, 0x17, 0x34, 0x35, 0x32, 0x37, 0x32, 0x33, 0x32, 0x17, 0x14, 0x11, 0x22, 0x07, 0x22, 
0x23, 0x30, 0x27, 0x34, 0x35, 0x06, 0x23, 0x30, 0x31, 0x22, 0x27, 0x26, 0x35, 0x30, 0x31, 0x34, 0x37, 0x36, 0x07, 0x14, 
0x17, 0x16, 0x33, 0x32, 0x33, 0x32, 0x37, 0x36, 0x35, 0x30, 0x31, 0x34, 0x27, 0x26, 0x23, 0x22, 0x23, 0x22, 0x07, 0x06, 
0x01, 0x23, 0x53, 0x3B, 0x01, 0x01, 0x18, 0x46, 0x01, 0x01, 0x01, 0x01, 0x17, 0x47, 0x02, 0x38, 0x58, 0x6D, 0x4D, 0x39, 
0x55, 0x46, 0x3A, 0x44, 0x25, 0x23, 0x03, 0x07, 0x30, 0x2E, 0x2E, 0x44, 0x25, 0x24, 0x03, 0x05, 0x3C, 0x31, 0x20, 0x01, 
0xE7, 0x40, 0x12, 0x25, 0x01, 0x01, 0x77, 0xFE, 0x9A, 0x01, 0x01, 0x0C, 0x24, 0x3D, 0x58, 0x48, 0x59, 0x6F, 0x50, 0x3B, 
0xFA, 0x4E, 0x33, 0x17, 0x27, 0x30, 0x41, 0x50, 0x32, 0x16, 0x37, 0x2E, 0x00, 0x02, 0x00, 0x4C, 0xFF, 0xF4, 0x02, 0x31, 
0x02, 0xDC, 0x00, 0x1F, 0x00, 0x51, 0x00, 0x00, 0x37, 0x14, 0x15, 0x14, 0x17, 0x16, 0x17, 0x16, 0x17, 0x16, 0x17, 0x16, 
0x33, 0x32, 0x37, 0x36, 0x37, 0x36, 0x35, 0x34, 0x35, 0x34, 0x27, 0x26, 0x23, 0x22, 0x07, 0x06, 0x07, 0x06, 0x07, 0x06, 
0x03, 0x32, 0x33, 0x32, 0x31, 0x14, 0x15, 0x30, 0x31, 0x36, 0x37, 0x36, 0x33, 0x30, 0x31, 0x32, 0x17, 0x16, 0x17, 0x16, 
0x17, 0x16, 0x15, 0x14, 0x07, 0x06, 0x07, 0x06, 0x07, 0x06, 0x07, 0x06, 0x23, 0x22, 0x23, 0x22, 0x27, 0x26, 0x27, 0x26, 
0x27, 0x26, 0x27, 0x14, 0x15, 0x22, 0x23, 0x34, 0x11, 0x32, 0xAD, 0x1E, 0x06, 0x0C, 0x03, 0x06, 0x10, 0x0B, 0x1F, 0x1E, 
0x3D, 0x2D, 0x11, 0x08, 0x0F, 0x25, 0x2E, 0x41, 0x1C, 0x22, 0x0F, 0x0F, 0x0E, 0x03, 0x22, 0x60, 0x18, 0x47, 0x01, 0x08, 
0x0D, 0x36, 0x47, 0x51, 0x44, 0x08, 0x12, 0x22, 0x10, 0x11, 0x1F, 0x0A, 0x12, 0x13, 0x0C, 0x0F, 0x0C, 0x3B, 0x40, 0x02, 
0x04, 0x1B, 0x26, 0x13, 0x0F, 0x0C, 0x0F, 0x08, 0x08, 0x18, 0x49, 0x01, 0xEE, 0x01, 0x01, 0x31, 0x2A, 0x09, 0x0C, 0x03, 
0x05, 0x0C, 0x05, 0x0F, 0x30, 0x14, 0x12, 0x20, 0x22, 0x01, 0x01, 0x39, 0x2D, 0x32, 0x10, 0x07, 0x0E, 0x0D, 0x05, 0x2B, 
0x01, 0xB8, 0x4E, 0xE7, 0x09, 0x0B, 0x2C, 0x35, 0x07, 0x12, 0x27, 0x28, 0x2D, 0x30, 0x40, 0x39, 0x14, 0x16, 0x16, 0x09, 
0x0B, 0x08, 0x24, 0x0B, 0x06, 0x09, 0x07, 0x0C, 0x08, 0x09, 0x11, 0x21, 0xB7, 0x02, 0x25, 0x00, 0x00, 0x01, 0x00, 0x2D, 
0xFF, 0xF4, 0x01, 0xE8, 0x01, 0xE7, 0x00, 0x49, 0x00, 0x00, 0x01, 0x30, 0x33, 0x32, 0x17, 0x16, 0x17, 0x16, 0x17, 0x16, 
0x15, 0x06, 0x07, 0x30, 0x31, 0x26, 0x27, 0x26, 0x23, 0x22, 0x07, 0x06, 0x07, 0x06, 0x15, 0x14, 0x17, 0x16, 0x17, 0x16, 
0x33, 0x32, 0x37, 0x36, 0x37, 0x36, 0x37, 0x30, 0x31, 0x16, 0x17, 0x06, 0x07, 0x06, 0x07, 0x06, 0x07, 0x06, 0x23, 0x22, 
0x23, 0x22, 0x27, 0x26, 0x27, 0x26, 0x27, 0x26, 0x27, 0x26, 0x27, 0x26, 0x35, 0x34, 0x35, 0x34, 0x37, 0x36, 0x37, 0x36, 
0x37, 0x36, 0x37, 0x36, 0x01, 0x1F, 0x01, 0x4B, 0x41, 0x0C, 0x0F, 0x12, 0x07, 0x07, 0x1B, 0x35, 0x06, 0x0E, 0x2C, 0x38, 
0x36, 0x2B, 0x10, 0x03, 0x1E, 0x23, 0x0B, 0x0C, 0x28, 0x31, 0x2C, 0x25, 0x09, 0x0F, 0x08, 0x07, 0x14, 0x3C, 0x08, 0x0F, 
0x11, 0x07, 0x10, 0x0C, 0x3C, 0x40, 0x01, 0x03, 0x45, 0x3D, 0x0C, 0x0B, 0x12, 0x09, 0x14, 0x09, 0x09, 0x09, 0x0D, 0x1B, 
0x09, 0x0B, 0x08, 0x11, 0x14, 0x0F, 0x3F, 0x01, 0xE7, 0x2F, 0x08, 0x0F, 0x13, 0x0A, 0x09, 0x02, 0x11, 0x24, 0x09, 0x0F, 
0x2A, 0x27, 0x10, 0x07, 0x29, 0x32, 0x36, 0x2C, 0x0E, 0x09, 0x20, 0x1C, 0x05, 0x0F, 0x0A, 0x0A, 0x0E, 0x27, 0x0E, 0x11, 
0x12, 0x05, 0x0D, 0x08, 0x24, 0x28, 0x09, 0x08, 0x11, 0x0B, 0x18, 0x11, 0x10, 0x1A, 0x29, 0x24, 0x03, 0x05, 0x38, 0x38, 
0x10, 0x10, 0x0C, 0x13, 0x13, 0x09, 0x2B, 0x00, 0x00, 0x02, 0x00, 0x30, 0xFF, 0xF4, 0x02, 0x14, 0x02, 0xDC, 0x00, 0x1F, 
0x00, 0x51, 0x00, 0x00, 0x01, 0x26, 0x27, 0x26, 0x27, 0x26, 0x23, 0x22, 0x07, 0x06, 0x15, 0x14, 0x15, 0x14, 0x17, 0x16, 
0x17, 0x16, 0x33, 0x32, 0x37, 0x36, 0x37, 0x36, 0x37, 0x36, 0x37, 0x36, 0x35, 0x30, 0x35, 0x26, 0x13, 0x14, 0x11, 0x22, 
0x23, 0x34, 0x35, 0x06, 0x07, 0x06, 0x07, 0x06, 0x07, 0x06, 0x23, 0x22, 0x23, 0x22, 0x27, 0x26, 0x27, 0x26, 0x27, 0x26, 
0x27, 0x26, 0x35, 0x34, 0x37, 0x36, 0x37, 0x36, 0x37, 0x36, 0x33, 0x30, 0x33, 0x32, 0x17, 0x16, 0x17, 0x30, 0x31, 0x34, 
0x35, 0x30, 0x31, 0x32, 0x33, 0x30, 0x01, 0x93, 0x04, 0x0E, 0x0F, 0x0F, 0x22, 0x1D, 0x40, 0x2D, 0x26, 0x0F, 0x08, 0x11, 
0x2D, 0x3D, 0x1E, 0x1F, 0x0B, 0x10, 0x03, 0x06, 0x0C, 0x07, 0x1D, 0x08, 0x68, 0x18, 0x48, 0x08, 0x08, 0x10, 0x0B, 0x0F, 
0x13, 0x26, 0x1A, 0x03, 0x04, 0x40, 0x3C, 0x0C, 0x0D, 0x0C, 0x14, 0x12, 0x0A, 0x1F, 0x11, 0x0F, 0x23, 0x11, 0x09, 0x44, 
0x51, 0x01, 0x45, 0x37, 0x0D, 0x08, 0x18, 0x48, 0x01, 0x4F, 0x05, 0x0D, 0x0E, 0x07, 0x10, 0x32, 0x2D, 0x39, 0x01, 0x01, 
0x22, 0x20, 0x12, 0x14, 0x30, 0x0F, 0x05, 0x0C, 0x03, 0x05, 0x0C, 0x09, 0x2A, 0x31, 0x02, 0x18, 0x01, 0xD6, 0xB7, 0xFD, 
0xDB, 0x0C, 0x26, 0x09, 0x08, 0x0C, 0x07, 0x09, 0x06, 0x0B, 0x24, 0x08, 0x0B, 0x09, 0x16, 0x16, 0x14, 0x39, 0x40, 0x30, 
0x2D, 0x28, 0x27, 0x12, 0x07, 0x35, 0x2C, 0x0B, 0x09, 0x4D, 0xE8, 0x00, 0x00, 0x02, 0x00, 0x21, 0xFF, 0xF4, 0x01, 0xEC, 
0x01, 0xE7, 0x00, 0x0B, 0x00, 0x33, 0x00, 0x00, 0x13, 0x32, 0x33, 0x30, 0x35, 0x26, 0x27, 0x26, 0x23, 0x22, 0x07, 0x06, 
0x37, 0x32, 0x33, 0x32, 0x17, 0x16, 0x17, 0x16, 0x15, 0x14, 0x15, 0x14, 0x23, 0x22, 0x23, 0x16, 0x17, 0x16, 0x33, 0x32, 
0x37, 0x36, 0x33, 0x16, 0x15, 0x06, 0x07, 0x06, 0x23, 0x22, 0x23, 0x22, 0x27, 0x26, 0x35, 0x34, 0x35, 0x34, 0x37, 0x36, 
0x8D, 0x3D, 0xB6, 0x08, 0x1F, 0x26, 0x2D, 0x45, 0x2C, 0x02, 0x6D, 0x03, 0x0B, 0x49, 0x44, 0x21, 0x0C, 0x24, 0x01, 0x78, 
0xEF, 0x0C, 0x1B, 0x28, 0x34, 0x41, 0x2C, 0x08, 0x01, 0x57, 0x07, 0x18, 0x49, 0x64, 0x01, 0x02, 0x66, 0x4B, 0x33, 0x5A, 
0x42, 0x01, 0x2B, 0x01, 0x19, 0x20, 0x21, 0x49, 0x06, 0xB0, 0x3B, 0x20, 0x18, 0x40, 0x47, 0x05, 0x0A, 0x0E, 0x35, 0x1B, 
0x2C, 0x42, 0x11, 0x27, 0x01, 0x12, 0x22, 0x57, 0x5C, 0x47, 0x55, 0x01, 0x01, 0x75, 0x51, 0x33, 0x00, 0x01, 0x00, 0x0D, 
0x00, 0x00, 0x01, 0x53, 0x02, 0xDC, 0x00, 0x31, 0x00, 0x00, 0x01, 0x32, 0x33, 0x30, 0x31, 0x14, 0x15, 0x14, 0x31, 0x22, 
0x23, 0x22, 0x07, 0x06, 0x15, 0x32, 0x33, 0x30, 0x31, 0x14, 0x15, 0x30, 0x31, 0x22, 0x23, 0x14, 0x11, 0x30, 0x31, 0x22, 
0x23, 0x34, 0x11, 0x22, 0x23, 0x30, 0x23, 0x34, 0x35, 0x32, 0x31, 0x32, 0x33, 0x34, 0x35, 0x34, 0x37, 0x36, 0x37, 0x36, 
0x01, 0x36, 0x07, 0x16, 0x07, 0x13, 0x40, 0x1D, 0x11, 0x2D, 0x5B, 0x22, 0x66, 0x18, 0x48, 0x18, 0x45, 0x01, 0x01, 0x17, 
0x46, 0x48, 0x1A, 0x1C, 0x27, 0x02, 0xDC, 0x18, 0x48, 0x01, 0x3C, 0x25, 0x3B, 0x18, 0x48, 0x60, 0xFE, 0xE1, 0x60, 0x01, 
0x1F, 0x18, 0x48, 0x01, 0x01, 0x83, 0x44, 0x19, 0x0B, 0x10, 0x00, 0x00, 0x00, 0x03, 0x00, 0x30, 0xFF, 0x28, 0x02, 0x10, 
0x01, 0xE6, 0x00, 0x13, 0x00, 0x2F, 0x00, 0x9D, 0x00, 0x00, 0x13, 0x14, 0x17, 0x16, 0x33, 0x32, 0x33, 0x32, 0x37, 0x36, 
0x37, 0x36, 0x35, 0x34, 0x27, 0x26, 0x23, 0x22, 0x07, 0x06, 0x03, 0x30, 0x15, 0x14, 0x17, 0x16, 0x33, 0x32, 0x33, 0x32, 
0x37, 0x36, 0x37, 0x36, 0x35, 0x34, 0x27, 0x26, 0x27, 0x26, 0x23, 0x06, 0x23, 0x22, 0x27, 0x06, 0x07, 0x06, 0x01, 0x32, 
0x33, 0x32, 0x15, 0x14, 0x15, 0x30, 0x23, 0x22, 0x23, 0x22, 0x07, 0x16, 0x15, 0x14, 0x07, 0x06, 0x07, 0x06, 0x07, 0x06, 
0x23, 0x22, 0x27, 0x06, 0x15, 0x30, 0x31, 0x14, 0x17, 0x16, 0x33, 0x32, 0x33, 0x32, 0x17, 0x16, 0x17, 0x16, 0x17, 0x16, 
0x15, 0x14, 0x07, 0x06, 0x07, 0x06, 0x07, 0x06, 0x07, 0x06, 0x07, 0x06, 0x23, 0x22, 0x23, 0x22, 0x27, 0x26, 0x27, 0x26, 
0x27, 0x26, 0x27, 0x26, 0x27, 0x26, 0x35, 0x34, 0x35, 0x34, 0x37, 0x36, 0x37, 0x36, 0x37, 0x36, 0x37, 0x26, 0x35, 0x34, 
0x35, 0x34, 0x37, 0x26, 0x27, 0x26, 0x27, 0x26, 0x35, 0x34, 0x35, 0x34, 0x37, 0x36, 0x37, 0x36, 0x37, 0x36, 0x37, 0x36, 
0x33, 0x32, 0x33, 0x32, 0x17, 0x36, 0x37, 0x36, 0xA1, 0x1F, 0x22, 0x2A, 0x01, 0x02, 0x25, 0x20, 0x1A, 0x0A, 0x03, 0x20, 
0x22, 0x2C, 0x2A, 0x22, 0x20, 0x11, 0x21, 0x2C, 0x40, 0x02, 0x04, 0x38, 0x2C, 0x0A, 0x0B, 0x13, 0x21, 0x0B, 0x12, 0x1D, 
0x16, 0x13, 0x25, 0x26, 0x20, 0x09, 0x0B, 0x1C, 0x01, 0x43, 0x04, 0x0E, 0x01, 0x01, 0x05, 0x10, 0x07, 0x05, 0x17, 0x22, 
0x05, 0x11, 0x1F, 0x21, 0x2A, 0x2C, 0x2D, 0x2C, 0x0A, 0x24, 0x19, 0x26, 0x0E, 0x1D, 0x61, 0x3A, 0x09, 0x0F, 0x0D, 0x07, 
0x11, 0x27, 0x11, 0x08, 0x12, 0x0E, 0x0C, 0x11, 0x0F, 0x15, 0x27, 0x21, 0x05, 0x0A, 0x39, 0x37, 0x18, 0x11, 0x0D, 0x0F, 
0x13, 0x03, 0x0A, 0x04, 0x0F, 0x08, 0x06, 0x0A, 0x05, 0x0E, 0x03, 0x06, 0x0F, 0x1C, 0x13, 0x06, 0x05, 0x08, 0x0B, 0x1D, 
0x07, 0x0B, 0x12, 0x07, 0x11, 0x15, 0x2E, 0x2F, 0x02, 0x03, 0x39, 0x34, 0x0B, 0x08, 0x1D, 0x01, 0x2E, 0x21, 0x1A, 0x1A, 
0x15, 0x12, 0x1B, 0x0A, 0x09, 0x22, 0x19, 0x1A, 0x19, 0x1A, 0xFE, 0x7F, 0x02, 0x16, 0x14, 0x1A, 0x17, 0x06, 0x0A, 0x13, 
0x10, 0x16, 0x10, 0x05, 0x04, 0x06, 0x01, 0x05, 0x05, 0x07, 0x17, 0x01, 0xFD, 0x01, 0x18, 0x48, 0x02, 0x28, 0x2D, 0x36, 
0x2D, 0x08, 0x12, 0x1C, 0x0C, 0x10, 0x12, 0x08, 0x06, 0x0D, 0x05, 0x03, 0x27, 0x05, 0x0F, 0x0E, 0x0D, 0x1F, 0x20, 0x32, 
0x2C, 0x12, 0x06, 0x0D, 0x07, 0x06, 0x07, 0x05, 0x06, 0x09, 0x14, 0x09, 0x0B, 0x07, 0x0D, 0x11, 0x06, 0x0D, 0x0B, 0x1D, 
0x1B, 0x03, 0x05, 0x11, 0x18, 0x10, 0x0F, 0x09, 0x0D, 0x03, 0x06, 0x16, 0x19, 0x01, 0x02, 0x21, 0x2C, 0x15, 0x0B, 0x07, 
0x14, 0x1D, 0x1A, 0x02, 0x04, 0x2E, 0x2C, 0x0A, 0x0C, 0x13, 0x04, 0x0D, 0x0A, 0x14, 0x1C, 0x0A, 0x04, 0x11, 0x00, 0x00, 
0x00, 0x01, 0x00, 0x4C, 0x00, 0x00, 0x01, 0xF7, 0x02, 0xDC, 0x00, 0x29, 0x00, 0x00, 0x13, 0x32, 0x33, 0x14, 0x15, 0x30, 
0x31, 0x36, 0x37, 0x36, 0x33, 0x32, 0x33, 0x32, 0x17, 0x16, 0x15, 0x14, 0x15, 0x30, 0x07, 0x22, 0x23, 0x30, 0x27, 0x34, 
0x35, 0x34, 0x27, 0x26, 0x23, 0x22, 0x23, 0x22, 0x07, 0x06, 0x15, 0x14, 0x15, 0x22, 0x23, 0x34, 0x4C, 0x19, 0x48, 0x1A, 
0x29, 0x16, 0x20, 0x02, 0x03, 0x81, 0x38, 0x13, 0x01, 0x17, 0x47, 0x01, 0x33, 0x16, 0x22, 0x02, 0x06, 0x3C, 0x1A, 0x21, 
0x18, 0x49, 0x02, 0xDC, 0x47, 0xD5, 0x0E, 0x0C, 0x05, 0x62, 0x26, 0x34, 0x60, 0xC2, 0x01, 0x01, 0x49, 0xDA, 0x3D, 0x14, 
0x0A, 0x13, 0x14, 0x37, 0x60, 0xC1, 0xB7, 0x00, 0x00, 0x02, 0x00, 0x43, 0x00, 0x00, 0x00, 0xC0, 0x02, 0xDC, 0x00, 0x0B, 
0x00, 0x27, 0x00, 0x00, 0x13, 0x14, 0x11, 0x30, 0x23, 0x22, 0x23, 0x30, 0x31, 0x34, 0x11, 0x32, 0x37, 0x32, 0x33, 0x32, 
0x17, 0x16, 0x15, 0x14, 0x15, 0x14, 0x07, 0x06, 0x23, 0x22, 0x23, 0x22, 0x27, 0x26, 0x27, 0x26, 0x35, 0x34, 0x35, 0x34, 
0x37, 0x36, 0x37, 0x36, 0xB2, 0x01, 0x18, 0x48, 0x18, 0x17, 0x01, 0x03, 0x15, 0x14, 0x13, 0x10, 0x14, 0x19, 0x01, 0x02, 
0x17, 0x13, 0x0A, 0x04, 0x05, 0x12, 0x02, 0x05, 0x12, 0x01, 0xDF, 0x78, 0xFE, 0x99, 0x78, 0x01, 0x67, 0xFD, 0x11, 0x14, 
0x18, 0x01, 0x02, 0x17, 0x14, 0x13, 0x12, 0x0B, 0x08, 0x0D, 0x0B, 0x01, 0x03, 0x17, 0x14, 0x02, 0x04, 0x0C, 0x00, 0x00, 
0x00, 0x02, 0xFF, 0xEB, 0xFF, 0x28, 0x00, 0xCD, 0x02, 0xDC, 0x00, 0x19, 0x00, 0x31, 0x00, 0x00, 0x13, 0x32, 0x33, 0x32, 
0x17, 0x16, 0x17, 0x16, 0x15, 0x14, 0x15, 0x14, 0x07, 0x06, 0x07, 0x06, 0x23, 0x22, 0x23, 0x22, 0x27, 0x26, 0x35, 0x34, 
0x37, 0x36, 0x07, 0x32, 0x33, 0x14, 0x31, 0x14, 0x11, 0x14, 0x07, 0x06, 0x07, 0x06, 0x07, 0x06, 0x23, 0x22, 0x23, 0x34, 
0x35, 0x32, 0x37, 0x36, 0x35, 0x34, 0x8C, 0x02, 0x03, 0x17, 0x15, 0x0D, 0x02, 0x01, 0x0C, 0x09, 0x04, 0x12, 0x12, 0x01, 
0x03, 0x14, 0x11, 0x17, 0x1B, 0x11, 0x1D, 0x18, 0x48, 0x10, 0x16, 0x2B, 0x0E, 0x0B, 0x2C, 0x33, 0x04, 0x07, 0x42, 0x1D, 
0x15, 0x02, 0xDC, 0x14, 0x10, 0x0F, 0x04, 0x05, 0x02, 0x05, 0x10, 0x12, 0x0B, 0x03, 0x0B, 0x0E, 0x14, 0x1C, 0x20, 0x15, 
0x0B, 0xFC, 0x01, 0x6A, 0xFE, 0xC2, 0x4B, 0x31, 0x42, 0x25, 0x0C, 0x05, 0x1B, 0x19, 0x48, 0x3A, 0x2C, 0x3D, 0x91, 0x00, 
0x00, 0x01, 0x00, 0x4C, 0x00, 0x00, 0x02, 0x05, 0x02, 0xDC, 0x00, 0x27, 0x00, 0x00, 0x13, 0x32, 0x33, 0x30, 0x17, 0x14, 
0x11, 0x30, 0x31, 0x36, 0x37, 0x32, 0x33, 0x30, 0x31, 0x06, 0x07, 0x16, 0x17, 0x22, 0x31, 0x22, 0x23, 0x26, 0x27, 0x22, 
0x31, 0x06, 0x07, 0x14, 0x15, 0x30, 0x07, 0x22, 0x23, 0x30, 0x27, 0x34, 0x11, 0x32, 0x4E, 0x17, 0x47, 0x01, 0x34, 0x99, 
0x23, 0x68, 0x37, 0xA6, 0x35, 0x9F, 0x01, 0x1E, 0x5B, 0x0D, 0x92, 0x01, 0x2C, 0x09, 0x01, 0x18, 0x46, 0x02, 0x01, 0x02, 
0xDC, 0x01, 0x70, 0xFE, 0xB2, 0x30, 0x92, 0x35, 0x9E, 0x43, 0xC9, 0x0E, 0xBB, 0x29, 0x09, 0x32, 0x64, 0x01, 0x01, 0xB7, 
0x02, 0x23, 0x00, 0x00, 0x00, 0x01, 0x00, 0x4C, 0x00, 0x00, 0x00, 0xAD, 0x02, 0xDC, 0x00, 0x0F, 0x00, 0x00, 0x13, 0x32, 
0x33, 0x32, 0x31, 0x14, 0x11, 0x30, 0x23, 0x22, 0x23, 0x30, 0x23, 0x34, 0x11, 0x32, 0x4D, 0x18, 0x47, 0x01, 0x01, 0x17, 
0x48, 0x01, 0x01, 0x02, 0xDC, 0xB7, 0xFD, 0xDB, 0xB7, 0x02, 0x25, 0x00, 0x00, 0x01, 0x00, 0x4C, 0x00, 0x00, 0x03, 0x40, 
0x01, 0xDF, 0x00, 0x4B, 0x00, 0x00, 0x01, 0x32, 0x33, 0x32, 0x17, 0x36, 0x33, 0x32, 0x33, 0x32, 0x17, 0x16, 0x15, 0x14, 
0x15, 0x30, 0x15, 0x22, 0x23, 0x30, 0x27, 0x34, 0x35, 0x34, 0x27, 0x26, 0x23, 0x22, 0x23, 0x22, 0x07, 0x06, 0x15, 0x14, 
0x15, 0x30, 0x07, 0x22, 0x23, 0x30, 0x27, 0x34, 0x35, 0x34, 0x27, 0x26, 0x23, 0x22, 0x23, 0x22, 0x07, 0x06, 0x15, 0x14, 
0x15, 0x30, 0x07, 0x22, 0x23, 0x30, 0x27, 0x34, 0x11, 0x32, 0x37, 0x32, 0x33, 0x30, 0x17, 0x14, 0x15, 0x30, 0x31, 0x36, 
0x37, 0x36, 0x01, 0x26, 0x01, 0x04, 0x61, 0x3B, 0x39, 0x64, 0x05, 0x0B, 0x84, 0x37, 0x11, 0x18, 0x47, 0x01, 0x3C, 0x12, 
0x1D, 0x06, 0x0D, 0x4E, 0x17, 0x06, 0x01, 0x17, 0x47, 0x01, 0x23, 0x1A, 0x2E, 0x02, 0x06, 0x3C, 0x1A, 0x21, 0x01, 0x18, 
0x46, 0x02, 0x01, 0x01, 0x17, 0x47, 0x01, 0x1A, 0x29, 0x16, 0x01, 0xDF, 0x3B, 0x3B, 0x63, 0x28, 0x25, 0x65, 0xC9, 0x01, 
0x01, 0x4B, 0xE1, 0x37, 0x14, 0x07, 0x34, 0x0F, 0x11, 0x63, 0xC7, 0x01, 0x01, 0x49, 0xD9, 0x35, 0x14, 0x13, 0x13, 0x14, 
0x37, 0x60, 0xC0, 0x01, 0x01, 0x77, 0x01, 0x63, 0x01, 0x01, 0x07, 0x14, 0x0E, 0x0C, 0x05, 0x00, 0x00, 0x01, 0x00, 0x4C, 
0x00, 0x00, 0x01, 0xF7, 0x01, 0xDF, 0x00, 0x31, 0x00, 0x00, 0x01, 0x32, 0x33, 0x32, 0x17, 0x16, 0x15, 0x14, 0x15, 0x30, 
0x07, 0x22, 0x23, 0x30, 0x27, 0x34, 0x35, 0x34, 0x27, 0x26, 0x23, 0x22, 0x23, 0x22, 0x07, 0x06, 0x15, 0x14, 0x15, 0x30, 
0x07, 0x22, 0x23, 0x30, 0x27, 0x34, 0x11, 0x32, 0x37, 0x32, 0x33, 0x30, 0x17, 0x14, 0x15, 0x30, 0x31, 0x36, 0x37, 0x36, 
0x01, 0x26, 0x01, 0x04, 0x81, 0x38, 0x13, 0x01, 0x17, 0x47, 0x01, 0x33, 0x16, 0x22, 0x02, 0x06, 0x3C, 0x1A, 0x21, 0x01, 
0x18, 0x46, 0x02, 0x01, 0x01, 0x17, 0x47, 0x01, 0x1A, 0x29, 0x16, 0x01, 0xDF, 0x62, 0x26, 0x34, 0x60, 0xC2, 0x01, 0x01, 
0x49, 0xDA, 0x3D, 0x14, 0x0A, 0x13, 0x14, 0x37, 0x60, 0xC0, 0x01, 0x01, 0x77, 0x01, 0x63, 0x01, 0x01, 0x07, 0x14, 0x0E, 
0x0C, 0x05, 0x00, 0x00, 0x00, 0x02, 0x00, 0x2D, 0xFF, 0xF4, 0x02, 0x11, 0x01, 0xE7, 0x00, 0x1B, 0x00, 0x47, 0x00, 0x00, 
0x37, 0x14, 0x17, 0x16, 0x17, 0x16, 0x33, 0x32, 0x37, 0x36, 0x37, 0x36, 0x35, 0x30, 0x35, 0x34, 0x27, 0x26, 0x27, 0x26, 
0x27, 0x26, 0x23, 0x22, 0x07, 0x06, 0x07, 0x06, 0x37, 0x32, 0x17, 0x16, 0x17, 0x16, 0x17, 0x16, 0x15, 0x14, 0x07, 0x06, 
0x07, 0x06, 0x07, 0x06, 0x07, 0x06, 0x23, 0x22, 0x23, 0x22, 0x27, 0x26, 0x27, 0x26, 0x27, 0x26, 0x27, 0x26, 0x27, 0x26, 
0x35, 0x34, 0x35, 0x34, 0x37, 0x36, 0x37, 0x36, 0x37, 0x36, 0x37, 0x36, 0x8D, 0x24, 0x0F, 0x09, 0x27, 0x2F, 0x39, 0x2C, 
0x11, 0x07, 0x15, 0x28, 0x11, 0x05, 0x09, 0x07, 0x21, 0x23, 0x35, 0x2C, 0x0F, 0x04, 0x1E, 0x92, 0x51, 0x44, 0x09, 0x12, 
0x22, 0x0F, 0x11, 0x1E, 0x0B, 0x11, 0x14, 0x0C, 0x0E, 0x0C, 0x3B, 0x41, 0x01, 0x03, 0x44, 0x3E, 0x0C, 0x0A, 0x14, 0x08, 
0x0A, 0x0A, 0x09, 0x08, 0x17, 0x1C, 0x08, 0x0B, 0x08, 0x11, 0x19, 0x0A, 0x3E, 0xEC, 0x36, 0x2D, 0x11, 0x05, 0x1F, 0x2C, 
0x12, 0x0E, 0x24, 0x28, 0x01, 0x3A, 0x2E, 0x12, 0x02, 0x07, 0x04, 0x12, 0x27, 0x10, 0x07, 0x29, 0xC8, 0x35, 0x07, 0x12, 
0x26, 0x29, 0x2D, 0x31, 0x3F, 0x39, 0x14, 0x16, 0x16, 0x09, 0x0B, 0x08, 0x24, 0x28, 0x09, 0x08, 0x10, 0x0C, 0x0C, 0x0E, 
0x10, 0x0F, 0x34, 0x33, 0x03, 0x05, 0x38, 0x38, 0x10, 0x10, 0x0C, 0x13, 0x16, 0x06, 0x2B, 0x00, 0x00, 0x02, 0x00, 0x4C, 
0xFF, 0x28, 0x02, 0x30, 0x01, 0xE6, 0x00, 0x2B, 0x00, 0x5B, 0x00, 0x00, 0x37, 0x14, 0x15, 0x14, 0x17, 0x16, 0x17, 0x16, 
0x17, 0x16, 0x17, 0x16, 0x17, 0x16, 0x33, 0x32, 0x33, 0x32, 0x37, 0x36, 0x37, 0x36, 0x37, 0x36, 0x35, 0x34, 0x27, 0x26, 
0x27, 0x26, 0x23, 0x22, 0x23, 0x22, 0x07, 0x06, 0x07, 0x06, 0x07, 0x06, 0x07, 0x06, 0x07, 0x06, 0x37, 0x32, 0x17, 0x16, 
0x17, 0x16, 0x17, 0x16, 0x17, 0x16, 0x15, 0x14, 0x07, 0x06, 0x07, 0x06, 0x07, 0x06, 0x23, 0x22, 0x27, 0x26, 0x27, 0x26, 
0x27, 0x14, 0x15, 0x22, 0x23, 0x34, 0x23, 0x34, 0x11, 0x36, 0x31, 0x32, 0x33, 0x14, 0x15, 0x36, 0x37, 0x36, 0x37, 0x36, 
0x37, 0x36, 0x37, 0x32, 0xAD, 0x07, 0x07, 0x06, 0x08, 0x0E, 0x10, 0x05, 0x0C, 0x09, 0x20, 0x19, 0x02, 0x04, 0x2D, 0x27, 
0x08, 0x0C, 0x18, 0x09, 0x07, 0x25, 0x10, 0x04, 0x28, 0x30, 0x02, 0x02, 0x1B, 0x20, 0x0F, 0x13, 0x12, 0x04, 0x08, 0x04, 
0x04, 0x06, 0x05, 0x8D, 0x49, 0x39, 0x10, 0x15, 0x13, 0x05, 0x0C, 0x0A, 0x21, 0x33, 0x06, 0x13, 0x03, 0x06, 0x47, 0x56, 
0x3F, 0x33, 0x09, 0x11, 0x02, 0x03, 0x18, 0x48, 0x01, 0x01, 0x18, 0x48, 0x12, 0x05, 0x0F, 0x0A, 0x10, 0x0F, 0x0C, 0x1C, 
0x09, 0xF7, 0x05, 0x0F, 0x0F, 0x1A, 0x11, 0x0D, 0x0B, 0x10, 0x0F, 0x03, 0x08, 0x06, 0x0D, 0x1E, 0x05, 0x0D, 0x1C, 0x1F, 
0x16, 0x18, 0x39, 0x2D, 0x11, 0x02, 0x1F, 0x0D, 0x08, 0x10, 0x13, 0x07, 0x0B, 0x0A, 0x09, 0x10, 0x17, 0xE5, 0x23, 0x0A, 
0x14, 0x12, 0x07, 0x10, 0x0F, 0x3C, 0x45, 0x53, 0x45, 0x0A, 0x15, 0x02, 0x05, 0x3A, 0x24, 0x06, 0x0F, 0x02, 0x04, 0x43, 
0xC8, 0x01, 0xAD, 0x02, 0x06, 0x01, 0x0D, 0x28, 0x14, 0x02, 0x0B, 0x07, 0x08, 0x04, 0x04, 0x05, 0x00, 0x02, 0x00, 0x30, 
0xFF, 0x28, 0x02, 0x14, 0x01, 0xE6, 0x00, 0x2B, 0x00, 0x5B, 0x00, 0x00, 0x01, 0x26, 0x27, 0x26, 0x27, 0x26, 0x27, 0x26, 
0x27, 0x26, 0x23, 0x22, 0x23, 0x22, 0x07, 0x06, 0x07, 0x06, 0x15, 0x14, 0x17, 0x16, 0x17, 0x16, 0x17, 0x16, 0x33, 0x32, 
0x33, 0x32, 0x37, 0x36, 0x37, 0x36, 0x37, 0x36, 0x37, 0x36, 0x37, 0x36, 0x35, 0x34, 0x35, 0x26, 0x27, 0x16, 0x17, 0x16, 
0x17, 0x16, 0x17, 0x16, 0x17, 0x34, 0x35, 0x32, 0x33, 0x30, 0x15, 0x14, 0x11, 0x30, 0x15, 0x22, 0x23, 0x34, 0x35, 0x06, 
0x07, 0x06, 0x07, 0x06, 0x23, 0x22, 0x27, 0x26, 0x27, 0x26, 0x27, 0x26, 0x35, 0x34, 0x37, 0x36, 0x37, 0x36, 0x37, 0x36, 
0x37, 0x36, 0x33, 0x16, 0x01, 0xAF, 0x06, 0x05, 0x04, 0x08, 0x04, 0x11, 0x13, 0x10, 0x20, 0x1A, 0x01, 0x03, 0x31, 0x28, 
0x03, 0x10, 0x26, 0x08, 0x08, 0x18, 0x0D, 0x07, 0x28, 0x2C, 0x02, 0x05, 0x19, 0x1F, 0x09, 0x0C, 0x06, 0x0F, 0x0F, 0x07, 
0x07, 0x06, 0x08, 0x02, 0x76, 0x1C, 0x0C, 0x10, 0x0F, 0x0B, 0x0F, 0x04, 0x13, 0x18, 0x48, 0x18, 0x48, 0x02, 0x03, 0x11, 
0x0A, 0x33, 0x3E, 0x57, 0x46, 0x03, 0x06, 0x14, 0x06, 0x33, 0x22, 0x0A, 0x0C, 0x04, 0x13, 0x16, 0x0F, 0x3A, 0x49, 0x0C, 
0x01, 0x18, 0x10, 0x09, 0x0A, 0x0B, 0x07, 0x13, 0x10, 0x08, 0x0D, 0x1F, 0x02, 0x11, 0x2D, 0x39, 0x18, 0x16, 0x1F, 0x1C, 
0x0D, 0x05, 0x1E, 0x0D, 0x06, 0x08, 0x03, 0x0F, 0x10, 0x0B, 0x0D, 0x11, 0x1A, 0x0F, 0x06, 0x0E, 0x08, 0xE6, 0x05, 0x04, 
0x04, 0x08, 0x07, 0x0B, 0x02, 0x14, 0x12, 0x23, 0x01, 0xAC, 0xFD, 0xF9, 0x01, 0x43, 0xC8, 0x01, 0x05, 0x0F, 0x06, 0x24, 
0x3A, 0x03, 0x04, 0x15, 0x0A, 0x45, 0x53, 0x45, 0x3C, 0x0F, 0x10, 0x07, 0x12, 0x14, 0x0A, 0x23, 0x01, 0x00, 0x00, 0x00, 
0x00, 0x01, 0x00, 0x4C, 0x00, 0x00, 0x01, 0x90, 0x01, 0xE2, 0x00, 0x23, 0x00, 0x00, 0x01, 0x32, 0x33, 0x32, 0x17, 0x30, 
0x15, 0x06, 0x07, 0x26, 0x23, 0x22, 0x23, 0x22, 0x07, 0x06, 0x15, 0x14, 0x15, 0x30, 0x15, 0x22, 0x23, 0x34, 0x27, 0x34, 
0x11, 0x32, 0x33, 0x32, 0x33, 0x30, 0x31, 0x14, 0x15, 0x36, 0x01, 0x1D, 0x04, 0x09, 0x32, 0x34, 0x14, 0x03, 0x30, 0x25, 
0x02, 0x06, 0x30, 0x24, 0x1C, 0x18, 0x46, 0x02, 0x01, 0x01, 0x17, 0x47, 0x38, 0x01, 0xE2, 0x1D, 0x01, 0x5F, 0x04, 0x1F, 
0x23, 0x21, 0x5E, 0x49, 0x93, 0x02, 0x01, 0x01, 0x75, 0x01, 0x61, 0x09, 0x1B, 0x2E, 0x00, 0x00, 0x00, 0x01, 0x00, 0x28, 
0xFF, 0xF4, 0x01, 0xC2, 0x01, 0xFB, 0x00, 0x5D, 0x00, 0x00, 0x13, 0x32, 0x17, 0x16, 0x17, 0x16, 0x17, 0x06, 0x07, 0x06, 
0x07, 0x26, 0x27, 0x26, 0x23, 0x22, 0x23, 0x22, 0x07, 0x06, 0x15, 0x14, 0x17, 0x16, 0x17, 0x16, 0x17, 0x16, 0x17, 0x16, 
0x17, 0x16, 0x17, 0x16, 0x15, 0x30, 0x15, 0x14, 0x07, 0x06, 0x07, 0x06, 0x07, 0x06, 0x23, 0x22, 0x23, 0x22, 0x27, 0x26, 
0x27, 0x26, 0x27, 0x26, 0x27, 0x36, 0x37, 0x30, 0x31, 0x16, 0x17, 0x16, 0x17, 0x16, 0x17, 0x16, 0x33, 0x32, 0x37, 0x36, 
0x37, 0x36, 0x35, 0x34, 0x27, 0x26, 0x27, 0x26, 0x27, 0x26, 0x27, 0x26, 0x27, 0x26, 0x35, 0x34, 0x35, 0x34, 0x37, 0x36, 
0x37, 0x36, 0x37, 0x36, 0xF9, 0x5C, 0x40, 0x0F, 0x05, 0x02, 0x05, 0x01, 0x1B, 0x19, 0x1D, 0x09, 0x09, 0x21, 0x30, 0x01, 
0x02, 0x34, 0x20, 0x11, 0x09, 0x0A, 0x1B, 0x27, 0x50, 0x19, 0x13, 0x11, 0x12, 0x08, 0x0E, 0x25, 0x26, 0x10, 0x07, 0x14, 
0x0D, 0x33, 0x39, 0x02, 0x02, 0x4B, 0x3E, 0x0E, 0x0F, 0x0E, 0x06, 0x0A, 0x08, 0x1C, 0x38, 0x01, 0x03, 0x06, 0x0C, 0x16, 
0x22, 0x16, 0x16, 0x2C, 0x22, 0x07, 0x09, 0x0D, 0x2A, 0x0E, 0x25, 0x51, 0x27, 0x11, 0x11, 0x26, 0x0C, 0x06, 0x23, 0x0F, 
0x07, 0x11, 0x0F, 0x32, 0x01, 0xFB, 0x3A, 0x0D, 0x08, 0x04, 0x06, 0x02, 0x0F, 0x10, 0x12, 0x0A, 0x07, 0x19, 0x19, 0x0F, 
0x11, 0x0B, 0x06, 0x08, 0x0A, 0x0C, 0x0E, 0x06, 0x08, 0x07, 0x0C, 0x06, 0x0E, 0x28, 0x32, 0x01, 0x33, 0x2D, 0x10, 0x04, 
0x0F, 0x05, 0x17, 0x27, 0x09, 0x0F, 0x0D, 0x08, 0x0D, 0x0E, 0x10, 0x20, 0x02, 0x05, 0x09, 0x0B, 0x15, 0x0A, 0x05, 0x14, 
0x04, 0x08, 0x10, 0x10, 0x1B, 0x10, 0x05, 0x06, 0x0F, 0x12, 0x06, 0x0B, 0x19, 0x26, 0x11, 0x13, 0x01, 0x02, 0x2F, 0x2A, 
0x10, 0x04, 0x0D, 0x07, 0x18, 0x00, 0x00, 0x00, 0x00, 0x01, 0x00, 0x10, 0x00, 0x00, 0x01, 0x46, 0x02, 0xDC, 0x00, 0x39, 
0x00, 0x00, 0x13, 0x32, 0x33, 0x30, 0x31, 0x14, 0x15, 0x32, 0x33, 0x16, 0x31, 0x14, 0x15, 0x30, 0x23, 0x22, 0x23, 0x14, 
0x15, 0x14, 0x17, 0x16, 0x33, 0x32, 0x37, 0x36, 0x37, 0x16, 0x17, 0x06, 0x07, 0x06, 0x23, 0x30, 0x23, 0x22, 0x27, 0x26, 
0x27, 0x26, 0x27, 0x26, 0x27, 0x26, 0x35, 0x34, 0x35, 0x22, 0x23, 0x30, 0x23, 0x34, 0x35, 0x32, 0x35, 0x32, 0x33, 0x34, 
0x58, 0x18, 0x48, 0x1F, 0x5D, 0x01, 0x01, 0x1F, 0x5D, 0x14, 0x0C, 0x0F, 0x13, 0x24, 0x01, 0x03, 0x09, 0x1B, 0x0C, 0x1B, 
0x20, 0x18, 0x01, 0x2F, 0x2A, 0x07, 0x0B, 0x03, 0x06, 0x08, 0x05, 0x0D, 0x12, 0x35, 0x01, 0x01, 0x12, 0x35, 0x02, 0xDC, 
0x3F, 0xBD, 0x01, 0x18, 0x48, 0x3D, 0xB5, 0x1C, 0x09, 0x08, 0x0D, 0x01, 0x02, 0x17, 0x44, 0x05, 0x08, 0x08, 0x1D, 0x05, 
0x0B, 0x04, 0x07, 0x0B, 0x09, 0x1F, 0x1E, 0x52, 0xA4, 0x18, 0x48, 0x01, 0x3F, 0x00, 0x00, 0x00, 0x00, 0x01, 0x00, 0x4A, 
0x00, 0x00, 0x01, 0xF4, 0x01, 0xDF, 0x00, 0x31, 0x00, 0x00, 0x21, 0x22, 0x23, 0x22, 0x27, 0x26, 0x35, 0x34, 0x35, 0x34, 
0x37, 0x32, 0x33, 0x30, 0x17, 0x14, 0x15, 0x14, 0x17, 0x16, 0x33, 0x32, 0x33, 0x32, 0x37, 0x36, 0x35, 0x34, 0x35, 0x36, 
0x35, 0x32, 0x33, 0x30, 0x15, 0x14, 0x11, 0x30, 0x15, 0x22, 0x23, 0x30, 0x27, 0x34, 0x35, 0x30, 0x31, 0x06, 0x07, 0x06, 
0x01, 0x1B, 0x01, 0x03, 0x82, 0x38, 0x13, 0x02, 0x17, 0x46, 0x02, 0x32, 0x16, 0x21, 0x03, 0x05, 0x3D, 0x1A, 0x21, 0x01, 
0x18, 0x47, 0x18, 0x47, 0x01, 0x1A, 0x29, 0x16, 0x61, 0x27, 0x34, 0x60, 0xC1, 0x01, 0x01, 0x02, 0x48, 0xDA, 0x3E, 0x13, 
0x0A, 0x14, 0x14, 0x35, 0x60, 0xC0, 0x01, 0x01, 0x02, 0x76, 0xFE, 0x9D, 0x01, 0x01, 0x08, 0x18, 0x13, 0x0C, 0x05, 0x00, 
0x00, 0x01, 0x00, 0x11, 0x00, 0x00, 0x02, 0x16, 0x01, 0xDF, 0x00, 0x1D, 0x00, 0x00, 0x13, 0x16, 0x17, 0x16, 0x17, 0x16, 
0x17, 0x36, 0x37, 0x36, 0x37, 0x32, 0x33, 0x06, 0x07, 0x06, 0x07, 0x06, 0x07, 0x22, 0x23, 0x30, 0x27, 0x26, 0x27, 0x26, 
0x27, 0x26, 0x27, 0x32, 0x80, 0x01, 0x14, 0x1E, 0x3D, 0x09, 0x1B, 0x11, 0x35, 0x13, 0x3A, 0x1B, 0x54, 0x1B, 0x51, 0x11, 
0x34, 0x09, 0x1D, 0x16, 0x41, 0x0F, 0x1E, 0x3D, 0x18, 0x4A, 0x02, 0x09, 0x1C, 0x01, 0xDF, 0x03, 0x2F, 0x45, 0x8A, 0x14, 
0x3C, 0x29, 0x79, 0x2C, 0x83, 0x3C, 0xB4, 0x26, 0x72, 0x16, 0x41, 0x21, 0x44, 0x87, 0x36, 0xA3, 0x06, 0x14, 0x00, 0x00, 
0x00, 0x01, 0x00, 0x1B, 0x00, 0x00, 0x02, 0xD8, 0x01, 0xDF, 0x00, 0x3B, 0x00, 0x00, 0x13, 0x30, 0x17, 0x16, 0x17, 0x16, 
0x17, 0x36, 0x37, 0x36, 0x37, 0x32, 0x33, 0x30, 0x17, 0x16, 0x17, 0x16, 0x17, 0x32, 0x37, 0x36, 0x37, 0x36, 0x37, 0x32, 
0x33, 0x30, 0x31, 0x06, 0x07, 0x06, 0x07, 0x06, 0x07, 0x22, 0x23, 0x30, 0x27, 0x26, 0x27, 0x26, 0x27, 0x30, 0x23, 0x06, 
0x07, 0x06, 0x07, 0x22, 0x23, 0x22, 0x27, 0x26, 0x27, 0x26, 0x27, 0x26, 0x27, 0x32, 0x85, 0x0C, 0x1A, 0x35, 0x03, 0x0A, 
0x12, 0x35, 0x07, 0x14, 0x15, 0x40, 0x03, 0x16, 0x2D, 0x07, 0x14, 0x01, 0x0B, 0x1A, 0x34, 0x04, 0x0A, 0x1B, 0x50, 0x14, 
0x3C, 0x12, 0x37, 0x03, 0x08, 0x18, 0x48, 0x04, 0x15, 0x13, 0x10, 0x1E, 0x01, 0x11, 0x33, 0x05, 0x11, 0x18, 0x48, 0x01, 
0x09, 0x17, 0x2F, 0x13, 0x39, 0x02, 0x06, 0x1A, 0x01, 0xDF, 0x23, 0x4F, 0x9F, 0x0A, 0x1E, 0x39, 0xAA, 0x16, 0x40, 0x08, 
0x49, 0x90, 0x16, 0x42, 0x23, 0x4E, 0x9D, 0x0B, 0x20, 0x3B, 0xAF, 0x35, 0xA2, 0x07, 0x17, 0x0E, 0x42, 0x3F, 0x31, 0x62, 
0x36, 0xA4, 0x12, 0x36, 0x1B, 0x45, 0x89, 0x38, 0xA6, 0x06, 0x12, 0x00, 0x00, 0x01, 0x00, 0x14, 0x00, 0x00, 0x02, 0x3B, 
0x01, 0xDF, 0x00, 0x27, 0x00, 0x00, 0x13, 0x16, 0x17, 0x16, 0x17, 0x36, 0x37, 0x32, 0x33, 0x30, 0x31, 0x06, 0x07, 0x06, 
0x07, 0x16, 0x17, 0x16, 0x17, 0x22, 0x23, 0x26, 0x27, 0x26, 0x27, 0x06, 0x07, 0x22, 0x23, 0x30, 0x31, 0x36, 0x37, 0x36, 
0x37, 0x26, 0x27, 0x26, 0x27, 0x32, 0xA8, 0x04, 0x3C, 0x15, 0x2B, 0x20, 0x60, 0x20, 0x61, 0x29, 0x7C, 0x06, 0x0F, 0x19, 
0x4C, 0x1A, 0x4D, 0x20, 0x60, 0x08, 0x18, 0x1D, 0x56, 0x25, 0x6F, 0x20, 0x60, 0x29, 0x78, 0x0B, 0x20, 0x1C, 0x54, 0x13, 
0x36, 0x20, 0x01, 0xDF, 0x05, 0x4A, 0x1B, 0x35, 0x28, 0x77, 0x32, 0x96, 0x06, 0x13, 0x1F, 0x5F, 0x20, 0x60, 0x0A, 0x1E, 
0x25, 0x6F, 0x2F, 0x8D, 0x32, 0x96, 0x0D, 0x29, 0x22, 0x67, 0x16, 0x42, 0x00, 0x01, 0x00, 0x11, 0xFF, 0x28, 0x02, 0x1E, 
0x01, 0xDF, 0x00, 0x23, 0x00, 0x00, 0x13, 0x30, 0x17, 0x16, 0x17, 0x16, 0x17, 0x36, 0x37, 0x36, 0x37, 0x36, 0x37, 0x32, 
0x33, 0x06, 0x07, 0x06, 0x07, 0x06, 0x07, 0x06, 0x07, 0x22, 0x23, 0x34, 0x31, 0x36, 0x37, 0x26, 0x27, 0x26, 0x27, 0x26, 
0x27, 0x32, 0x80, 0x04, 0x18, 0x2F, 0x13, 0x3A, 0x01, 0x14, 0x16, 0x2D, 0x11, 0x33, 0x1B, 0x4F, 0x1B, 0x50, 0x16, 0x44, 
0x17, 0x45, 0x04, 0x0B, 0x1A, 0x50, 0x18, 0x47, 0x18, 0x4A, 0x19, 0x4B, 0x03, 0x09, 0x1C, 0x01, 0xDF, 0x0A, 0x38, 0x71, 
0x2C, 0x87, 0x03, 0x2F, 0x33, 0x65, 0x27, 0x75, 0x3D, 0xB7, 0x34, 0x99, 0x35, 0x9E, 0x09, 0x1A, 0x01, 0x36, 0xA1, 0x38, 
0xA8, 0x39, 0xAA, 0x07, 0x15, 0x00, 0x00, 0x00, 0x00, 0x01, 0x00, 0x2C, 0x00, 0x00, 0x01, 0xF4, 0x01, 0xDF, 0x00, 0x1B, 
0x00, 0x00, 0x13, 0x32, 0x21, 0x30, 0x17, 0x06, 0x03, 0x32, 0x33, 0x32, 0x17, 0x14, 0x15, 0x30, 0x07, 0x22, 0x21, 0x30, 
0x31, 0x36, 0x13, 0x22, 0x23, 0x30, 0x35, 0x34, 0x35, 0x34, 0x44, 0x6C, 0x01, 0x43, 0x01, 0x43, 0xCA, 0x41, 0xC4, 0x01, 
0x01, 0x02, 0x70, 0xFE, 0xB0, 0x44, 0xCA, 0x3D, 0xB9, 0x01, 0xDF, 0x02, 0x5F, 0xFE, 0xE2, 0x01, 0x17, 0x47, 0x01, 0x60, 
0x01, 0x1F, 0x01, 0x17, 0x46, 0x01, 0x00, 0x00, 0x00, 0x01, 0x00, 0x4E, 0xFF, 0x74, 0x01, 0x4C, 0x03, 0x04, 0x00, 0x3B, 
0x00, 0x00, 0x01, 0x32, 0x33, 0x30, 0x17, 0x14, 0x15, 0x30, 0x15, 0x22, 0x31, 0x22, 0x27, 0x06, 0x07, 0x06, 0x15, 0x14, 
0x15, 0x14, 0x07, 0x16, 0x15, 0x14, 0x15, 0x14, 0x17, 0x16, 0x33, 0x32, 0x37, 0x30, 0x15, 0x14, 0x15, 0x30, 0x15, 0x22, 
0x23, 0x22, 0x27, 0x26, 0x35, 0x34, 0x35, 0x34, 0x27, 0x26, 0x27, 0x34, 0x35, 0x34, 0x37, 0x36, 0x35, 0x34, 0x35, 0x34, 
0x37, 0x36, 0x01, 0x35, 0x06, 0x10, 0x01, 0x01, 0x06, 0x12, 0x3B, 0x08, 0x03, 0x1E, 0x1E, 0x1C, 0x18, 0x12, 0x08, 0x11, 
0x06, 0x12, 0x50, 0x31, 0x26, 0x1A, 0x0C, 0x19, 0x24, 0x1B, 0x53, 0x27, 0x03, 0x04, 0x01, 0x18, 0x47, 0x01, 0x01, 0x03, 
0x1E, 0x08, 0x0C, 0x4E, 0x9B, 0x25, 0x25, 0x25, 0x25, 0x4E, 0x9B, 0x22, 0x0B, 0x08, 0x01, 0x01, 0x18, 0x47, 0x01, 0x30, 
0x28, 0x3D, 0x4D, 0x9A, 0x0C, 0x10, 0x05, 0x0B, 0x10, 0x30, 0x02, 0x0E, 0x10, 0x0C, 0x4D, 0x99, 0x5E, 0x27, 0x11, 0x00, 
0x00, 0x01, 0x00, 0x4B, 0x00, 0x00, 0x00, 0xAC, 0x02, 0xBC, 0x00, 0x0F, 0x00, 0x00, 0x13, 0x32, 0x33, 0x30, 0x33, 0x14, 
0x11, 0x22, 0x15, 0x22, 0x23, 0x26, 0x31, 0x34, 0x11, 0x30, 0x4C, 0x17, 0x48, 0x01, 0x01, 0x18, 0x47, 0x01, 0x02, 0xBC, 
0xAF, 0xFD, 0xF4, 0x01, 0x01, 0xAF, 0x02, 0x0C, 0x00, 0x01, 0x00, 0x5C, 0xFF, 0x74, 0x01, 0x5A, 0x03, 0x04, 0x00, 0x3B, 
0x00, 0x00, 0x13, 0x16, 0x15, 0x14, 0x15, 0x14, 0x17, 0x16, 0x15, 0x14, 0x15, 0x06, 0x07, 0x06, 0x15, 0x14, 0x15, 0x14, 
0x07, 0x06, 0x23, 0x22, 0x23, 0x30, 0x35, 0x34, 0x35, 0x30, 0x35, 0x32, 0x17, 0x32, 0x37, 0x36, 0x35, 0x34, 0x35, 0x34, 
0x37, 0x26, 0x35, 0x34, 0x35, 0x34, 0x27, 0x26, 0x27, 0x22, 0x07, 0x30, 0x23, 0x30, 0x35, 0x34, 0x35, 0x30, 0x37, 0x32, 
0x33, 0x16, 0xC8, 0x53, 0x1B, 0x24, 0x09, 0x1C, 0x1A, 0x26, 0x31, 0x50, 0x08, 0x10, 0x07, 0x12, 0x12, 0x18, 0x1C, 0x1E, 
0x1E, 0x03, 0x08, 0x3B, 0x08, 0x10, 0x01, 0x01, 0x05, 0x11, 0x15, 0x02, 0xF3, 0x27, 0x5E, 0x4D, 0x99, 0x0C, 0x10, 0x0E, 
0x02, 0x15, 0x2B, 0x04, 0x0C, 0x10, 0x0C, 0x4D, 0x9A, 0x3D, 0x28, 0x30, 0x01, 0x18, 0x47, 0x01, 0x01, 0x08, 0x0B, 0x22, 
0x4E, 0x9B, 0x25, 0x25, 0x25, 0x25, 0x4E, 0x9B, 0x0C, 0x08, 0x1E, 0x03, 0x01, 0x01, 0x18, 0x47, 0x01, 0x04, 0x00, 0x00, 
0x00, 0x01, 0x00, 0x54, 0x01, 0x31, 0x02, 0x19, 0x01, 0xCA, 0x00, 0x1B, 0x00, 0x00, 0x01, 0x06, 0x07, 0x06, 0x23, 0x22, 
0x27, 0x26, 0x23, 0x22, 0x07, 0x06, 0x07, 0x34, 0x35, 0x36, 0x37, 0x36, 0x33, 0x32, 0x17, 0x16, 0x33, 0x32, 0x37, 0x36, 
0x37, 0x14, 0x02, 0x19, 0x18, 0x18, 0x24, 0x22, 0x25, 0x48, 0x49, 0x24, 0x20, 0x22, 0x17, 0x1C, 0x18, 0x18, 0x24, 0x21, 
0x27, 0x49, 0x48, 0x22, 0x20, 0x22, 0x17, 0x1D, 0x01, 0x5A, 0x0F, 0x0B, 0x0F, 0x1E, 0x1D, 0x11, 0x0B, 0x1B, 0x22, 0x44, 
0x15, 0x0A, 0x10, 0x1E, 0x1E, 0x11, 0x0B, 0x1B, 0x23, 0x00, 0x00, 0x00, 0x00, 0x02, 0x00, 0x85, 0x00, 0x00, 0x01, 0x04, 
0x02, 0xDC, 0x00, 0x0F, 0x00, 0x29, 0x00, 0x00, 0x21, 0x22, 0x23, 0x30, 0x31, 0x36, 0x13, 0x30, 0x35, 0x32, 0x33, 0x16, 
0x31, 0x16, 0x13, 0x30, 0x03, 0x22, 0x27, 0x26, 0x35, 0x34, 0x35, 0x34, 0x37, 0x36, 0x37, 0x36, 0x33, 0x32, 0x33, 0x32, 
0x17, 0x16, 0x17, 0x16, 0x15, 0x14, 0x15, 0x14, 0x07, 0x06, 0x01, 0x04, 0x20, 0x5F, 0x04, 0x0B, 0x18, 0x48, 0x01, 0x04, 
0x0B, 0x40, 0x1E, 0x15, 0x0C, 0x14, 0x0F, 0x0D, 0x08, 0x04, 0x02, 0x05, 0x10, 0x11, 0x12, 0x06, 0x03, 0x14, 0x13, 0x91, 
0x01, 0xB2, 0x01, 0x01, 0x91, 0xFE, 0x4E, 0x02, 0x5E, 0x1A, 0x11, 0x12, 0x01, 0x03, 0x18, 0x14, 0x0D, 0x03, 0x01, 0x0C, 
0x0C, 0x14, 0x09, 0x08, 0x01, 0x03, 0x17, 0x14, 0x12, 0x00, 0x00, 0x00, 0x00, 0x02, 0x00, 0x2D, 0x00, 0x34, 0x01, 0xE8, 
0x02, 0xB4, 0x00, 0x4F, 0x00, 0x5D, 0x00, 0x00, 0x13, 0x34, 0x35, 0x30, 0x35, 0x32, 0x33, 0x14, 0x31, 0x14, 0x15, 0x16, 
0x17, 0x16, 0x17, 0x16, 0x17, 0x16, 0x15, 0x06, 0x07, 0x30, 0x31, 0x26, 0x27, 0x26, 0x27, 0x14, 0x15, 0x36, 0x37, 0x36, 
0x37, 0x36, 0x37, 0x30, 0x31, 0x16, 0x17, 0x06, 0x07, 0x06, 0x07, 0x06, 0x07, 0x06, 0x07, 0x14, 0x15, 0x30, 0x15, 0x22, 
0x23, 0x34, 0x31, 0x34, 0x35, 0x26, 0x27, 0x26, 0x27, 0x26, 0x27, 0x26, 0x27, 0x26, 0x27, 0x26, 0x35, 0x34, 0x35, 0x34, 
0x37, 0x36, 0x37, 0x36, 0x37, 0x36, 0x37, 0x36, 0x13, 0x34, 0x35, 0x06, 0x07, 0x06, 0x07, 0x06, 0x15, 0x14, 0x17, 0x16, 
0x17, 0x16, 0xDB, 0x18, 0x48, 0x3C, 0x35, 0x0C, 0x0F, 0x12, 0x07, 0x07, 0x1B, 0x35, 0x06, 0x0E, 0x20, 0x28, 0x1D, 0x19, 
0x09, 0x0F, 0x08, 0x07, 0x14, 0x3C, 0x08, 0x0F, 0x11, 0x07, 0x10, 0x0C, 0x30, 0x32, 0x18, 0x48, 0x22, 0x1E, 0x0C, 0x0B, 
0x12, 0x09, 0x14, 0x09, 0x09, 0x09, 0x0D, 0x1B, 0x09, 0x0B, 0x08, 0x11, 0x14, 0x0F, 0x20, 0x23, 0x0F, 0x0E, 0x10, 0x03, 
0x1E, 0x23, 0x0B, 0x0C, 0x09, 0x02, 0x64, 0x13, 0x3C, 0x01, 0x01, 0x12, 0x35, 0x07, 0x25, 0x09, 0x0F, 0x13, 0x09, 0x0B, 
0x01, 0x11, 0x23, 0x08, 0x0F, 0x1F, 0x08, 0x64, 0xC7, 0x05, 0x13, 0x05, 0x0F, 0x0A, 0x0A, 0x0E, 0x28, 0x0D, 0x10, 0x13, 
0x05, 0x0D, 0x08, 0x1D, 0x06, 0x17, 0x30, 0x01, 0x01, 0x14, 0x3C, 0x0A, 0x15, 0x08, 0x08, 0x11, 0x0B, 0x18, 0x11, 0x10, 
0x1B, 0x28, 0x24, 0x03, 0x05, 0x38, 0x38, 0x10, 0x10, 0x0C, 0x13, 0x12, 0x0B, 0x15, 0xFE, 0x94, 0x44, 0xCA, 0x08, 0x0D, 
0x10, 0x07, 0x29, 0x32, 0x36, 0x2D, 0x0D, 0x09, 0x08, 0x00, 0x00, 0x00, 0x00, 0x01, 0x00, 0x1B, 0xFF, 0xE7, 0x02, 0x56, 
0x02, 0xC8, 0x00, 0x65, 0x00, 0x00, 0x01, 0x32, 0x33, 0x32, 0x17, 0x16, 0x17, 0x16, 0x17, 0x06, 0x07, 0x26, 0x27, 0x26, 
0x23, 0x22, 0x07, 0x06, 0x07, 0x06, 0x15, 0x14, 0x15, 0x14, 0x17, 0x16, 0x17, 0x32, 0x33, 0x14, 0x15, 0x22, 0x23, 0x14, 
0x07, 0x06, 0x07, 0x06, 0x07, 0x16, 0x17, 0x16, 0x17, 0x16, 0x17, 0x16, 0x33, 0x32, 0x37, 0x16, 0x17, 0x06, 0x07, 0x06, 
0x07, 0x06, 0x23, 0x22, 0x23, 0x22, 0x27, 0x26, 0x27, 0x26, 0x27, 0x26, 0x23, 0x30, 0x31, 0x22, 0x07, 0x06, 0x07, 0x26, 
0x27, 0x36, 0x37, 0x36, 0x37, 0x36, 0x37, 0x36, 0x37, 0x36, 0x35, 0x22, 0x23, 0x34, 0x35, 0x30, 0x37, 0x32, 0x33, 0x26, 
0x35, 0x34, 0x37, 0x36, 0x37, 0x36, 0x37, 0x36, 0x01, 0x60, 0x02, 0x05, 0x35, 0x37, 0x11, 0x14, 0x02, 0x03, 0x10, 0x32, 
0x14, 0x1B, 0x15, 0x14, 0x27, 0x24, 0x18, 0x07, 0x05, 0x17, 0x0F, 0x03, 0x37, 0x6F, 0x24, 0x6B, 0x18, 0x0B, 0x11, 0x09, 
0x0A, 0x1F, 0x15, 0x10, 0x12, 0x09, 0x0C, 0x25, 0x23, 0x34, 0x3D, 0x17, 0x2E, 0x19, 0x0B, 0x17, 0x19, 0x32, 0x2C, 0x03, 
0x04, 0x2D, 0x31, 0x12, 0x15, 0x10, 0x09, 0x11, 0x16, 0x31, 0x43, 0x05, 0x0A, 0x0F, 0x2B, 0x08, 0x1A, 0x1A, 0x21, 0x21, 
0x0B, 0x12, 0x09, 0x15, 0x24, 0x49, 0x01, 0x12, 0x37, 0x1E, 0x2B, 0x10, 0x06, 0x14, 0x0D, 0x36, 0x02, 0xC8, 0x1D, 0x0A, 
0x10, 0x02, 0x03, 0x11, 0x34, 0x11, 0x08, 0x07, 0x19, 0x0F, 0x13, 0x0D, 0x12, 0x01, 0x01, 0x22, 0x2D, 0x1D, 0x08, 0x19, 
0x48, 0x2A, 0x32, 0x14, 0x18, 0x0D, 0x0C, 0x03, 0x0A, 0x07, 0x0B, 0x07, 0x0B, 0x1D, 0x3E, 0x17, 0x2D, 0x19, 0x08, 0x13, 
0x0D, 0x19, 0x1A, 0x0A, 0x11, 0x0F, 0x02, 0x08, 0x25, 0x03, 0x07, 0x13, 0x3A, 0x07, 0x16, 0x16, 0x1F, 0x22, 0x0E, 0x17, 
0x0F, 0x24, 0x17, 0x18, 0x48, 0x01, 0x3D, 0x39, 0x43, 0x30, 0x11, 0x03, 0x10, 0x07, 0x1D, 0x00, 0x00, 0x02, 0x00, 0x20, 
0x00, 0x41, 0x02, 0xB0, 0x02, 0xB7, 0x00, 0x1D, 0x00, 0x63, 0x00, 0x00, 0x13, 0x14, 0x17, 0x16, 0x17, 0x16, 0x17, 0x16, 
0x17, 0x16, 0x33, 0x32, 0x37, 0x36, 0x37, 0x36, 0x35, 0x34, 0x27, 0x26, 0x27, 0x26, 0x27, 0x26, 0x23, 0x22, 0x07, 0x06, 
0x07, 0x06, 0x13, 0x32, 0x33, 0x32, 0x17, 0x16, 0x17, 0x14, 0x33, 0x36, 0x37, 0x16, 0x17, 0x14, 0x31, 0x06, 0x07, 0x16, 
0x17, 0x16, 0x15, 0x14, 0x15, 0x14, 0x07, 0x06, 0x15, 0x16, 0x17, 0x06, 0x07, 0x26, 0x27, 0x06, 0x23, 0x22, 0x27, 0x26, 
0x27, 0x06, 0x07, 0x26, 0x27, 0x36, 0x37, 0x26, 0x27, 0x26, 0x27, 0x26, 0x35, 0x34, 0x35, 0x34, 0x37, 0x36, 0x37, 0x36, 
0x37, 0x26, 0x27, 0x36, 0x37, 0x16, 0x17, 0x36, 0x37, 0x36, 0x37, 0x36, 0x80, 0x2B, 0x08, 0x10, 0x15, 0x0B, 0x10, 0x12, 
0x30, 0x33, 0x46, 0x3D, 0x2B, 0x1B, 0x1F, 0x33, 0x13, 0x0C, 0x16, 0x10, 0x34, 0x3C, 0x47, 0x3C, 0x3E, 0x1B, 0x0C, 0xE4, 
0x02, 0x06, 0x48, 0x47, 0x18, 0x15, 0x01, 0x0D, 0x29, 0x41, 0x03, 0x0D, 0x26, 0x10, 0x0C, 0x24, 0x35, 0x08, 0x10, 0x20, 
0x11, 0x33, 0x0C, 0x25, 0x5A, 0x6C, 0x64, 0x55, 0x05, 0x09, 0x2D, 0x03, 0x17, 0x2D, 0x0C, 0x23, 0x0C, 0x0B, 0x0B, 0x0A, 
0x10, 0x20, 0x0A, 0x12, 0x02, 0x02, 0x0C, 0x27, 0x11, 0x33, 0x0D, 0x29, 0x12, 0x14, 0x17, 0x21, 0x30, 0x01, 0x7C, 0x44, 
0x3A, 0x0B, 0x10, 0x14, 0x06, 0x0A, 0x08, 0x16, 0x27, 0x1C, 0x2C, 0x34, 0x38, 0x4A, 0x3E, 0x15, 0x0A, 0x10, 0x08, 0x1C, 
0x27, 0x28, 0x45, 0x23, 0x01, 0x17, 0x21, 0x0C, 0x0E, 0x01, 0x0D, 0x28, 0x41, 0x03, 0x01, 0x0D, 0x26, 0x15, 0x16, 0x45, 
0x4B, 0x01, 0x01, 0x5B, 0x51, 0x0A, 0x01, 0x0F, 0x20, 0x11, 0x34, 0x0C, 0x24, 0x3F, 0x37, 0x03, 0x05, 0x2D, 0x03, 0x17, 
0x2E, 0x0C, 0x23, 0x12, 0x12, 0x14, 0x1D, 0x32, 0x2D, 0x03, 0x05, 0x42, 0x42, 0x16, 0x1A, 0x01, 0x03, 0x0D, 0x27, 0x11, 
0x33, 0x0D, 0x28, 0x0D, 0x0B, 0x0B, 0x0A, 0x0F, 0x00, 0x01, 0x00, 0x20, 0x00, 0x01, 0x02, 0x56, 0x02, 0xB7, 0x00, 0x47, 
0x00, 0x00, 0x13, 0x16, 0x17, 0x16, 0x17, 0x36, 0x37, 0x36, 0x37, 0x16, 0x17, 0x06, 0x07, 0x06, 0x07, 0x14, 0x15, 0x32, 
0x33, 0x14, 0x15, 0x30, 0x23, 0x22, 0x23, 0x14, 0x15, 0x32, 0x33, 0x32, 0x31, 0x14, 0x15, 0x30, 0x07, 0x22, 0x23, 0x14, 
0x15, 0x22, 0x23, 0x34, 0x35, 0x22, 0x23, 0x34, 0x23, 0x34, 0x35, 0x32, 0x31, 0x32, 0x33, 0x34, 0x35, 0x22, 0x23, 0x30, 
0x23, 0x34, 0x35, 0x32, 0x33, 0x34, 0x35, 0x26, 0x27, 0x26, 0x27, 0x30, 0x31, 0x36, 0x68, 0x1D, 0x57, 0x18, 0x47, 0x26, 
0x72, 0x0E, 0x2C, 0x47, 0x02, 0x2C, 0x5A, 0x19, 0x4C, 0x2A, 0x7C, 0x01, 0x29, 0x7C, 0x29, 0x7C, 0x01, 0x01, 0x29, 0x7C, 
0x18, 0x49, 0x29, 0x7C, 0x01, 0x01, 0x29, 0x7C, 0x29, 0x7C, 0x01, 0x2A, 0x7C, 0x26, 0x70, 0x15, 0x3F, 0x03, 0x02, 0xB7, 
0x21, 0x62, 0x1B, 0x4F, 0x2B, 0x80, 0x10, 0x32, 0x3F, 0x01, 0x32, 0x64, 0x1D, 0x55, 0x03, 0x0A, 0x18, 0x49, 0x05, 0x10, 
0x18, 0x47, 0x01, 0x22, 0x69, 0x23, 0x68, 0x01, 0x18, 0x47, 0x06, 0x0F, 0x19, 0x48, 0x03, 0x0A, 0x2A, 0x7F, 0x18, 0x47, 
0x04, 0x00, 0x00, 0x00, 0x00, 0x02, 0x00, 0x64, 0xFF, 0x06, 0x00, 0xC4, 0x02, 0xEE, 0x00, 0x0B, 0x00, 0x17, 0x00, 0x00, 
0x13, 0x14, 0x15, 0x30, 0x31, 0x22, 0x23, 0x30, 0x31, 0x34, 0x35, 0x32, 0x13, 0x14, 0x15, 0x14, 0x31, 0x22, 0x23, 0x30, 
0x35, 0x34, 0x35, 0x32, 0xC4, 0x18, 0x48, 0x18, 0x48, 0x18, 0x48, 0x18, 0x02, 0xEE, 0x51, 0xF4, 0x52, 0xF3, 0xFD, 0x5D, 
0x51, 0xF3, 0x01, 0x01, 0x51, 0xF3, 0x00, 0x00, 0x00, 0x02, 0x00, 0x3B, 0xFF, 0xF1, 0x01, 0xA6, 0x02, 0xE8, 0x00, 0x13, 
0x00, 0x87, 0x00, 0x00, 0x13, 0x22, 0x07, 0x06, 0x15, 0x14, 0x17, 0x16, 0x33, 0x32, 0x37, 0x36, 0x37, 0x36, 0x35, 0x34, 
0x27, 0x26, 0x23, 0x22, 0x03, 0x32, 0x33, 0x32, 0x17, 0x16, 0x17, 0x16, 0x17, 0x16, 0x17, 0x06, 0x07, 0x30, 0x23, 0x26, 
0x27, 0x26, 0x23, 0x22, 0x07, 0x06, 0x07, 0x06, 0x15, 0x14, 0x15, 0x14, 0x17, 0x16, 0x17, 0x16, 0x17, 0x16, 0x17, 0x16, 
0x17, 0x16, 0x17, 0x16, 0x15, 0x30, 0x31, 0x14, 0x07, 0x06, 0x07, 0x16, 0x17, 0x16, 0x15, 0x14, 0x15, 0x14, 0x07, 0x06, 
0x07, 0x06, 0x07, 0x06, 0x07, 0x06, 0x23, 0x30, 0x23, 0x22, 0x27, 0x26, 0x27, 0x26, 0x27, 0x36, 0x37, 0x16, 0x17, 0x16, 
0x33, 0x32, 0x37, 0x36, 0x35, 0x34, 0x27, 0x26, 0x27, 0x26, 0x27, 0x26, 0x27, 0x26, 0x27, 0x26, 0x27, 0x26, 0x27, 0x26, 
0x35, 0x34, 0x35, 0x34, 0x37, 0x36, 0x37, 0x36, 0x37, 0x26, 0x27, 0x26, 0x35, 0x34, 0x37, 0x36, 0x37, 0x36, 0x37, 0x36, 
0xEE, 0x1E, 0x19, 0x1B, 0x18, 0x1A, 0x22, 0x28, 0x1C, 0x06, 0x03, 0x08, 0x1D, 0x19, 0x1C, 0x02, 0x01, 0x02, 0x06, 0x30, 
0x2D, 0x0F, 0x0F, 0x12, 0x05, 0x09, 0x04, 0x1D, 0x39, 0x01, 0x0C, 0x1C, 0x11, 0x13, 0x21, 0x18, 0x07, 0x07, 0x0A, 0x14, 
0x0C, 0x1A, 0x19, 0x2D, 0x12, 0x0F, 0x10, 0x13, 0x14, 0x0C, 0x1F, 0x2F, 0x04, 0x08, 0x10, 0x0D, 0x17, 0x1A, 0x05, 0x0D, 
0x10, 0x0A, 0x0C, 0x13, 0x25, 0x28, 0x01, 0x4C, 0x38, 0x0F, 0x05, 0x07, 0x04, 0x48, 0x0F, 0x0C, 0x1D, 0x11, 0x13, 0x1E, 
0x19, 0x1A, 0x0B, 0x0C, 0x11, 0x1A, 0x34, 0x10, 0x0D, 0x15, 0x11, 0x0C, 0x10, 0x11, 0x08, 0x15, 0x19, 0x07, 0x10, 0x04, 
0x08, 0x12, 0x0D, 0x16, 0x26, 0x0F, 0x09, 0x16, 0x1E, 0x1F, 0x01, 0xB2, 0x13, 0x16, 0x1D, 0x1B, 0x15, 0x15, 0x1A, 0x08, 
0x06, 0x0E, 0x0F, 0x1E, 0x16, 0x12, 0x01, 0x36, 0x1B, 0x09, 0x0D, 0x13, 0x08, 0x0C, 0x09, 0x0F, 0x1D, 0x19, 0x0C, 0x07, 
0x0F, 0x03, 0x09, 0x0C, 0x0E, 0x01, 0x02, 0x12, 0x0C, 0x09, 0x09, 0x09, 0x0A, 0x05, 0x07, 0x08, 0x0D, 0x10, 0x10, 0x2C, 
0x33, 0x3F, 0x31, 0x04, 0x08, 0x0C, 0x11, 0x22, 0x26, 0x02, 0x03, 0x29, 0x25, 0x08, 0x0F, 0x0D, 0x06, 0x07, 0x08, 0x0E, 
0x36, 0x11, 0x08, 0x0A, 0x08, 0x25, 0x06, 0x18, 0x0D, 0x07, 0x0E, 0x10, 0x19, 0x10, 0x09, 0x0B, 0x07, 0x0C, 0x0A, 0x04, 
0x05, 0x09, 0x0B, 0x07, 0x10, 0x13, 0x0E, 0x26, 0x25, 0x02, 0x05, 0x28, 0x29, 0x0B, 0x11, 0x04, 0x07, 0x0C, 0x14, 0x1F, 
0x2A, 0x35, 0x2A, 0x10, 0x05, 0x10, 0x0A, 0x09, 0x00, 0x02, 0x00, 0x79, 0x03, 0x50, 0x01, 0xB5, 0x03, 0xCF, 0x00, 0x19, 
0x00, 0x33, 0x00, 0x00, 0x13, 0x32, 0x17, 0x16, 0x15, 0x14, 0x15, 0x14, 0x07, 0x06, 0x07, 0x06, 0x23, 0x22, 0x23, 0x22, 
0x27, 0x26, 0x27, 0x26, 0x35, 0x34, 0x35, 0x34, 0x37, 0x36, 0x33, 0x32, 0x17, 0x16, 0x15, 0x14, 0x15, 0x14, 0x07, 0x06, 
0x07, 0x06, 0x23, 0x22, 0x23, 0x22, 0x27, 0x26, 0x27, 0x26, 0x35, 0x34, 0x35, 0x34, 0x37, 0x36, 0xB8, 0x1F, 0x14, 0x0C, 
0x13, 0x0F, 0x0E, 0x07, 0x04, 0x03, 0x05, 0x10, 0x11, 0x11, 0x06, 0x03, 0x13, 0x13, 0xD8, 0x1D, 0x15, 0x0C, 0x14, 0x0E, 
0x0E, 0x08, 0x04, 0x02, 0x04, 0x10, 0x12, 0x11, 0x07, 0x02, 0x13, 0x13, 0x03, 0xCF, 0x1B, 0x11, 0x12, 0x01, 0x03, 0x18, 
0x14, 0x0C, 0x03, 0x02, 0x0C, 0x0C, 0x15, 0x09, 0x07, 0x02, 0x02, 0x18, 0x14, 0x12, 0x1B, 0x11, 0x12, 0x01, 0x03, 0x18, 
0x14, 0x0C, 0x03, 0x02, 0x0C, 0x0C, 0x15, 0x09, 0x07, 0x02, 0x02, 0x18, 0x14, 0x12, 0x00, 0x00, 0x00, 0x03, 0x00, 0x58, 
0xFF, 0xCF, 0x03, 0x9D, 0x03, 0x14, 0x00, 0x47, 0x00, 0x75, 0x00, 0xA1, 0x00, 0x00, 0x01, 0x32, 0x33, 0x32, 0x17, 0x16, 
0x17, 0x16, 0x17, 0x16, 0x17, 0x30, 0x31, 0x06, 0x07, 0x26, 0x27, 0x26, 0x27, 0x26, 0x23, 0x22, 0x07, 0x06, 0x07, 0x06, 
0x15, 0x14, 0x17, 0x16, 0x17, 0x16, 0x33, 0x30, 0x33, 0x32, 0x37, 0x36, 0x37, 0x30, 0x31, 0x16, 0x17, 0x06, 0x07, 0x06, 
0x07, 0x06, 0x07, 0x06, 0x07, 0x06, 0x23, 0x22, 0x23, 0x22, 0x27, 0x26, 0x27, 0x26, 0x35, 0x34, 0x35, 0x34, 0x37, 0x36, 
0x37, 0x36, 0x37, 0x36, 0x37, 0x36, 0x37, 0x32, 0x17, 0x16, 0x17, 0x16, 0x17, 0x16, 0x17, 0x16, 0x15, 0x14, 0x07, 0x06, 
0x07, 0x06, 0x07, 0x06, 0x07, 0x06, 0x23, 0x22, 0x27, 0x26, 0x27, 0x26, 0x27, 0x26, 0x27, 0x26, 0x27, 0x26, 0x35, 0x34, 
0x35, 0x34, 0x37, 0x36, 0x37, 0x36, 0x37, 0x36, 0x37, 0x36, 0x37, 0x36, 0x03, 0x14, 0x15, 0x14, 0x17, 0x16, 0x17, 0x16, 
0x17, 0x16, 0x17, 0x16, 0x33, 0x32, 0x33, 0x32, 0x37, 0x36, 0x37, 0x36, 0x37, 0x36, 0x37, 0x36, 0x37, 0x36, 0x35, 0x34, 
0x27, 0x26, 0x27, 0x26, 0x27, 0x26, 0x23, 0x22, 0x07, 0x06, 0x07, 0x06, 0x07, 0x06, 0x07, 0x06, 0x02, 0x0C, 0x01, 0x05, 
0x3F, 0x3C, 0x10, 0x12, 0x11, 0x09, 0x07, 0x07, 0x14, 0x3B, 0x07, 0x0B, 0x12, 0x0C, 0x23, 0x26, 0x2C, 0x27, 0x17, 0x11, 
0x17, 0x29, 0x0E, 0x0B, 0x25, 0x2B, 0x01, 0x37, 0x2C, 0x0F, 0x06, 0x14, 0x3C, 0x08, 0x13, 0x13, 0x0E, 0x0F, 0x0C, 0x11, 
0x16, 0x26, 0x20, 0x03, 0x06, 0x2F, 0x31, 0x59, 0x25, 0x10, 0x1B, 0x0A, 0x11, 0x13, 0x13, 0x14, 0x12, 0x36, 0x25, 0x82, 
0x6D, 0x15, 0x1A, 0x1C, 0x07, 0x14, 0x0B, 0x43, 0x41, 0x0D, 0x1A, 0x19, 0x12, 0x1A, 0x14, 0x69, 0x79, 0x7A, 0x6B, 0x16, 
0x1C, 0x1E, 0x06, 0x1D, 0x0D, 0x10, 0x0D, 0x20, 0x21, 0x0F, 0x16, 0x0E, 0x16, 0x1C, 0x0C, 0x1E, 0x18, 0x66, 0xCF, 0x39, 
0x0C, 0x11, 0x15, 0x09, 0x15, 0x15, 0x4E, 0x56, 0x01, 0x02, 0x5D, 0x52, 0x0D, 0x10, 0x09, 0x18, 0x03, 0x07, 0x13, 0x0B, 
0x2D, 0x3D, 0x0B, 0x16, 0x1C, 0x11, 0x56, 0x63, 0x65, 0x56, 0x0E, 0x1A, 0x18, 0x0A, 0x0D, 0x09, 0x28, 0x02, 0x5C, 0x23, 
0x09, 0x0F, 0x10, 0x0C, 0x08, 0x09, 0x0E, 0x2A, 0x09, 0x0C, 0x10, 0x07, 0x14, 0x1B, 0x10, 0x18, 0x25, 0x29, 0x39, 0x2B, 
0x0F, 0x06, 0x19, 0x28, 0x0F, 0x09, 0x0D, 0x28, 0x0D, 0x15, 0x12, 0x0A, 0x0A, 0x07, 0x09, 0x08, 0x0B, 0x16, 0x29, 0x5B, 
0x2B, 0x29, 0x02, 0x06, 0x36, 0x36, 0x12, 0x16, 0x16, 0x0F, 0x10, 0x09, 0x1B, 0xB8, 0x4B, 0x0D, 0x19, 0x1B, 0x08, 0x18, 
0x12, 0x6A, 0x7B, 0x77, 0x68, 0x17, 0x1E, 0x1C, 0x0E, 0x17, 0x0C, 0x41, 0x43, 0x0F, 0x18, 0x1D, 0x08, 0x23, 0x16, 0x19, 
0x1D, 0x50, 0x4F, 0x04, 0x08, 0x4F, 0x51, 0x20, 0x24, 0x14, 0x18, 0x1F, 0x08, 0x1A, 0x0F, 0x3C, 0xFE, 0x5E, 0x01, 0x01, 
0x63, 0x55, 0x10, 0x13, 0x15, 0x07, 0x11, 0x0D, 0x2D, 0x35, 0x07, 0x0E, 0x07, 0x18, 0x04, 0x08, 0x16, 0x15, 0x4D, 0x56, 
0x66, 0x57, 0x0F, 0x18, 0x1B, 0x0B, 0x3A, 0x3C, 0x09, 0x19, 0x18, 0x0F, 0x12, 0x12, 0x49, 0x00, 0x00, 0x02, 0x00, 0x3B, 
0x00, 0x40, 0x02, 0x4C, 0x01, 0x96, 0x00, 0x17, 0x00, 0x2F, 0x00, 0x00, 0x37, 0x34, 0x35, 0x36, 0x37, 0x36, 0x37, 0x32, 
0x31, 0x16, 0x17, 0x16, 0x17, 0x30, 0x31, 0x06, 0x07, 0x16, 0x17, 0x06, 0x07, 0x26, 0x27, 0x34, 0x21, 0x34, 0x35, 0x36, 
0x37, 0x36, 0x37, 0x32, 0x31, 0x16, 0x17, 0x16, 0x17, 0x30, 0x31, 0x06, 0x07, 0x16, 0x17, 0x06, 0x07, 0x26, 0x27, 0x34, 
0x3B, 0x2B, 0x83, 0x06, 0x12, 0x01, 0x02, 0x1B, 0x09, 0x11, 0x21, 0x64, 0x21, 0x64, 0x35, 0x02, 0x42, 0x85, 0x01, 0x12, 
0x2C, 0x83, 0x06, 0x12, 0x01, 0x03, 0x1A, 0x09, 0x11, 0x21, 0x64, 0x21, 0x64, 0x34, 0x03, 0x42, 0x85, 0xC9, 0x11, 0x32, 
0x1F, 0x5A, 0x05, 0x0C, 0x03, 0x27, 0x0C, 0x19, 0x17, 0x45, 0x17, 0x45, 0x4C, 0x03, 0x2D, 0x5B, 0x01, 0x11, 0x32, 0x1F, 
0x5A, 0x05, 0x0C, 0x03, 0x27, 0x0C, 0x19, 0x17, 0x45, 0x17, 0x45, 0x4C, 0x03, 0x2D, 0x5B, 0x01, 0x00, 0x01, 0x00, 0x4B, 
0x00, 0xAF, 0x01, 0xC4, 0x01, 0x95, 0x00, 0x0D, 0x00, 0x00, 0x13, 0x32, 0x21, 0x30, 0x17, 0x14, 0x15, 0x22, 0x23, 0x34, 
0x35, 0x22, 0x23, 0x34, 0x4B, 0x5E, 0x01, 0x1A, 0x01, 0x19, 0x48, 0x46, 0xD2, 0x01, 0x95, 0x01, 0x39, 0xAC, 0x21, 0x64, 
0x19, 0x00, 0x00, 0x00, 0x00, 0x01, 0x00, 0x26, 0x00, 0xCF, 0x01, 0x87, 0x01, 0x30, 0x00, 0x0B, 0x00, 0x00, 0x13, 0x32, 
0x21, 0x14, 0x31, 0x14, 0x15, 0x14, 0x31, 0x22, 0x21, 0x34, 0x26, 0x58, 0x01, 0x09, 0x59, 0xFE, 0xF8, 0x01, 0x30, 0x01, 
0x18, 0x47, 0x01, 0x18, 0x00, 0x04, 0x00, 0x58, 0x00, 0xFF, 0x02, 0x34, 0x02, 0xDC, 0x00, 0x0F, 0x00, 0x3B, 0x00, 0x69, 
0x00, 0x95, 0x00, 0x00, 0x01, 0x14, 0x15, 0x32, 0x33, 0x32, 0x37, 0x36, 0x35, 0x34, 0x35, 0x34, 0x27, 0x26, 0x23, 0x22, 
0x27, 0x32, 0x33, 0x32, 0x17, 0x16, 0x17, 0x16, 0x17, 0x16, 0x17, 0x16, 0x15, 0x14, 0x15, 0x14, 0x07, 0x06, 0x07, 0x06, 
0x07, 0x06, 0x07, 0x06, 0x07, 0x14, 0x17, 0x16, 0x17, 0x22, 0x23, 0x26, 0x27, 0x26, 0x27, 0x22, 0x23, 0x14, 0x31, 0x14, 
0x15, 0x22, 0x23, 0x34, 0x13, 0x32, 0x17, 0x16, 0x17, 0x16, 0x17, 0x16, 0x17, 0x16, 0x15, 0x14, 0x07, 0x06, 0x07, 0x06, 
0x07, 0x06, 0x07, 0x06, 0x23, 0x22, 0x27, 0x26, 0x27, 0x26, 0x27, 0x26, 0x27, 0x26, 0x27, 0x26, 0x35, 0x34, 0x35, 0x34, 
0x37, 0x36, 0x37, 0x36, 0x37, 0x36, 0x37, 0x36, 0x37, 0x36, 0x07, 0x30, 0x15, 0x14, 0x17, 0x16, 0x17, 0x16, 0x17, 0x16, 
0x17, 0x16, 0x33, 0x30, 0x33, 0x32, 0x37, 0x36, 0x37, 0x36, 0x37, 0x36, 0x37, 0x36, 0x37, 0x36, 0x35, 0x34, 0x27, 0x26, 
0x27, 0x26, 0x27, 0x26, 0x23, 0x22, 0x07, 0x06, 0x07, 0x06, 0x07, 0x06, 0x07, 0x06, 0x01, 0x20, 0x0B, 0x24, 0x19, 0x10, 
0x0D, 0x19, 0x0D, 0x0F, 0x10, 0x44, 0x15, 0x40, 0x16, 0x15, 0x07, 0x07, 0x03, 0x07, 0x0A, 0x05, 0x06, 0x09, 0x04, 0x06, 
0x06, 0x07, 0x09, 0x06, 0x03, 0x03, 0x14, 0x0D, 0x1A, 0x0B, 0x20, 0x01, 0x1F, 0x07, 0x0E, 0x0C, 0x23, 0x09, 0x1B, 0x49, 
0x4B, 0x3E, 0x0B, 0x10, 0x0F, 0x04, 0x0C, 0x06, 0x26, 0x24, 0x08, 0x0F, 0x0E, 0x0B, 0x0F, 0x0A, 0x3C, 0x46, 0x45, 0x3C, 
0x0D, 0x10, 0x12, 0x03, 0x10, 0x07, 0x0A, 0x06, 0x13, 0x13, 0x08, 0x0D, 0x08, 0x0C, 0x10, 0x07, 0x11, 0x0E, 0x3A, 0x84, 
0x23, 0x06, 0x0B, 0x0D, 0x06, 0x0D, 0x0D, 0x2F, 0x35, 0x02, 0x39, 0x32, 0x08, 0x0A, 0x05, 0x0F, 0x02, 0x04, 0x0C, 0x07, 
0x1B, 0x25, 0x07, 0x0D, 0x11, 0x0B, 0x34, 0x3E, 0x3D, 0x35, 0x08, 0x10, 0x0F, 0x07, 0x07, 0x06, 0x18, 0x02, 0x54, 0x1A, 
0x4B, 0x11, 0x0E, 0x13, 0x02, 0x02, 0x1A, 0x0E, 0x07, 0x24, 0x0B, 0x02, 0x07, 0x02, 0x06, 0x0B, 0x0C, 0x0F, 0x0F, 0x03, 
0x04, 0x14, 0x13, 0x06, 0x08, 0x07, 0x05, 0x07, 0x04, 0x01, 0x01, 0x01, 0x25, 0x18, 0x2F, 0x02, 0x3B, 0x0D, 0x1C, 0x01, 
0x19, 0x4C, 0x45, 0x01, 0x32, 0x2B, 0x08, 0x0D, 0x10, 0x04, 0x0F, 0x09, 0x3D, 0x46, 0x44, 0x3A, 0x0E, 0x11, 0x10, 0x08, 
0x0C, 0x08, 0x25, 0x26, 0x09, 0x0E, 0x10, 0x05, 0x13, 0x0D, 0x0E, 0x11, 0x2D, 0x2E, 0x02, 0x04, 0x2D, 0x2E, 0x13, 0x14, 
0x0B, 0x0E, 0x11, 0x06, 0x0E, 0x08, 0x23, 0xEE, 0x02, 0x3C, 0x34, 0x0A, 0x0C, 0x0D, 0x04, 0x0A, 0x08, 0x1B, 0x20, 0x04, 
0x09, 0x03, 0x0F, 0x03, 0x05, 0x0D, 0x0D, 0x2F, 0x35, 0x3F, 0x35, 0x0A, 0x0E, 0x10, 0x07, 0x24, 0x24, 0x07, 0x0F, 0x0E, 
0x09, 0x0B, 0x0C, 0x2C, 0x00, 0x02, 0x00, 0x31, 0x01, 0x73, 0x01, 0x8A, 0x02, 0xCB, 0x00, 0x0F, 0x00, 0x2D, 0x00, 0x00, 
0x13, 0x14, 0x17, 0x16, 0x33, 0x32, 0x37, 0x36, 0x35, 0x34, 0x27, 0x26, 0x23, 0x22, 0x07, 0x06, 0x37, 0x32, 0x33, 0x32, 
0x17, 0x16, 0x17, 0x16, 0x15, 0x14, 0x07, 0x06, 0x07, 0x06, 0x23, 0x22, 0x27, 0x26, 0x27, 0x26, 0x27, 0x26, 0x35, 0x34, 
0x35, 0x34, 0x37, 0x36, 0x37, 0x36, 0x9C, 0x17, 0x14, 0x16, 0x1E, 0x15, 0x10, 0x1C, 0x11, 0x16, 0x1F, 0x16, 0x0C, 0x3E, 
0x02, 0x05, 0x2C, 0x2C, 0x33, 0x15, 0x09, 0x2B, 0x0F, 0x09, 0x30, 0x39, 0x3E, 0x33, 0x10, 0x05, 0x08, 0x07, 0x18, 0x1B, 
0x20, 0x38, 0x1D, 0x02, 0x1F, 0x1D, 0x16, 0x10, 0x18, 0x13, 0x18, 0x20, 0x15, 0x0C, 0x1B, 0x11, 0x97, 0x1A, 0x20, 0x3A, 
0x1D, 0x1B, 0x3F, 0x33, 0x11, 0x06, 0x23, 0x29, 0x0F, 0x07, 0x09, 0x0C, 0x2A, 0x2A, 0x03, 0x05, 0x2C, 0x2C, 0x31, 0x15, 
0x0A, 0x00, 0x00, 0x00, 0x00, 0x02, 0x00, 0x26, 0xFF, 0xA0, 0x01, 0x89, 0x01, 0xB0, 0x00, 0x0B, 0x00, 0x2B, 0x00, 0x00, 
0x33, 0x32, 0x21, 0x32, 0x31, 0x14, 0x15, 0x30, 0x23, 0x22, 0x21, 0x34, 0x13, 0x22, 0x23, 0x34, 0x35, 0x32, 0x33, 0x34, 
0x35, 0x30, 0x31, 0x32, 0x33, 0x30, 0x31, 0x14, 0x15, 0x32, 0x33, 0x16, 0x31, 0x14, 0x15, 0x14, 0x23, 0x22, 0x23, 0x14, 
0x15, 0x22, 0x23, 0x34, 0x26, 0x59, 0x01, 0x09, 0x01, 0x01, 0x58, 0xFE, 0xF6, 0x82, 0x21, 0x61, 0x20, 0x62, 0x18, 0x48, 
0x20, 0x60, 0x01, 0x01, 0x20, 0x60, 0x18, 0x48, 0x18, 0x48, 0x18, 0x01, 0x17, 0x18, 0x49, 0x20, 0x60, 0x20, 0x60, 0x01, 
0x18, 0x47, 0x01, 0x20, 0x62, 0x21, 0x00, 0x00, 0x00, 0x01, 0x00, 0x79, 0x03, 0x30, 0x01, 0x6B, 0x03, 0xF8, 0x00, 0x0B, 
0x00, 0x00, 0x01, 0x06, 0x07, 0x26, 0x31, 0x26, 0x27, 0x30, 0x35, 0x36, 0x37, 0x16, 0x01, 0x6B, 0x30, 0x8F, 0x01, 0x0C, 
0x26, 0x30, 0x8F, 0x0D, 0x03, 0xA6, 0x1D, 0x59, 0x01, 0x14, 0x3D, 0x01, 0x1D, 0x58, 0x14, 0x00, 0x00, 0x01, 0x00, 0x50, 
0xFF, 0x38, 0x01, 0xFB, 0x01, 0xE0, 0x00, 0x37, 0x00, 0x00, 0x37, 0x14, 0x15, 0x30, 0x31, 0x22, 0x23, 0x30, 0x31, 0x34, 
0x11, 0x30, 0x35, 0x32, 0x33, 0x14, 0x31, 0x14, 0x15, 0x16, 0x17, 0x16, 0x33, 0x32, 0x33, 0x32, 0x37, 0x36, 0x35, 0x34, 
0x35, 0x34, 0x37, 0x32, 0x33, 0x32, 0x17, 0x14, 0x11, 0x22, 0x07, 0x22, 0x23, 0x22, 0x35, 0x34, 0x35, 0x22, 0x23, 0x06, 
0x07, 0x06, 0x23, 0x22, 0x23, 0x22, 0xB0, 0x18, 0x48, 0x18, 0x48, 0x01, 0x33, 0x15, 0x22, 0x02, 0x06, 0x3D, 0x19, 0x22, 
0x01, 0x17, 0x46, 0x01, 0x01, 0x01, 0x01, 0x17, 0x46, 0x01, 0x01, 0x01, 0x19, 0x29, 0x16, 0x20, 0x02, 0x03, 0x3E, 0x17, 
0x38, 0xA7, 0xAA, 0x01, 0xFD, 0x01, 0x01, 0x49, 0xDC, 0x3D, 0x13, 0x0A, 0x14, 0x14, 0x35, 0x60, 0xC0, 0x01, 0x01, 0x02, 
0x76, 0xFE, 0x9D, 0x01, 0x01, 0x07, 0x14, 0x0E, 0x0C, 0x05, 0x00, 0x00, 0x00, 0x01, 0x00, 0x35, 0x00, 0x32, 0x01, 0xFA, 
0x02, 0xA6, 0x00, 0x2B, 0x00, 0x00, 0x25, 0x34, 0x11, 0x22, 0x23, 0x14, 0x11, 0x14, 0x31, 0x22, 0x23, 0x22, 0x35, 0x34, 
0x35, 0x26, 0x27, 0x26, 0x35, 0x34, 0x37, 0x36, 0x33, 0x32, 0x33, 0x30, 0x15, 0x32, 0x33, 0x32, 0x31, 0x14, 0x15, 0x30, 
0x23, 0x22, 0x23, 0x14, 0x11, 0x14, 0x31, 0x22, 0x23, 0x22, 0x01, 0x6F, 0x0E, 0x2A, 0x18, 0x48, 0x01, 0x43, 0x2B, 0x33, 
0x36, 0x36, 0x59, 0x4A, 0x94, 0x08, 0x19, 0x01, 0x01, 0x0A, 0x1F, 0x18, 0x48, 0x01, 0x33, 0x84, 0x01, 0x8E, 0x85, 0xFE, 
0x73, 0x01, 0x01, 0x46, 0xD3, 0x09, 0x28, 0x2F, 0x4C, 0x4E, 0x30, 0x30, 0x01, 0x18, 0x48, 0x85, 0xFE, 0x73, 0x01, 0x00, 
0x00, 0x01, 0x00, 0x79, 0x01, 0x43, 0x00, 0xF7, 0x01, 0xC1, 0x00, 0x19, 0x00, 0x00, 0x13, 0x32, 0x17, 0x16, 0x15, 0x14, 
0x15, 0x14, 0x07, 0x06, 0x07, 0x06, 0x23, 0x22, 0x23, 0x22, 0x27, 0x26, 0x27, 0x26, 0x35, 0x34, 0x35, 0x34, 0x37, 0x36, 
0xB8, 0x1F, 0x14, 0x0C, 0x13, 0x0F, 0x0E, 0x07, 0x04, 0x03, 0x05, 0x10, 0x11, 0x11, 0x06, 0x03, 0x13, 0x13, 0x01, 0xC1, 
0x1A, 0x12, 0x11, 0x01, 0x03, 0x18, 0x14, 0x0C, 0x04, 0x01, 0x0C, 0x0C, 0x15, 0x08, 0x08, 0x01, 0x03, 0x18, 0x14, 0x11, 
0x00, 0x01, 0x00, 0x7B, 0xFF, 0x1D, 0x01, 0x45, 0x00, 0x10, 0x00, 0x35, 0x00, 0x00, 0x37, 0x16, 0x17, 0x14, 0x31, 0x06, 
0x07, 0x16, 0x17, 0x16, 0x17, 0x16, 0x15, 0x14, 0x15, 0x14, 0x07, 0x06, 0x07, 0x06, 0x23, 0x30, 0x23, 0x22, 0x27, 0x26, 
0x27, 0x26, 0x27, 0x30, 0x31, 0x36, 0x37, 0x16, 0x33, 0x32, 0x37, 0x36, 0x35, 0x34, 0x27, 0x26, 0x23, 0x22, 0x23, 0x22, 
0x07, 0x06, 0x07, 0x30, 0x31, 0x36, 0x37, 0x30, 0xAF, 0x13, 0x3A, 0x01, 0x04, 0x0E, 0x08, 0x1F, 0x0F, 0x0A, 0x16, 0x0B, 
0x06, 0x20, 0x25, 0x02, 0x27, 0x24, 0x0D, 0x02, 0x01, 0x01, 0x0F, 0x30, 0x0E, 0x10, 0x0C, 0x09, 0x08, 0x03, 0x04, 0x07, 
0x01, 0x02, 0x0D, 0x14, 0x12, 0x22, 0x08, 0x18, 0x10, 0x04, 0x0C, 0x01, 0x08, 0x17, 0x03, 0x02, 0x0D, 0x1D, 0x16, 0x16, 
0x01, 0x02, 0x21, 0x1D, 0x0B, 0x04, 0x18, 0x1C, 0x0E, 0x03, 0x01, 0x02, 0x0D, 0x25, 0x12, 0x08, 0x07, 0x08, 0x05, 0x06, 
0x02, 0x08, 0x05, 0x0C, 0x26, 0x72, 0x00, 0x00, 0x00, 0x02, 0x00, 0x57, 0x00, 0x40, 0x02, 0x68, 0x01, 0x96, 0x00, 0x17, 
0x00, 0x2F, 0x00, 0x00, 0x25, 0x06, 0x07, 0x26, 0x27, 0x36, 0x37, 0x26, 0x27, 0x30, 0x31, 0x36, 0x37, 0x36, 0x37, 0x30, 
0x31, 0x16, 0x17, 0x16, 0x17, 0x14, 0x15, 0x30, 0x05, 0x06, 0x07, 0x26, 0x27, 0x36, 0x37, 0x26, 0x27, 0x30, 0x31, 0x36, 
0x37, 0x36, 0x37, 0x30, 0x33, 0x16, 0x17, 0x16, 0x17, 0x14, 0x15, 0x30, 0x02, 0x68, 0x32, 0x95, 0x02, 0x35, 0x2C, 0x59, 
0x21, 0x64, 0x06, 0x14, 0x1B, 0x02, 0x06, 0x12, 0x2C, 0x83, 0xFE, 0xED, 0x32, 0x95, 0x02, 0x35, 0x2C, 0x59, 0x21, 0x64, 
0x07, 0x13, 0x1B, 0x02, 0x01, 0x06, 0x12, 0x2B, 0x83, 0xC8, 0x22, 0x66, 0x03, 0x4C, 0x1F, 0x3D, 0x17, 0x45, 0x09, 0x1C, 
0x27, 0x03, 0x04, 0x0D, 0x1E, 0x5B, 0x10, 0x33, 0x01, 0x22, 0x66, 0x03, 0x4C, 0x1F, 0x3D, 0x17, 0x45, 0x09, 0x1C, 0x27, 
0x03, 0x04, 0x0D, 0x1E, 0x5B, 0x10, 0x33, 0x00, 0x00, 0x02, 0x00, 0x2F, 0x00, 0x00, 0x01, 0xE9, 0x02, 0xF4, 0x00, 0x15, 
0x00, 0x5D, 0x00, 0x00, 0x01, 0x22, 0x27, 0x26, 0x35, 0x34, 0x35, 0x34, 0x37, 0x36, 0x33, 0x32, 0x33, 0x32, 0x17, 0x16, 
0x17, 0x16, 0x15, 0x14, 0x07, 0x06, 0x03, 0x22, 0x23, 0x22, 0x27, 0x26, 0x27, 0x26, 0x27, 0x26, 0x27, 0x26, 0x35, 0x34, 
0x37, 0x36, 0x37, 0x36, 0x37, 0x36, 0x37, 0x36, 0x37, 0x36, 0x37, 0x36, 0x35, 0x34, 0x35, 0x32, 0x35, 0x32, 0x33, 0x16, 
0x31, 0x14, 0x15, 0x14, 0x07, 0x06, 0x07, 0x06, 0x07, 0x06, 0x07, 0x06, 0x15, 0x14, 0x17, 0x16, 0x33, 0x32, 0x37, 0x36, 
0x35, 0x34, 0x35, 0x32, 0x33, 0x14, 0x15, 0x14, 0x07, 0x06, 0x07, 0x06, 0x07, 0x06, 0x07, 0x06, 0x07, 0x06, 0x01, 0x10, 
0x1C, 0x14, 0x0E, 0x15, 0x12, 0x15, 0x02, 0x04, 0x10, 0x11, 0x12, 0x07, 0x02, 0x18, 0x11, 0x18, 0x02, 0x05, 0x2C, 0x2D, 
0x13, 0x15, 0x0B, 0x0D, 0x13, 0x09, 0x24, 0x21, 0x09, 0x0F, 0x10, 0x0D, 0x12, 0x28, 0x0A, 0x0C, 0x06, 0x03, 0x02, 0x01, 
0x18, 0x47, 0x01, 0x40, 0x0F, 0x27, 0x16, 0x0D, 0x10, 0x07, 0x01, 0x22, 0x26, 0x34, 0x31, 0x27, 0x24, 0x19, 0x48, 0x19, 
0x08, 0x10, 0x06, 0x10, 0x0E, 0x0B, 0x12, 0x14, 0x2B, 0x02, 0x76, 0x17, 0x13, 0x14, 0x01, 0x02, 0x19, 0x14, 0x10, 0x0C, 
0x0C, 0x17, 0x09, 0x07, 0x1D, 0x14, 0x0E, 0xFD, 0x8A, 0x14, 0x09, 0x10, 0x08, 0x0D, 0x14, 0x0F, 0x39, 0x42, 0x3B, 0x39, 
0x10, 0x10, 0x13, 0x0A, 0x0F, 0x1C, 0x07, 0x0B, 0x07, 0x06, 0x06, 0x07, 0x26, 0x4D, 0x01, 0x01, 0x1C, 0x56, 0x44, 0x30, 
0x0D, 0x1B, 0x10, 0x14, 0x18, 0x1D, 0x0C, 0x08, 0x32, 0x26, 0x28, 0x25, 0x27, 0x34, 0x06, 0x0B, 0x05, 0x10, 0x31, 0x33, 
0x11, 0x13, 0x09, 0x0F, 0x0D, 0x07, 0x0D, 0x0A, 0x11, 0x00, 0x00, 0x00, 0x00, 0x03, 0x00, 0x11, 0x00, 0x00, 0x02, 0xBF, 
0x03, 0xF6, 0x00, 0x0B, 0x00, 0x13, 0x00, 0x2D, 0x00, 0x00, 0x01, 0x16, 0x17, 0x30, 0x15, 0x06, 0x07, 0x22, 0x31, 0x26, 
0x27, 0x36, 0x03, 0x32, 0x33, 0x26, 0x27, 0x22, 0x07, 0x06, 0x13, 0x32, 0x17, 0x16, 0x13, 0x22, 0x23, 0x22, 0x23, 0x22, 
0x27, 0x26, 0x27, 0x22, 0x21, 0x06, 0x07, 0x22, 0x23, 0x30, 0x31, 0x36, 0x13, 0x36, 0x37, 0x32, 0x01, 0x21, 0x30, 0x8F, 
0x0C, 0x25, 0x01, 0x30, 0x8F, 0x0C, 0x1B, 0x43, 0xC9, 0x21, 0x64, 0x02, 0x35, 0x1B, 0x80, 0x02, 0x29, 0x55, 0xAA, 0x01, 
0x01, 0x1A, 0x4E, 0x02, 0x0C, 0x11, 0x22, 0x57, 0xFE, 0xFB, 0x0F, 0x30, 0x1A, 0x4E, 0x40, 0xBE, 0x0B, 0x21, 0x16, 0x03, 
0xF6, 0x1D, 0x58, 0x01, 0x14, 0x3D, 0x1D, 0x58, 0x15, 0xFD, 0x46, 0x52, 0xF7, 0x87, 0x41, 0x01, 0x5C, 0x6C, 0xD0, 0xFE, 
0x60, 0x21, 0x2A, 0x52, 0x27, 0x76, 0x9D, 0x01, 0xD4, 0x1B, 0x50, 0x00, 0x00, 0x03, 0x00, 0x11, 0x00, 0x00, 0x02, 0xBF, 
0x03, 0xF6, 0x00, 0x0B, 0x00, 0x13, 0x00, 0x2D, 0x00, 0x00, 0x13, 0x36, 0x37, 0x30, 0x17, 0x16, 0x17, 0x30, 0x31, 0x06, 
0x07, 0x26, 0x03, 0x32, 0x33, 0x26, 0x27, 0x22, 0x07, 0x06, 0x13, 0x32, 0x17, 0x16, 0x13, 0x22, 0x23, 0x22, 0x23, 0x22, 
0x27, 0x26, 0x27, 0x22, 0x21, 0x06, 0x07, 0x22, 0x23, 0x30, 0x31, 0x36, 0x13, 0x36, 0x37, 0x32, 0xEF, 0x2F, 0x90, 0x01, 
0x0C, 0x25, 0x2F, 0x90, 0x0D, 0x34, 0x43, 0xC9, 0x21, 0x64, 0x02, 0x35, 0x1B, 0x80, 0x02, 0x29, 0x55, 0xAA, 0x01, 0x01, 
0x1A, 0x4E, 0x02, 0x0C, 0x11, 0x22, 0x57, 0xFE, 0xFB, 0x0F, 0x30, 0x1A, 0x4E, 0x40, 0xBE, 0x0B, 0x21, 0x16, 0x03, 0x80, 
0x1E, 0x58, 0x01, 0x14, 0x3D, 0x1E, 0x57, 0x14, 0xFD, 0xBC, 0x52, 0xF7, 0x87, 0x41, 0x01, 0x5C, 0x6C, 0xD0, 0xFE, 0x60, 
0x21, 0x2A, 0x52, 0x27, 0x76, 0x9D, 0x01, 0xD4, 0x1B, 0x50, 0x00, 0x00, 0x00, 0x03, 0x00, 0x11, 0x00, 0x00, 0x02, 0xBF, 
0x03, 0xEC, 0x00, 0x11, 0x00, 0x19, 0x00, 0x33, 0x00, 0x00, 0x01, 0x32, 0x33, 0x16, 0x17, 0x06, 0x07, 0x26, 0x27, 0x06, 
0x07, 0x30, 0x31, 0x26, 0x27, 0x30, 0x31, 0x36, 0x03, 0x32, 0x33, 0x26, 0x27, 0x22, 0x07, 0x06, 0x13, 0x32, 0x17, 0x16, 
0x13, 0x22, 0x23, 0x22, 0x23, 0x22, 0x27, 0x26, 0x27, 0x22, 0x21, 0x06, 0x07, 0x22, 0x23, 0x30, 0x31, 0x36, 0x13, 0x36, 
0x37, 0x32, 0x01, 0x4C, 0x0E, 0x2A, 0x07, 0x69, 0x18, 0x30, 0x11, 0x33, 0x11, 0x33, 0x12, 0x36, 0x1C, 0x18, 0x43, 0xC9, 
0x21, 0x64, 0x02, 0x35, 0x1B, 0x80, 0x02, 0x29, 0x55, 0xAA, 0x01, 0x01, 0x1A, 0x4E, 0x02, 0x0C, 0x11, 0x22, 0x57, 0xFE, 
0xFB, 0x0F, 0x30, 0x1A, 0x4E, 0x40, 0xBE, 0x0B, 0x21, 0x16, 0x03, 0xEC, 0x07, 0x76, 0x15, 0x2B, 0x13, 0x39, 0x13, 0x39, 
0x10, 0x30, 0x1F, 0xFD, 0x71, 0x52, 0xF7, 0x87, 0x41, 0x01, 0x5C, 0x6C, 0xD0, 0xFE, 0x60, 0x21, 0x2A, 0x52, 0x27, 0x76, 
0x9D, 0x01, 0xD4, 0x1B, 0x50, 0x00, 0x00, 0x00, 0x00, 0x03, 0x00, 0x11, 0x00, 0x00, 0x02, 0xBF, 0x03, 0xC6, 0x00, 0x07, 
0x00, 0x21, 0x00, 0x3D, 0x00, 0x00, 0x37, 0x32, 0x33, 0x26, 0x27, 0x22, 0x07, 0x06, 0x13, 0x32, 0x17, 0x16, 0x13, 0x22, 
0x23, 0x22, 0x23, 0x22, 0x27, 0x26, 0x27, 0x22, 0x21, 0x06, 0x07, 0x22, 0x23, 0x30, 0x31, 0x36, 0x13, 0x36, 0x37, 0x32, 
0x37, 0x06, 0x07, 0x06, 0x23, 0x22, 0x27, 0x26, 0x23, 0x22, 0x07, 0x06, 0x07, 0x34, 0x35, 0x36, 0x37, 0x36, 0x33, 0x32, 
0x17, 0x16, 0x33, 0x32, 0x37, 0x36, 0x37, 0x14, 0xE0, 0x43, 0xC9, 0x21, 0x64, 0x02, 0x35, 0x1B, 0x80, 0x02, 0x29, 0x55, 
0xAA, 0x01, 0x01, 0x1A, 0x4E, 0x02, 0x0C, 0x11, 0x22, 0x57, 0xFE, 0xFB, 0x0F, 0x30, 0x1A, 0x4E, 0x40, 0xBE, 0x0B, 0x21, 
0x16, 0xD1, 0x13, 0x13, 0x1E, 0x1D, 0x1D, 0x3C, 0x3B, 0x1D, 0x1A, 0x1D, 0x12, 0x17, 0x14, 0x13, 0x1D, 0x1C, 0x20, 0x3B, 
0x3A, 0x1C, 0x1B, 0x1C, 0x13, 0x17, 0xFF, 0x52, 0xF7, 0x87, 0x41, 0x01, 0x5C, 0x6C, 0xD0, 0xFE, 0x60, 0x21, 0x2A, 0x52, 
0x27, 0x76, 0x9D, 0x01, 0xD4, 0x1B, 0x50, 0x7E, 0x0F, 0x0B, 0x0F, 0x1D, 0x1E, 0x11, 0x0B, 0x1B, 0x21, 0x42, 0x14, 0x0A, 
0x10, 0x1E, 0x1E, 0x11, 0x0C, 0x1A, 0x22, 0x00, 0x00, 0x04, 0x00, 0x11, 0x00, 0x00, 0x02, 0xBF, 0x03, 0xBC, 0x00, 0x19, 
0x00, 0x33, 0x00, 0x3B, 0x00, 0x55, 0x00, 0x00, 0x01, 0x32, 0x17, 0x16, 0x15, 0x14, 0x15, 0x14, 0x07, 0x06, 0x07, 0x06, 
0x23, 0x22, 0x23, 0x22, 0x27, 0x26, 0x27, 0x26, 0x35, 0x34, 0x35, 0x34, 0x37, 0x36, 0x33, 0x32, 0x17, 0x16, 0x15, 0x14, 
0x15, 0x14, 0x07, 0x06, 0x07, 0x06, 0x23, 0x22, 0x23, 0x22, 0x27, 0x26, 0x27, 0x26, 0x35, 0x34, 0x35, 0x34, 0x37, 0x36, 
0x03, 0x32, 0x33, 0x26, 0x27, 0x22, 0x07, 0x06, 0x13, 0x32, 0x17, 0x16, 0x13, 0x22, 0x23, 0x22, 0x23, 0x22, 0x27, 0x26, 
0x27, 0x22, 0x21, 0x06, 0x07, 0x22, 0x23, 0x30, 0x31, 0x36, 0x13, 0x36, 0x37, 0x32, 0x01, 0x09, 0x1F, 0x14, 0x0C, 0x14, 
0x0E, 0x0E, 0x08, 0x04, 0x02, 0x05, 0x10, 0x11, 0x11, 0x07, 0x02, 0x13, 0x13, 0xD8, 0x1D, 0x15, 0x0C, 0x13, 0x0F, 0x0E, 
0x07, 0x04, 0x03, 0x04, 0x10, 0x12, 0x11, 0x06, 0x03, 0x13, 0x13, 0xCE, 0x43, 0xC9, 0x21, 0x64, 0x02, 0x35, 0x1B, 0x80, 
0x02, 0x29, 0x55, 0xAA, 0x01, 0x01, 0x1A, 0x4E, 0x02, 0x0C, 0x11, 0x22, 0x57, 0xFE, 0xFB, 0x0F, 0x30, 0x1A, 0x4E, 0x40, 
0xBE, 0x0B, 0x21, 0x16, 0x03, 0xBC, 0x1B, 0x11, 0x11, 0x02, 0x02, 0x18, 0x14, 0x0D, 0x03, 0x02, 0x0C, 0x0C, 0x15, 0x09, 
0x08, 0x01, 0x03, 0x17, 0x14, 0x12, 0x1B, 0x11, 0x11, 0x02, 0x02, 0x18, 0x14, 0x0D, 0x03, 0x02, 0x0C, 0x0C, 0x15, 0x09, 
0x08, 0x01, 0x03, 0x17, 0x14, 0x12, 0xFD, 0x43, 0x52, 0xF7, 0x87, 0x41, 0x01, 0x5C, 0x6C, 0xD0, 0xFE, 0x60, 0x21, 0x2A, 
0x52, 0x27, 0x76, 0x9D, 0x01, 0xD4, 0x1B, 0x50, 0x00, 0x03, 0x00, 0x11, 0x00, 0x00, 0x02, 0xBF, 0x03, 0x8B, 0x00, 0x13, 
0x00, 0x1B, 0x00, 0x55, 0x00, 0x00, 0x01, 0x30, 0x15, 0x14, 0x17, 0x16, 0x33, 0x32, 0x37, 0x36, 0x35, 0x34, 0x35, 0x34, 
0x27, 0x26, 0x23, 0x22, 0x07, 0x06, 0x03, 0x32, 0x33, 0x26, 0x27, 0x22, 0x07, 0x06, 0x13, 0x22, 0x31, 0x26, 0x27, 0x26, 
0x27, 0x26, 0x27, 0x26, 0x35, 0x34, 0x35, 0x34, 0x37, 0x36, 0x37, 0x36, 0x33, 0x32, 0x31, 0x32, 0x17, 0x16, 0x17, 0x16, 
0x15, 0x14, 0x07, 0x06, 0x07, 0x06, 0x07, 0x30, 0x23, 0x16, 0x17, 0x16, 0x13, 0x22, 0x23, 0x22, 0x23, 0x22, 0x27, 0x26, 
0x27, 0x22, 0x21, 0x06, 0x07, 0x22, 0x23, 0x30, 0x31, 0x36, 0x13, 0x36, 0x01, 0x45, 0x0E, 0x09, 0x0C, 0x10, 0x0C, 0x07, 
0x0A, 0x0B, 0x0E, 0x0E, 0x0A, 0x0B, 0x65, 0x43, 0xC9, 0x21, 0x64, 0x02, 0x35, 0x1B, 0x26, 0x01, 0x07, 0x07, 0x08, 0x04, 
0x08, 0x04, 0x09, 0x11, 0x04, 0x09, 0x1C, 0x22, 0x01, 0x21, 0x1C, 0x0B, 0x03, 0x12, 0x1C, 0x02, 0x03, 0x07, 0x07, 0x01, 
0x04, 0x27, 0x55, 0xAA, 0x01, 0x01, 0x1A, 0x4E, 0x02, 0x0C, 0x11, 0x22, 0x57, 0xFE, 0xFB, 0x0F, 0x30, 0x1A, 0x4E, 0x40, 
0xBE, 0x0B, 0x03, 0x2E, 0x01, 0x10, 0x0C, 0x07, 0x0E, 0x0B, 0x0A, 0x01, 0x01, 0x0D, 0x0A, 0x0A, 0x09, 0x0B, 0xFD, 0xC3, 
0x52, 0xF7, 0x87, 0x41, 0x01, 0x5C, 0x04, 0x05, 0x08, 0x05, 0x0A, 0x07, 0x15, 0x13, 0x01, 0x04, 0x1B, 0x19, 0x05, 0x0A, 
0x18, 0x17, 0x0B, 0x04, 0x19, 0x1F, 0x25, 0x1D, 0x02, 0x04, 0x05, 0x04, 0x08, 0x64, 0xD0, 0xFE, 0x60, 0x21, 0x2A, 0x52, 
0x27, 0x76, 0x9D, 0x01, 0xD4, 0x1B, 0x00, 0x00, 0x00, 0x02, 0x00, 0x11, 0x00, 0x00, 0x03, 0x9E, 0x02, 0xDC, 0x00, 0x0B, 
0x00, 0x43, 0x00, 0x00, 0x01, 0x06, 0x07, 0x30, 0x31, 0x32, 0x33, 0x30, 0x37, 0x34, 0x35, 0x30, 0x35, 0x32, 0x21, 0x32, 
0x17, 0x14, 0x15, 0x30, 0x07, 0x22, 0x23, 0x14, 0x15, 0x30, 0x17, 0x32, 0x33, 0x30, 0x17, 0x14, 0x15, 0x30, 0x07, 0x22, 
0x23, 0x14, 0x15, 0x32, 0x33, 0x16, 0x33, 0x14, 0x15, 0x30, 0x07, 0x22, 0x21, 0x30, 0x27, 0x34, 0x35, 0x30, 0x27, 0x22, 
0x23, 0x06, 0x07, 0x06, 0x07, 0x22, 0x23, 0x30, 0x27, 0x36, 0x13, 0x36, 0x02, 0x13, 0x2E, 0x88, 0x2D, 0x89, 0x01, 0x62, 
0x01, 0x26, 0x01, 0x01, 0x02, 0x4A, 0xDE, 0x01, 0x3A, 0xB0, 0x01, 0x01, 0x3B, 0xB0, 0x4A, 0xDE, 0x01, 0x01, 0x02, 0x61, 
0xFE, 0xDA, 0x01, 0x01, 0x3F, 0xBB, 0x03, 0x5D, 0x2F, 0x04, 0x26, 0x4D, 0x02, 0x41, 0xC1, 0x40, 0x02, 0x34, 0x41, 0xC3, 
0x01, 0x41, 0xC2, 0xA8, 0x01, 0x18, 0x46, 0x01, 0x38, 0xA5, 0x02, 0x01, 0x17, 0x46, 0x01, 0x38, 0xA6, 0x01, 0x18, 0x46, 
0x01, 0x01, 0x34, 0x9A, 0x01, 0x04, 0x84, 0x44, 0x04, 0x01, 0x5C, 0x01, 0x12, 0x5B, 0x00, 0x00, 0x00, 0x01, 0x00, 0x30, 
0xFF, 0x1D, 0x02, 0xB8, 0x02, 0xDC, 0x00, 0x5B, 0x00, 0x00, 0x21, 0x06, 0x07, 0x16, 0x17, 0x16, 0x17, 0x16, 0x15, 0x14, 
0x15, 0x14, 0x07, 0x06, 0x07, 0x06, 0x23, 0x30, 0x23, 0x22, 0x27, 0x26, 0x27, 0x26, 0x27, 0x30, 0x31, 0x36, 0x37, 0x16, 
0x33, 0x32, 0x37, 0x36, 0x35, 0x34, 0x27, 0x26, 0x27, 0x30, 0x23, 0x06, 0x07, 0x06, 0x07, 0x30, 0x35, 0x36, 0x37, 0x26, 
0x27, 0x26, 0x35, 0x34, 0x35, 0x34, 0x37, 0x36, 0x33, 0x30, 0x33, 0x32, 0x17, 0x16, 0x17, 0x06, 0x07, 0x26, 0x27, 0x26, 
0x23, 0x22, 0x07, 0x06, 0x15, 0x14, 0x17, 0x16, 0x33, 0x32, 0x33, 0x32, 0x37, 0x36, 0x37, 0x16, 0x17, 0x14, 0x15, 0x06, 
0x07, 0x06, 0x01, 0x91, 0x02, 0x04, 0x0E, 0x08, 0x1F, 0x0F, 0x0B, 0x17, 0x0B, 0x06, 0x20, 0x25, 0x02, 0x27, 0x23, 0x0E, 
0x02, 0x01, 0x01, 0x0F, 0x30, 0x0E, 0x10, 0x0C, 0x09, 0x08, 0x03, 0x04, 0x09, 0x02, 0x0C, 0x14, 0x11, 0x23, 0x08, 0x16, 
0x65, 0x50, 0x5C, 0x5D, 0x6C, 0x91, 0x01, 0x8D, 0x6B, 0x25, 0x10, 0x04, 0x51, 0x0E, 0x1A, 0x4E, 0x62, 0x63, 0x4D, 0x4B, 
0x5F, 0x48, 0x50, 0x03, 0x07, 0x58, 0x4C, 0x21, 0x0E, 0x1C, 0x38, 0x11, 0x1C, 0x6B, 0x08, 0x18, 0x03, 0x02, 0x0D, 0x1D, 
0x16, 0x16, 0x01, 0x02, 0x21, 0x1D, 0x0B, 0x04, 0x18, 0x1C, 0x0E, 0x03, 0x01, 0x02, 0x0D, 0x25, 0x12, 0x08, 0x07, 0x08, 
0x05, 0x06, 0x02, 0x02, 0x02, 0x05, 0x06, 0x0C, 0x01, 0x23, 0x6A, 0x17, 0x56, 0x6F, 0x88, 0x01, 0x03, 0x8A, 0x6E, 0x74, 
0x6E, 0x2B, 0x1F, 0x04, 0x2B, 0x19, 0x20, 0x4E, 0x4F, 0x54, 0x6A, 0x7C, 0x58, 0x3A, 0x48, 0x24, 0x1B, 0x0F, 0x1D, 0x01, 
0x02, 0x1F, 0x23, 0x74, 0x00, 0x02, 0x00, 0x56, 0x00, 0x00, 0x01, 0xE0, 0x03, 0xF6, 0x00, 0x0B, 0x00, 0x2F, 0x00, 0x00, 
0x13, 0x16, 0x17, 0x30, 0x15, 0x06, 0x07, 0x30, 0x23, 0x26, 0x27, 0x36, 0x07, 0x32, 0x21, 0x30, 0x31, 0x14, 0x15, 0x22, 
0x23, 0x14, 0x15, 0x32, 0x33, 0x30, 0x17, 0x14, 0x15, 0x06, 0x31, 0x22, 0x23, 0x14, 0x15, 0x32, 0x33, 0x14, 0x15, 0x30, 
0x31, 0x22, 0x21, 0x22, 0x31, 0x34, 0x11, 0x30, 0xD4, 0x30, 0x90, 0x0D, 0x25, 0x01, 0x2F, 0x90, 0x0D, 0x58, 0x62, 0x01, 
0x27, 0x4A, 0xDF, 0x3A, 0xB1, 0x01, 0x01, 0x3B, 0xB0, 0x4A, 0xDF, 0x63, 0xFE, 0xDA, 0x01, 0x03, 0xF6, 0x1D, 0x58, 0x01, 
0x14, 0x3D, 0x1D, 0x58, 0x15, 0xDD, 0x18, 0x48, 0x38, 0xA6, 0x01, 0x17, 0x47, 0x01, 0x37, 0xA7, 0x18, 0x48, 0xB7, 0x02, 
0x25, 0x00, 0x00, 0x00, 0x00, 0x02, 0x00, 0x56, 0x00, 0x00, 0x01, 0xE0, 0x03, 0xF6, 0x00, 0x0B, 0x00, 0x2F, 0x00, 0x00, 
0x01, 0x06, 0x07, 0x30, 0x31, 0x26, 0x27, 0x30, 0x35, 0x36, 0x37, 0x16, 0x01, 0x32, 0x21, 0x30, 0x31, 0x14, 0x15, 0x22, 
0x23, 0x14, 0x15, 0x32, 0x33, 0x30, 0x17, 0x14, 0x15, 0x06, 0x31, 0x22, 0x23, 0x14, 0x15, 0x32, 0x33, 0x14, 0x15, 0x30, 
0x31, 0x22, 0x21, 0x22, 0x31, 0x34, 0x11, 0x30, 0x01, 0x94, 0x30, 0x90, 0x0D, 0x25, 0x30, 0x8F, 0x0D, 0xFE, 0xE9, 0x62, 
0x01, 0x27, 0x4A, 0xDF, 0x3A, 0xB1, 0x01, 0x01, 0x3B, 0xB0, 0x4A, 0xDF, 0x63, 0xFE, 0xDA, 0x01, 0x03, 0xA4, 0x1D, 0x58, 
0x14, 0x3D, 0x01, 0x1D, 0x58, 0x14, 0xFE, 0xFA, 0x18, 0x48, 0x38, 0xA6, 0x01, 0x17, 0x47, 0x01, 0x37, 0xA7, 0x18, 0x48, 
0xB7, 0x02, 0x25, 0x00, 0x00, 0x02, 0x00, 0x56, 0x00, 0x00, 0x01, 0xE0, 0x03, 0xEC, 0x00, 0x23, 0x00, 0x35, 0x00, 0x00, 
0x13, 0x32, 0x21, 0x30, 0x31, 0x14, 0x15, 0x22, 0x23, 0x14, 0x15, 0x32, 0x33, 0x30, 0x17, 0x14, 0x15, 0x06, 0x31, 0x22, 
0x23, 0x14, 0x15, 0x32, 0x33, 0x14, 0x15, 0x30, 0x31, 0x22, 0x21, 0x22, 0x31, 0x34, 0x11, 0x30, 0x13, 0x32, 0x33, 0x16, 
0x17, 0x06, 0x07, 0x26, 0x27, 0x06, 0x07, 0x30, 0x31, 0x26, 0x27, 0x30, 0x31, 0x36, 0x57, 0x62, 0x01, 0x27, 0x4A, 0xDF, 
0x3A, 0xB1, 0x01, 0x01, 0x3B, 0xB0, 0x4A, 0xDF, 0x63, 0xFE, 0xDA, 0x01, 0xA9, 0x0E, 0x2B, 0x06, 0x69, 0x18, 0x30, 0x11, 
0x32, 0x11, 0x33, 0x12, 0x36, 0x1B, 0x02, 0xDC, 0x18, 0x48, 0x38, 0xA6, 0x01, 0x17, 0x47, 0x01, 0x37, 0xA7, 0x18, 0x48, 
0xB7, 0x02, 0x25, 0x01, 0x10, 0x07, 0x76, 0x15, 0x2B, 0x13, 0x39, 0x13, 0x39, 0x10, 0x30, 0x1F, 0x00, 0x03, 0x00, 0x56, 
0x00, 0x00, 0x01, 0xE0, 0x03, 0xBC, 0x00, 0x23, 0x00, 0x3D, 0x00, 0x57, 0x00, 0x00, 0x13, 0x32, 0x21, 0x30, 0x31, 0x14, 
0x15, 0x22, 0x23, 0x14, 0x15, 0x32, 0x33, 0x30, 0x17, 0x14, 0x15, 0x06, 0x31, 0x22, 0x23, 0x14, 0x15, 0x32, 0x33, 0x14, 
0x15, 0x30, 0x31, 0x22, 0x21, 0x22, 0x31, 0x34, 0x11, 0x30, 0x37, 0x32, 0x17, 0x16, 0x15, 0x14, 0x15, 0x14, 0x07, 0x06, 
0x07, 0x06, 0x23, 0x22, 0x23, 0x22, 0x27, 0x26, 0x27, 0x26, 0x35, 0x34, 0x35, 0x34, 0x37, 0x36, 0x33, 0x32, 0x17, 0x16, 
0x15, 0x14, 0x15, 0x14, 0x07, 0x06, 0x07, 0x06, 0x23, 0x22, 0x23, 0x22, 0x27, 0x26, 0x27, 0x26, 0x35, 0x34, 0x35, 0x34, 
0x37, 0x36, 0x57, 0x62, 0x01, 0x27, 0x4A, 0xDF, 0x3A, 0xB1, 0x01, 0x01, 0x3B, 0xB0, 0x4A, 0xDF, 0x63, 0xFE, 0xDA, 0x01, 
0x66, 0x1F, 0x14, 0x0C, 0x13, 0x0F, 0x0E, 0x07, 0x04, 0x03, 0x05, 0x10, 0x11, 0x11, 0x06, 0x03, 0x13, 0x13, 0xD8, 0x1D, 
0x15, 0x0C, 0x14, 0x0E, 0x0E, 0x08, 0x04, 0x02, 0x04, 0x10, 0x12, 0x11, 0x07, 0x02, 0x13, 0x13, 0x02, 0xDC, 0x18, 0x48, 
0x38, 0xA6, 0x01, 0x17, 0x47, 0x01, 0x37, 0xA7, 0x18, 0x48, 0xB7, 0x02, 0x25, 0xE0, 0x1B, 0x11, 0x11, 0x02, 0x02, 0x18, 
0x14, 0x0D, 0x03, 0x02, 0x0C, 0x0C, 0x15, 0x09, 0x08, 0x01, 0x03, 0x17, 0x14, 0x12, 0x1B, 0x11, 0x11, 0x02, 0x02, 0x18, 
0x14, 0x0D, 0x03, 0x02, 0x0C, 0x0C, 0x15, 0x09, 0x08, 0x01, 0x03, 0x17, 0x14, 0x12, 0x00, 0x00, 0x00, 0x02, 0x00, 0x0D, 
0x00, 0x00, 0x00, 0xFF, 0x03, 0xF6, 0x00, 0x0F, 0x00, 0x1B, 0x00, 0x00, 0x13, 0x32, 0x33, 0x30, 0x33, 0x14, 0x11, 0x22, 
0x31, 0x22, 0x23, 0x22, 0x31, 0x34, 0x11, 0x30, 0x03, 0x16, 0x17, 0x30, 0x15, 0x06, 0x07, 0x30, 0x23, 0x26, 0x27, 0x36, 
0x57, 0x17, 0x48, 0x01, 0x01, 0x18, 0x47, 0x01, 0x16, 0x2F, 0x90, 0x0C, 0x26, 0x01, 0x2F, 0x90, 0x0D, 0x02, 0xDC, 0xB7, 
0xFD, 0xDB, 0xB7, 0x02, 0x25, 0x01, 0x1A, 0x1D, 0x58, 0x01, 0x14, 0x3D, 0x1D, 0x58, 0x15, 0x00, 0x00, 0x02, 0x00, 0x0D, 
0x00, 0x00, 0x00, 0xFF, 0x03, 0xF6, 0x00, 0x0F, 0x00, 0x1B, 0x00, 0x00, 0x13, 0x32, 0x33, 0x30, 0x33, 0x14, 0x11, 0x22, 
0x31, 0x22, 0x23, 0x22, 0x31, 0x34, 0x11, 0x30, 0x37, 0x06, 0x07, 0x22, 0x31, 0x26, 0x27, 0x30, 0x35, 0x36, 0x37, 0x16, 
0x57, 0x17, 0x48, 0x01, 0x01, 0x18, 0x47, 0x01, 0xA9, 0x30, 0x8F, 0x01, 0x0C, 0x26, 0x30, 0x8F, 0x0D, 0x02, 0xDC, 0xB7, 
0xFD, 0xDB, 0xB7, 0x02, 0x25, 0xC8, 0x1D, 0x58, 0x14, 0x3D, 0x01, 0x1D, 0x58, 0x14, 0x00, 0x00, 0x00, 0x02, 0xFF, 0xFB, 
0x00, 0x00, 0x01, 0x12, 0x03, 0xEC, 0x00, 0x0F, 0x00, 0x21, 0x00, 0x00, 0x13, 0x32, 0x33, 0x30, 0x33, 0x14, 0x11, 0x22, 
0x31, 0x22, 0x23, 0x22, 0x31, 0x34, 0x11, 0x30, 0x13, 0x32, 0x33, 0x16, 0x17, 0x06, 0x07, 0x26, 0x27, 0x06, 0x07, 0x30, 
0x31, 0x26, 0x27, 0x30, 0x31, 0x36, 0x57, 0x17, 0x48, 0x01, 0x01, 0x18, 0x47, 0x01, 0x14, 0x0E, 0x2B, 0x06, 0x69, 0x18, 
0x30, 0x11, 0x32, 0x11, 0x33, 0x12, 0x36, 0x1B, 0x02, 0xDC, 0xB7, 0xFD, 0xDB, 0xB7, 0x02, 0x25, 0x01, 0x10, 0x07, 0x76, 
0x15, 0x2B, 0x13, 0x39, 0x13, 0x39, 0x10, 0x30, 0x1F, 0x00, 0x00, 0x00, 0x00, 0x03, 0xFF, 0xF2, 0x00, 0x00, 0x01, 0x1A, 
0x03, 0xBC, 0x00, 0x0F, 0x00, 0x29, 0x00, 0x43, 0x00, 0x00, 0x13, 0x32, 0x33, 0x30, 0x33, 0x14, 0x11, 0x22, 0x31, 0x22, 
0x23, 0x22, 0x31, 0x34, 0x11, 0x30, 0x27, 0x32, 0x17, 0x16, 0x15, 0x14, 0x15, 0x14, 0x07, 0x06, 0x07, 0x06, 0x23, 0x22, 
0x23, 0x22, 0x27, 0x26, 0x27, 0x26, 0x35, 0x34, 0x35, 0x34, 0x37, 0x36, 0x33, 0x32, 0x17, 0x16, 0x15, 0x14, 0x15, 0x14, 
0x07, 0x06, 0x07, 0x06, 0x23, 0x22, 0x23, 0x22, 0x27, 0x26, 0x27, 0x26, 0x35, 0x34, 0x35, 0x34, 0x37, 0x36, 0x57, 0x17, 
0x48, 0x01, 0x01, 0x18, 0x47, 0x01, 0x25, 0x1F, 0x14, 0x0C, 0x14, 0x0E, 0x0E, 0x08, 0x04, 0x02, 0x05, 0x10, 0x11, 0x11, 
0x07, 0x02, 0x13, 0x13, 0xC4, 0x1D, 0x15, 0x0C, 0x13, 0x0F, 0x0E, 0x07, 0x04, 0x03, 0x04, 0x10, 0x12, 0x11, 0x06, 0x03, 
0x13, 0x13, 0x02, 0xDC, 0xB7, 0xFD, 0xDB, 0xB7, 0x02, 0x25, 0xE0, 0x1B, 0x11, 0x11, 0x02, 0x02, 0x18, 0x14, 0x0D, 0x03, 
0x02, 0x0C, 0x0C, 0x15, 0x09, 0x08, 0x01, 0x03, 0x17, 0x14, 0x12, 0x1B, 0x11, 0x11, 0x02, 0x02, 0x18, 0x14, 0x0D, 0x03, 
0x02, 0x0C, 0x0C, 0x15, 0x09, 0x08, 0x01, 0x03, 0x17, 0x14, 0x12, 0x00, 0x00, 0x02, 0x00, 0x38, 0x00, 0x00, 0x02, 0xA7, 
0x02, 0xDC, 0x00, 0x1B, 0x00, 0x3B, 0x00, 0x00, 0x13, 0x32, 0x33, 0x14, 0x15, 0x22, 0x23, 0x14, 0x15, 0x32, 0x33, 0x32, 
0x37, 0x36, 0x35, 0x34, 0x27, 0x26, 0x27, 0x26, 0x27, 0x26, 0x23, 0x22, 0x23, 0x30, 0x07, 0x14, 0x03, 0x22, 0x23, 0x34, 
0x35, 0x32, 0x33, 0x34, 0x35, 0x30, 0x37, 0x32, 0x33, 0x32, 0x17, 0x16, 0x17, 0x16, 0x15, 0x14, 0x15, 0x14, 0x07, 0x06, 
0x07, 0x06, 0x23, 0x22, 0x23, 0x30, 0x27, 0x34, 0xD8, 0x19, 0x4B, 0x19, 0x4B, 0x16, 0x42, 0x80, 0x55, 0x42, 0x43, 0x28, 
0x16, 0x13, 0x2B, 0x25, 0x3D, 0x19, 0x34, 0x01, 0x60, 0x10, 0x30, 0x10, 0x30, 0x01, 0x30, 0x8F, 0x84, 0x6C, 0x29, 0x0B, 
0x4B, 0x6F, 0x3D, 0x3B, 0x43, 0x41, 0x41, 0x82, 0x01, 0x01, 0x9F, 0x19, 0x49, 0x37, 0xA6, 0x5F, 0x4E, 0x60, 0x63, 0x4E, 
0x2A, 0x0A, 0x0E, 0x0F, 0x0C, 0x01, 0x37, 0xFE, 0xFA, 0x18, 0x4A, 0x4E, 0xED, 0x02, 0x59, 0x27, 0x12, 0x65, 0x75, 0x01, 
0x04, 0x92, 0x72, 0x37, 0x16, 0x1A, 0x01, 0x4F, 0x00, 0x02, 0x00, 0x56, 0x00, 0x00, 0x02, 0xA0, 0x03, 0xC4, 0x00, 0x25, 
0x00, 0x41, 0x00, 0x00, 0x13, 0x32, 0x33, 0x16, 0x01, 0x16, 0x17, 0x30, 0x31, 0x34, 0x11, 0x30, 0x37, 0x32, 0x33, 0x30, 
0x17, 0x14, 0x11, 0x30, 0x07, 0x22, 0x23, 0x26, 0x03, 0x26, 0x27, 0x14, 0x11, 0x30, 0x07, 0x22, 0x23, 0x22, 0x27, 0x34, 
0x11, 0x30, 0x25, 0x06, 0x07, 0x06, 0x23, 0x22, 0x27, 0x26, 0x23, 0x22, 0x07, 0x06, 0x07, 0x34, 0x35, 0x36, 0x37, 0x36, 
0x33, 0x32, 0x17, 0x16, 0x33, 0x32, 0x37, 0x36, 0x37, 0x14, 0x58, 0x1A, 0x4E, 0x57, 0x01, 0x08, 0x08, 0x18, 0x01, 0x18, 
0x47, 0x01, 0x01, 0x1A, 0x4E, 0x1B, 0xAD, 0x3E, 0x7B, 0x01, 0x17, 0x46, 0x01, 0x01, 0x01, 0xDE, 0x14, 0x13, 0x1D, 0x1C, 
0x1F, 0x3B, 0x3A, 0x1F, 0x19, 0x1C, 0x14, 0x16, 0x13, 0x13, 0x1E, 0x1B, 0x21, 0x3B, 0x3B, 0x1C, 0x19, 0x1D, 0x13, 0x17, 
0x02, 0xDC, 0x83, 0xFE, 0x78, 0x0C, 0x25, 0x8F, 0x01, 0xAC, 0x01, 0x01, 0xB7, 0xFD, 0xDD, 0x01, 0x26, 0x01, 0x04, 0x5B, 
0xB7, 0x8F, 0xFE, 0x54, 0x01, 0x01, 0xB7, 0x02, 0x23, 0x7D, 0x10, 0x0A, 0x0E, 0x1C, 0x1D, 0x10, 0x0C, 0x19, 0x20, 0x41, 
0x16, 0x09, 0x10, 0x1E, 0x1E, 0x11, 0x0C, 0x1B, 0x23, 0x00, 0x00, 0x00, 0x00, 0x03, 0x00, 0x31, 0x00, 0x00, 0x02, 0xF1, 
0x03, 0xF6, 0x00, 0x0B, 0x00, 0x23, 0x00, 0x35, 0x00, 0x00, 0x01, 0x16, 0x17, 0x30, 0x15, 0x06, 0x07, 0x30, 0x31, 0x26, 
0x27, 0x36, 0x17, 0x32, 0x33, 0x32, 0x17, 0x16, 0x15, 0x14, 0x07, 0x06, 0x23, 0x22, 0x27, 0x26, 0x27, 0x26, 0x35, 0x34, 
0x35, 0x34, 0x37, 0x36, 0x37, 0x36, 0x03, 0x14, 0x17, 0x16, 0x33, 0x32, 0x37, 0x36, 0x35, 0x34, 0x35, 0x34, 0x27, 0x26, 
0x23, 0x22, 0x07, 0x06, 0x01, 0x4B, 0x30, 0x90, 0x0D, 0x26, 0x30, 0x90, 0x0D, 0x6B, 0x01, 0x01, 0x91, 0x6D, 0x61, 0x72, 
0x6B, 0x82, 0x83, 0x69, 0x2E, 0x0E, 0x39, 0x74, 0x0C, 0x16, 0x5D, 0x92, 0x5A, 0x4A, 0x5C, 0x78, 0x53, 0x34, 0x48, 0x50, 
0x67, 0x73, 0x53, 0x3A, 0x03, 0xF6, 0x1D, 0x58, 0x01, 0x14, 0x3D, 0x1D, 0x58, 0x15, 0xDD, 0x71, 0x6F, 0x8E, 0x9B, 0x73, 
0x60, 0x5D, 0x30, 0x1B, 0x5B, 0x6A, 0x01, 0x02, 0x9B, 0x74, 0x09, 0x12, 0x42, 0xFE, 0x93, 0x77, 0x57, 0x40, 0x6A, 0x4C, 
0x53, 0x02, 0x04, 0x67, 0x52, 0x53, 0x63, 0x4E, 0x00, 0x03, 0x00, 0x31, 0x00, 0x00, 0x02, 0xF1, 0x03, 0xF6, 0x00, 0x0B, 
0x00, 0x23, 0x00, 0x35, 0x00, 0x00, 0x01, 0x06, 0x07, 0x30, 0x31, 0x26, 0x27, 0x30, 0x35, 0x36, 0x37, 0x16, 0x03, 0x32, 
0x33, 0x32, 0x17, 0x16, 0x15, 0x14, 0x07, 0x06, 0x23, 0x22, 0x27, 0x26, 0x27, 0x26, 0x35, 0x34, 0x35, 0x34, 0x37, 0x36, 
0x37, 0x36, 0x03, 0x14, 0x17, 0x16, 0x33, 0x32, 0x37, 0x36, 0x35, 0x34, 0x35, 0x34, 0x27, 0x26, 0x23, 0x22, 0x07, 0x06, 
0x02, 0x0B, 0x30, 0x90, 0x0D, 0x26, 0x30, 0x90, 0x0D, 0x55, 0x01, 0x01, 0x91, 0x6D, 0x61, 0x72, 0x6B, 0x82, 0x83, 0x69, 
0x2E, 0x0E, 0x39, 0x74, 0x0C, 0x16, 0x5D, 0x92, 0x5A, 0x4A, 0x5C, 0x78, 0x53, 0x34, 0x48, 0x50, 0x67, 0x73, 0x53, 0x3A, 
0x03, 0xA4, 0x1D, 0x58, 0x14, 0x3D, 0x01, 0x1D, 0x58, 0x14, 0xFE, 0xFA, 0x71, 0x6F, 0x8E, 0x9B, 0x73, 0x60, 0x5D, 0x30, 
0x1B, 0x5B, 0x6A, 0x01, 0x02, 0x9B, 0x74, 0x09, 0x12, 0x42, 0xFE, 0x93, 0x77, 0x57, 0x40, 0x6A, 0x4C, 0x53, 0x02, 0x04, 
0x67, 0x52, 0x53, 0x63, 0x4E, 0x00, 0x00, 0x00, 0x00, 0x03, 0x00, 0x31, 0x00, 0x00, 0x02, 0xF1, 0x03, 0xEC, 0x00, 0x11, 
0x00, 0x29, 0x00, 0x3B, 0x00, 0x00, 0x01, 0x32, 0x33, 0x16, 0x17, 0x06, 0x07, 0x26, 0x27, 0x06, 0x07, 0x30, 0x23, 0x26, 
0x27, 0x30, 0x31, 0x36, 0x17, 0x32, 0x33, 0x32, 0x17, 0x16, 0x15, 0x14, 0x07, 0x06, 0x23, 0x22, 0x27, 0x26, 0x27, 0x26, 
0x35, 0x34, 0x35, 0x34, 0x37, 0x36, 0x37, 0x36, 0x03, 0x14, 0x17, 0x16, 0x33, 0x32, 0x37, 0x36, 0x35, 0x34, 0x35, 0x34, 
0x27, 0x26, 0x23, 0x22, 0x07, 0x06, 0x01, 0x75, 0x0E, 0x2A, 0x07, 0x69, 0x18, 0x30, 0x11, 0x33, 0x10, 0x33, 0x01, 0x12, 
0x36, 0x1C, 0x6F, 0x01, 0x01, 0x91, 0x6D, 0x61, 0x72, 0x6B, 0x82, 0x83, 0x69, 0x2E, 0x0E, 0x39, 0x74, 0x0C, 0x16, 0x5D, 
0x92, 0x5A, 0x4A, 0x5C, 0x78, 0x53, 0x34, 0x48, 0x50, 0x67, 0x73, 0x53, 0x3A, 0x03, 0xEC, 0x07, 0x76, 0x15, 0x2B, 0x13, 
0x39, 0x13, 0x39, 0x10, 0x30, 0x1F, 0xB2, 0x71, 0x6F, 0x8E, 0x9B, 0x73, 0x60, 0x5D, 0x30, 0x1B, 0x5B, 0x6A, 0x01, 0x02, 
0x9B, 0x74, 0x09, 0x12, 0x42, 0xFE, 0x93, 0x77, 0x57, 0x40, 0x6A, 0x4C, 0x53, 0x02, 0x04, 0x67, 0x52, 0x53, 0x63, 0x4E, 
0x00, 0x03, 0x00, 0x31, 0x00, 0x00, 0x02, 0xF1, 0x03, 0xC8, 0x00, 0x17, 0x00, 0x29, 0x00, 0x45, 0x00, 0x00, 0x01, 0x32, 
0x33, 0x32, 0x17, 0x16, 0x15, 0x14, 0x07, 0x06, 0x23, 0x22, 0x27, 0x26, 0x27, 0x26, 0x35, 0x34, 0x35, 0x34, 0x37, 0x36, 
0x37, 0x36, 0x03, 0x14, 0x17, 0x16, 0x33, 0x32, 0x37, 0x36, 0x35, 0x34, 0x35, 0x34, 0x27, 0x26, 0x23, 0x22, 0x07, 0x06, 
0x01, 0x06, 0x07, 0x06, 0x23, 0x22, 0x27, 0x26, 0x23, 0x22, 0x07, 0x06, 0x07, 0x34, 0x35, 0x36, 0x37, 0x36, 0x33, 0x32, 
0x17, 0x16, 0x33, 0x32, 0x37, 0x36, 0x37, 0x14, 0x01, 0x90, 0x01, 0x01, 0x91, 0x6D, 0x61, 0x72, 0x6B, 0x82, 0x83, 0x69, 
0x2E, 0x0E, 0x39, 0x74, 0x0C, 0x16, 0x5D, 0x92, 0x5A, 0x4A, 0x5C, 0x78, 0x53, 0x34, 0x48, 0x50, 0x67, 0x73, 0x53, 0x3A, 
0x01, 0xBA, 0x13, 0x13, 0x1E, 0x1C, 0x1E, 0x3B, 0x3B, 0x1E, 0x1A, 0x1C, 0x13, 0x16, 0x13, 0x13, 0x1E, 0x1B, 0x21, 0x3A, 
0x3B, 0x1C, 0x1A, 0x1D, 0x12, 0x17, 0x02, 0xDC, 0x71, 0x6F, 0x8E, 0x9B, 0x73, 0x60, 0x5D, 0x30, 0x1B, 0x5B, 0x6A, 0x01, 
0x02, 0x9B, 0x74, 0x09, 0x12, 0x42, 0xFE, 0x93, 0x77, 0x57, 0x40, 0x6A, 0x4C, 0x53, 0x02, 0x04, 0x67, 0x52, 0x53, 0x63, 
0x4E, 0x01, 0x91, 0x10, 0x0B, 0x0E, 0x1D, 0x1D, 0x11, 0x0B, 0x1A, 0x21, 0x41, 0x15, 0x0A, 0x10, 0x1E, 0x1E, 0x10, 0x0C, 
0x1B, 0x22, 0x00, 0x00, 0x00, 0x04, 0x00, 0x31, 0x00, 0x00, 0x02, 0xF1, 0x03, 0xBC, 0x00, 0x19, 0x00, 0x33, 0x00, 0x4B, 
0x00, 0x5D, 0x00, 0x00, 0x01, 0x32, 0x17, 0x16, 0x15, 0x14, 0x15, 0x14, 0x07, 0x06, 0x07, 0x06, 0x23, 0x22, 0x23, 0x22, 
0x27, 0x26, 0x27, 0x26, 0x35, 0x34, 0x35, 0x34, 0x37, 0x36, 0x33, 0x32, 0x17, 0x16, 0x15, 0x14, 0x15, 0x14, 0x07, 0x06, 
0x07, 0x06, 0x23, 0x22, 0x23, 0x22, 0x27, 0x26, 0x27, 0x26, 0x35, 0x34, 0x35, 0x34, 0x37, 0x36, 0x07, 0x32, 0x33, 0x32, 
0x17, 0x16, 0x15, 0x14, 0x07, 0x06, 0x23, 0x22, 0x27, 0x26, 0x27, 0x26, 0x35, 0x34, 0x35, 0x34, 0x37, 0x36, 0x37, 0x36, 
0x03, 0x14, 0x17, 0x16, 0x33, 0x32, 0x37, 0x36, 0x35, 0x34, 0x35, 0x34, 0x27, 0x26, 0x23, 0x22, 0x07, 0x06, 0x01, 0x32, 
0x1E, 0x14, 0x0C, 0x13, 0x0E, 0x0F, 0x07, 0x04, 0x02, 0x05, 0x10, 0x12, 0x10, 0x07, 0x02, 0x12, 0x13, 0xD8, 0x1E, 0x15, 
0x0C, 0x14, 0x0F, 0x0D, 0x08, 0x04, 0x02, 0x05, 0x10, 0x11, 0x12, 0x06, 0x03, 0x14, 0x13, 0x47, 0x01, 0x01, 0x91, 0x6D, 
0x61, 0x72, 0x6B, 0x82, 0x83, 0x69, 0x2E, 0x0E, 0x39, 0x74, 0x0C, 0x16, 0x5D, 0x93, 0x5B, 0x49, 0x5D, 0x78, 0x52, 0x34, 
0x47, 0x50, 0x67, 0x73, 0x53, 0x3B, 0x03, 0xBC, 0x1B, 0x11, 0x11, 0x02, 0x02, 0x18, 0x14, 0x0D, 0x03, 0x02, 0x0C, 0x0C, 
0x15, 0x09, 0x08, 0x01, 0x03, 0x17, 0x14, 0x12, 0x1B, 0x11, 0x11, 0x02, 0x02, 0x18, 0x14, 0x0D, 0x03, 0x02, 0x0C, 0x0C, 
0x15, 0x09, 0x08, 0x01, 0x03, 0x17, 0x14, 0x12, 0xE0, 0x71, 0x6F, 0x8E, 0x9B, 0x73, 0x60, 0x5D, 0x30, 0x1B, 0x5B, 0x6A, 
0x01, 0x02, 0x9B, 0x74, 0x09, 0x12, 0x42, 0xFE, 0x93, 0x77, 0x57, 0x40, 0x6A, 0x4C, 0x53, 0x02, 0x04, 0x67, 0x52, 0x53, 
0x63, 0x4E, 0x00, 0x00, 0x00, 0x01, 0x00, 0x30, 0x00, 0x53, 0x01, 0x70, 0x01, 0x93, 0x00, 0x1F, 0x00, 0x00, 0x37, 0x06, 
0x07, 0x26, 0x27, 0x36, 0x37, 0x26, 0x27, 0x30, 0x31, 0x36, 0x37, 0x30, 0x31, 0x16, 0x17, 0x36, 0x37, 0x30, 0x33, 0x16, 
0x17, 0x30, 0x31, 0x06, 0x07, 0x16, 0x17, 0x06, 0x07, 0x26, 0xD0, 0x17, 0x45, 0x11, 0x33, 0x17, 0x45, 0x17, 0x45, 0x11, 
0x33, 0x17, 0x45, 0x17, 0x45, 0x01, 0x11, 0x32, 0x17, 0x45, 0x17, 0x45, 0x11, 0x33, 0x17, 0xAF, 0x17, 0x45, 0x11, 0x33, 
0x17, 0x45, 0x17, 0x45, 0x11, 0x33, 0x17, 0x45, 0x17, 0x45, 0x11, 0x33, 0x17, 0x45, 0x17, 0x45, 0x11, 0x33, 0x17, 0x00, 
0x00, 0x03, 0x00, 0x31, 0xFF, 0xCC, 0x02, 0xF1, 0x03, 0x0C, 0x00, 0x0B, 0x00, 0x17, 0x00, 0x47, 0x00, 0x00, 0x01, 0x26, 
0x23, 0x22, 0x07, 0x06, 0x15, 0x14, 0x17, 0x16, 0x17, 0x36, 0x25, 0x06, 0x03, 0x16, 0x33, 0x32, 0x37, 0x36, 0x35, 0x34, 
0x35, 0x34, 0x27, 0x36, 0x37, 0x30, 0x33, 0x16, 0x17, 0x30, 0x31, 0x06, 0x07, 0x16, 0x17, 0x16, 0x15, 0x14, 0x07, 0x06, 
0x23, 0x22, 0x27, 0x06, 0x07, 0x30, 0x23, 0x26, 0x27, 0x30, 0x35, 0x36, 0x37, 0x26, 0x27, 0x26, 0x27, 0x26, 0x35, 0x34, 
0x35, 0x34, 0x37, 0x36, 0x37, 0x36, 0x33, 0x32, 0x33, 0x32, 0x02, 0x04, 0x34, 0x3E, 0x73, 0x53, 0x3B, 0x5B, 0x02, 0x02, 
0x5C, 0x01, 0x01, 0x43, 0xCA, 0x28, 0x2A, 0x78, 0x52, 0x34, 0x59, 0x0E, 0x2A, 0x01, 0x13, 0x3C, 0x0F, 0x2F, 0x08, 0x07, 
0x61, 0x72, 0x6B, 0x82, 0x46, 0x3F, 0x10, 0x20, 0x01, 0x13, 0x3C, 0x0C, 0x24, 0x0C, 0x0B, 0x2E, 0x0E, 0x39, 0x74, 0x0C, 
0x16, 0x5D, 0x6C, 0x01, 0x01, 0x5A, 0x02, 0x5F, 0x1D, 0x63, 0x4E, 0x5C, 0x77, 0x57, 0x02, 0x02, 0x96, 0xF1, 0x6D, 0xFE, 
0xB8, 0x0E, 0x6A, 0x4C, 0x53, 0x02, 0x04, 0x64, 0xDD, 0x17, 0x44, 0x0B, 0x24, 0x19, 0x4B, 0x07, 0x07, 0x6F, 0x8E, 0x9B, 
0x73, 0x60, 0x1B, 0x1A, 0x35, 0x0C, 0x23, 0x01, 0x14, 0x3B, 0x09, 0x09, 0x30, 0x1B, 0x5B, 0x6A, 0x01, 0x02, 0x9B, 0x74, 
0x09, 0x12, 0x42, 0x00, 0x00, 0x02, 0x00, 0x55, 0x00, 0x00, 0x02, 0x92, 0x03, 0xF6, 0x00, 0x0B, 0x00, 0x39, 0x00, 0x00, 
0x01, 0x16, 0x17, 0x30, 0x15, 0x06, 0x07, 0x22, 0x31, 0x26, 0x27, 0x36, 0x07, 0x32, 0x33, 0x30, 0x17, 0x14, 0x11, 0x14, 
0x17, 0x16, 0x17, 0x16, 0x33, 0x32, 0x33, 0x32, 0x37, 0x36, 0x35, 0x34, 0x11, 0x30, 0x37, 0x32, 0x33, 0x32, 0x17, 0x14, 
0x11, 0x14, 0x07, 0x06, 0x07, 0x06, 0x23, 0x22, 0x23, 0x22, 0x27, 0x26, 0x27, 0x26, 0x35, 0x34, 0x11, 0x30, 0x01, 0x2D, 
0x30, 0x8F, 0x0C, 0x25, 0x01, 0x30, 0x8F, 0x0C, 0xB0, 0x17, 0x46, 0x01, 0x1B, 0x19, 0x3B, 0x17, 0x15, 0x17, 0x30, 0x55, 
0x30, 0x15, 0x02, 0x17, 0x46, 0x01, 0x01, 0x0F, 0x1F, 0x45, 0x3D, 0x56, 0x10, 0x20, 0x73, 0x45, 0x1F, 0x10, 0x20, 0x03, 
0xF6, 0x1D, 0x58, 0x01, 0x14, 0x3D, 0x1D, 0x58, 0x15, 0xDD, 0x01, 0x70, 0xFE, 0xB2, 0x51, 0x26, 0x2B, 0x14, 0x06, 0x4E, 
0x29, 0x38, 0x99, 0x01, 0x32, 0x01, 0x01, 0x6D, 0xFE, 0xBA, 0x57, 0x26, 0x57, 0x2D, 0x27, 0x44, 0x1F, 0x1E, 0x40, 0x49, 
0x9B, 0x01, 0x36, 0x00, 0x00, 0x02, 0x00, 0x55, 0x00, 0x00, 0x02, 0x92, 0x03, 0xF6, 0x00, 0x0B, 0x00, 0x39, 0x00, 0x00, 
0x01, 0x06, 0x07, 0x30, 0x23, 0x26, 0x27, 0x30, 0x35, 0x36, 0x37, 0x16, 0x01, 0x32, 0x33, 0x30, 0x17, 0x14, 0x11, 0x14, 
0x17, 0x16, 0x17, 0x16, 0x33, 0x32, 0x33, 0x32, 0x37, 0x36, 0x35, 0x34, 0x11, 0x30, 0x37, 0x32, 0x33, 0x32, 0x17, 0x14, 
0x11, 0x14, 0x07, 0x06, 0x07, 0x06, 0x23, 0x22, 0x23, 0x22, 0x27, 0x26, 0x27, 0x26, 0x35, 0x34, 0x11, 0x30, 0x01, 0xEC, 
0x2F, 0x90, 0x01, 0x0C, 0x25, 0x2F, 0x90, 0x0D, 0xFE, 0x90, 0x17, 0x46, 0x01, 0x1B, 0x19, 0x3B, 0x17, 0x15, 0x17, 0x30, 
0x55, 0x30, 0x15, 0x02, 0x17, 0x46, 0x01, 0x01, 0x0F, 0x1F, 0x45, 0x3D, 0x56, 0x10, 0x20, 0x73, 0x45, 0x1F, 0x10, 0x20, 
0x03, 0xA4, 0x1D, 0x58, 0x14, 0x3D, 0x01, 0x1D, 0x58, 0x14, 0xFE, 0xFA, 0x01, 0x70, 0xFE, 0xB2, 0x51, 0x26, 0x2B, 0x14, 
0x06, 0x4E, 0x29, 0x38, 0x99, 0x01, 0x32, 0x01, 0x01, 0x6D, 0xFE, 0xBA, 0x57, 0x26, 0x57, 0x2D, 0x27, 0x44, 0x1F, 0x1E, 
0x40, 0x49, 0x9B, 0x01, 0x36, 0x00, 0x00, 0x00, 0x00, 0x02, 0x00, 0x55, 0x00, 0x00, 0x02, 0x92, 0x03, 0xEC, 0x00, 0x11, 
0x00, 0x3F, 0x00, 0x00, 0x01, 0x32, 0x33, 0x16, 0x17, 0x06, 0x07, 0x26, 0x27, 0x06, 0x07, 0x30, 0x31, 0x26, 0x27, 0x30, 
0x31, 0x36, 0x07, 0x32, 0x33, 0x30, 0x17, 0x14, 0x11, 0x14, 0x17, 0x16, 0x17, 0x16, 0x33, 0x32, 0x33, 0x32, 0x37, 0x36, 
0x35, 0x34, 0x11, 0x30, 0x37, 0x32, 0x33, 0x32, 0x17, 0x14, 0x11, 0x14, 0x07, 0x06, 0x07, 0x06, 0x23, 0x22, 0x23, 0x22, 
0x27, 0x26, 0x27, 0x26, 0x35, 0x34, 0x11, 0x30, 0x01, 0x58, 0x0E, 0x2A, 0x07, 0x69, 0x18, 0x30, 0x11, 0x33, 0x11, 0x33, 
0x12, 0x36, 0x1C, 0xAD, 0x17, 0x46, 0x01, 0x1B, 0x19, 0x3B, 0x17, 0x15, 0x17, 0x30, 0x55, 0x30, 0x15, 0x02, 0x17, 0x46, 
0x01, 0x01, 0x0F, 0x1F, 0x45, 0x3D, 0x56, 0x10, 0x20, 0x73, 0x45, 0x1F, 0x10, 0x20, 0x03, 0xEC, 0x07, 0x76, 0x15, 0x2B, 
0x13, 0x39, 0x13, 0x39, 0x10, 0x30, 0x1F, 0xB2, 0x01, 0x70, 0xFE, 0xB2, 0x51, 0x26, 0x2B, 0x14, 0x06, 0x4E, 0x29, 0x38, 
0x99, 0x01, 0x32, 0x01, 0x01, 0x6D, 0xFE, 0xBA, 0x57, 0x26, 0x57, 0x2D, 0x27, 0x44, 0x1F, 0x1E, 0x40, 0x49, 0x9B, 0x01, 
0x36, 0x00, 0x00, 0x00, 0x00, 0x03, 0x00, 0x55, 0x00, 0x00, 0x02, 0x92, 0x03, 0xBC, 0x00, 0x19, 0x00, 0x33, 0x00, 0x61, 
0x00, 0x00, 0x01, 0x32, 0x17, 0x16, 0x15, 0x14, 0x15, 0x14, 0x07, 0x06, 0x07, 0x06, 0x23, 0x22, 0x23, 0x22, 0x27, 0x26, 
0x27, 0x26, 0x35, 0x34, 0x35, 0x34, 0x37, 0x36, 0x33, 0x32, 0x17, 0x16, 0x15, 0x14, 0x15, 0x14, 0x07, 0x06, 0x07, 0x06, 
0x23, 0x22, 0x23, 0x22, 0x27, 0x26, 0x27, 0x26, 0x35, 0x34, 0x35, 0x34, 0x37, 0x36, 0x05, 0x32, 0x33, 0x30, 0x17, 0x14, 
0x11, 0x14, 0x17, 0x16, 0x17, 0x16, 0x33, 0x32, 0x33, 0x32, 0x37, 0x36, 0x35, 0x34, 0x11, 0x30, 0x37, 0x32, 0x33, 0x32, 
0x17, 0x14, 0x11, 0x14, 0x07, 0x06, 0x07, 0x06, 0x23, 0x22, 0x23, 0x22, 0x27, 0x26, 0x27, 0x26, 0x35, 0x34, 0x11, 0x30, 
0x01, 0x16, 0x1E, 0x14, 0x0C, 0x13, 0x0E, 0x0F, 0x07, 0x04, 0x02, 0x05, 0x10, 0x12, 0x10, 0x07, 0x02, 0x12, 0x13, 0xD8, 
0x1E, 0x15, 0x0C, 0x14, 0x0F, 0x0D, 0x08, 0x04, 0x02, 0x05, 0x10, 0x11, 0x12, 0x06, 0x03, 0x14, 0x13, 0xFE, 0x9C, 0x17, 
0x46, 0x01, 0x1B, 0x19, 0x3B, 0x17, 0x15, 0x17, 0x30, 0x55, 0x30, 0x15, 0x02, 0x17, 0x46, 0x01, 0x01, 0x0F, 0x1F, 0x45, 
0x3D, 0x56, 0x10, 0x20, 0x73, 0x45, 0x1F, 0x10, 0x20, 0x03, 0xBC, 0x1B, 0x11, 0x11, 0x02, 0x02, 0x18, 0x14, 0x0D, 0x03, 
0x02, 0x0C, 0x0C, 0x15, 0x09, 0x08, 0x01, 0x03, 0x17, 0x14, 0x12, 0x1B, 0x11, 0x11, 0x02, 0x02, 0x18, 0x14, 0x0D, 0x03, 
0x02, 0x0C, 0x0C, 0x15, 0x09, 0x08, 0x01, 0x03, 0x17, 0x14, 0x12, 0xE0, 0x01, 0x70, 0xFE, 0xB2, 0x51, 0x26, 0x2B, 0x14, 
0x06, 0x4E, 0x29, 0x38, 0x99, 0x01, 0x32, 0x01, 0x01, 0x6D, 0xFE, 0xBA, 0x57, 0x26, 0x57, 0x2D, 0x27, 0x44, 0x1F, 0x1E, 
0x40, 0x49, 0x9B, 0x01, 0x36, 0x00, 0x00, 0x00, 0x00, 0x02, 0x00, 0x0F, 0x00, 0x00, 0x02, 0x9B, 0x03, 0xF6, 0x00, 0x0B, 
0x00, 0x29, 0x00, 0x00, 0x01, 0x06, 0x07, 0x22, 0x31, 0x26, 0x27, 0x30, 0x35, 0x36, 0x37, 0x16, 0x01, 0x32, 0x33, 0x16, 
0x17, 0x16, 0x17, 0x12, 0x37, 0x32, 0x33, 0x30, 0x31, 0x06, 0x03, 0x14, 0x11, 0x30, 0x07, 0x22, 0x23, 0x22, 0x27, 0x34, 
0x11, 0x34, 0x27, 0x26, 0x27, 0x30, 0x01, 0xCE, 0x30, 0x8F, 0x01, 0x0C, 0x26, 0x30, 0x90, 0x0C, 0xFE, 0x67, 0x1F, 0x5B, 
0x06, 0x60, 0x22, 0x44, 0xC1, 0x0A, 0x29, 0x52, 0x45, 0xCE, 0x01, 0x19, 0x4A, 0x01, 0x01, 0x21, 0x50, 0xA2, 0x03, 0xA4, 
0x1D, 0x58, 0x14, 0x3D, 0x01, 0x1D, 0x58, 0x14, 0xFE, 0xFA, 0x05, 0x87, 0x30, 0x5F, 0x01, 0x0F, 0x0C, 0x5F, 0xFE, 0xE4, 
0x58, 0xFE, 0xF8, 0x01, 0x01, 0x58, 0x01, 0x07, 0x03, 0x2C, 0x6F, 0xDE, 0x00, 0x02, 0x00, 0x4C, 0x00, 0x00, 0x02, 0x80, 
0x02, 0xDC, 0x00, 0x29, 0x00, 0x3D, 0x00, 0x00, 0x37, 0x14, 0x15, 0x30, 0x23, 0x22, 0x23, 0x30, 0x23, 0x34, 0x11, 0x32, 
0x31, 0x32, 0x33, 0x32, 0x31, 0x14, 0x15, 0x32, 0x33, 0x32, 0x17, 0x16, 0x17, 0x16, 0x17, 0x16, 0x15, 0x14, 0x15, 0x14, 
0x07, 0x06, 0x07, 0x06, 0x07, 0x06, 0x07, 0x06, 0x23, 0x22, 0x03, 0x14, 0x15, 0x32, 0x33, 0x32, 0x37, 0x36, 0x37, 0x36, 
0x35, 0x34, 0x35, 0x34, 0x27, 0x26, 0x27, 0x26, 0x23, 0x22, 0xAD, 0x01, 0x17, 0x48, 0x01, 0x01, 0x18, 0x47, 0x01, 0x37, 
0xA4, 0x4F, 0x3D, 0x10, 0x11, 0x07, 0x0F, 0x35, 0x37, 0x10, 0x09, 0x12, 0x0D, 0x0C, 0x10, 0x33, 0x39, 0x49, 0x93, 0x36, 
0xA1, 0x59, 0x28, 0x0A, 0x04, 0x0C, 0x0E, 0x12, 0x2E, 0x21, 0x2D, 0x47, 0x6F, 0x1C, 0x53, 0xB7, 0x02, 0x25, 0x1C, 0x53, 
0x21, 0x08, 0x0E, 0x05, 0x10, 0x3C, 0x55, 0x16, 0x2E, 0x56, 0x3D, 0x10, 0x06, 0x0E, 0x06, 0x07, 0x06, 0x13, 0x01, 0x9E, 
0x4F, 0xEE, 0x2F, 0x0D, 0x08, 0x18, 0x26, 0x13, 0x26, 0x29, 0x18, 0x24, 0x11, 0x0C, 0x00, 0x00, 0x00, 0x01, 0x00, 0x4C, 
0xFF, 0xDF, 0x02, 0x79, 0x02, 0xDC, 0x00, 0x3F, 0x00, 0x00, 0x01, 0x32, 0x17, 0x16, 0x15, 0x14, 0x15, 0x14, 0x07, 0x06, 
0x15, 0x14, 0x17, 0x16, 0x15, 0x14, 0x07, 0x06, 0x23, 0x22, 0x27, 0x26, 0x35, 0x36, 0x37, 0x16, 0x17, 0x16, 0x33, 0x32, 
0x37, 0x36, 0x35, 0x34, 0x27, 0x26, 0x35, 0x34, 0x37, 0x36, 0x35, 0x34, 0x35, 0x34, 0x27, 0x22, 0x27, 0x22, 0x07, 0x06, 
0x15, 0x14, 0x11, 0x30, 0x07, 0x22, 0x23, 0x30, 0x27, 0x34, 0x11, 0x34, 0x37, 0x36, 0x01, 0x25, 0x58, 0x40, 0x47, 0x36, 
0x21, 0x46, 0x86, 0x49, 0x40, 0x48, 0x6C, 0x4C, 0x0C, 0x1B, 0x35, 0x04, 0x0B, 0x2C, 0x39, 0x35, 0x2A, 0x11, 0x74, 0x58, 
0x36, 0x22, 0x6C, 0x07, 0x0D, 0x54, 0x1C, 0x07, 0x01, 0x18, 0x46, 0x02, 0x20, 0x3E, 0x02, 0xDC, 0x24, 0x2E, 0x4A, 0x01, 
0x03, 0x3E, 0x46, 0x2D, 0x16, 0x16, 0x23, 0x4C, 0x61, 0x48, 0x3B, 0x2D, 0x64, 0x11, 0x03, 0x11, 0x21, 0x05, 0x0F, 0x35, 
0x28, 0x17, 0x10, 0x30, 0x3A, 0x33, 0x4C, 0x34, 0x48, 0x2B, 0x1D, 0x01, 0x02, 0x32, 0x0A, 0x01, 0x3C, 0x10, 0x08, 0xB7, 
0xFE, 0x90, 0x01, 0x01, 0x8B, 0x01, 0xA1, 0x24, 0x34, 0x57, 0x00, 0x00, 0x00, 0x03, 0x00, 0x2E, 0xFF, 0xF4, 0x02, 0x13, 
0x02, 0xFC, 0x00, 0x0B, 0x00, 0x2D, 0x00, 0x43, 0x00, 0x00, 0x13, 0x16, 0x17, 0x30, 0x15, 0x06, 0x07, 0x30, 0x15, 0x26, 
0x27, 0x36, 0x17, 0x32, 0x17, 0x34, 0x35, 0x32, 0x37, 0x32, 0x33, 0x32, 0x17, 0x14, 0x11, 0x22, 0x07, 0x22, 0x23, 0x30, 
0x27, 0x34, 0x35, 0x06, 0x23, 0x30, 0x31, 0x22, 0x27, 0x26, 0x35, 0x30, 0x31, 0x34, 0x37, 0x36, 0x07, 0x14, 0x17, 0x16, 
0x33, 0x32, 0x33, 0x32, 0x37, 0x36, 0x35, 0x30, 0x31, 0x34, 0x27, 0x26, 0x23, 0x22, 0x23, 0x22, 0x07, 0x06, 0xD9, 0x30, 
0x90, 0x0D, 0x25, 0x30, 0x90, 0x0D, 0x6F, 0x53, 0x3B, 0x01, 0x01, 0x18, 0x46, 0x01, 0x01, 0x01, 0x01, 0x17, 0x47, 0x02, 
0x38, 0x58, 0x6D, 0x4D, 0x39, 0x55, 0x46, 0x3A, 0x44, 0x25, 0x23, 0x03, 0x07, 0x30, 0x2E, 0x2E, 0x44, 0x25, 0x24, 0x03, 
0x05, 0x3C, 0x31, 0x20, 0x02, 0xFC, 0x1D, 0x58, 0x01, 0x14, 0x3D, 0x01, 0x1E, 0x58, 0x14, 0xD7, 0x40, 0x12, 0x25, 0x01, 
0x01, 0x77, 0xFE, 0x9A, 0x01, 0x01, 0x0C, 0x24, 0x3D, 0x58, 0x48, 0x59, 0x6F, 0x50, 0x3B, 0xFA, 0x4E, 0x33, 0x17, 0x27, 
0x30, 0x41, 0x50, 0x32, 0x16, 0x37, 0x2E, 0x00, 0x00, 0x03, 0x00, 0x2E, 0xFF, 0xF4, 0x02, 0x13, 0x02, 0xFC, 0x00, 0x0B, 
0x00, 0x2D, 0x00, 0x43, 0x00, 0x00, 0x01, 0x06, 0x07, 0x34, 0x31, 0x26, 0x27, 0x30, 0x35, 0x36, 0x37, 0x16, 0x03, 0x32, 
0x17, 0x34, 0x35, 0x32, 0x37, 0x32, 0x33, 0x32, 0x17, 0x14, 0x11, 0x22, 0x07, 0x22, 0x23, 0x30, 0x27, 0x34, 0x35, 0x06, 
0x23, 0x30, 0x31, 0x22, 0x27, 0x26, 0x35, 0x30, 0x31, 0x34, 0x37, 0x36, 0x07, 0x14, 0x17, 0x16, 0x33, 0x32, 0x33, 0x32, 
0x37, 0x36, 0x35, 0x30, 0x31, 0x34, 0x27, 0x26, 0x23, 0x22, 0x23, 0x22, 0x07, 0x06, 0x01, 0x99, 0x30, 0x90, 0x0D, 0x25, 
0x30, 0x90, 0x0C, 0x50, 0x53, 0x3B, 0x01, 0x01, 0x18, 0x46, 0x01, 0x01, 0x01, 0x01, 0x17, 0x47, 0x02, 0x38, 0x58, 0x6D, 
0x4D, 0x39, 0x55, 0x46, 0x3A, 0x44, 0x25, 0x23, 0x03, 0x07, 0x30, 0x2E, 0x2E, 0x44, 0x25, 0x24, 0x03, 0x05, 0x3C, 0x31, 
0x20, 0x02, 0xAA, 0x1D, 0x59, 0x01, 0x14, 0x3D, 0x01, 0x1D, 0x58, 0x15, 0xFF, 0x00, 0x40, 0x12, 0x25, 0x01, 0x01, 0x77, 
0xFE, 0x9A, 0x01, 0x01, 0x0C, 0x24, 0x3D, 0x58, 0x48, 0x59, 0x6F, 0x50, 0x3B, 0xFA, 0x4E, 0x33, 0x17, 0x27, 0x30, 0x41, 
0x50, 0x32, 0x16, 0x37, 0x2E, 0x00, 0x00, 0x00, 0x00, 0x03, 0x00, 0x2E, 0xFF, 0xF4, 0x02, 0x13, 0x02, 0xF3, 0x00, 0x11, 
0x00, 0x33, 0x00, 0x49, 0x00, 0x00, 0x01, 0x32, 0x33, 0x16, 0x17, 0x06, 0x07, 0x26, 0x27, 0x06, 0x07, 0x30, 0x31, 0x26, 
0x27, 0x34, 0x31, 0x36, 0x17, 0x32, 0x17, 0x34, 0x35, 0x32, 0x37, 0x32, 0x33, 0x32, 0x17, 0x14, 0x11, 0x22, 0x07, 0x22, 
0x23, 0x30, 0x27, 0x34, 0x35, 0x06, 0x23, 0x30, 0x31, 0x22, 0x27, 0x26, 0x35, 0x30, 0x31, 0x34, 0x37, 0x36, 0x07, 0x14, 
0x17, 0x16, 0x33, 0x32, 0x33, 0x32, 0x37, 0x36, 0x35, 0x30, 0x31, 0x34, 0x27, 0x26, 0x23, 0x22, 0x23, 0x22, 0x07, 0x06, 
0x01, 0x04, 0x0E, 0x2A, 0x07, 0x69, 0x18, 0x30, 0x11, 0x33, 0x11, 0x33, 0x12, 0x36, 0x1C, 0x73, 0x53, 0x3B, 0x01, 0x01, 
0x18, 0x46, 0x01, 0x01, 0x01, 0x01, 0x17, 0x47, 0x02, 0x38, 0x58, 0x6D, 0x4D, 0x39, 0x55, 0x46, 0x3A, 0x44, 0x25, 0x23, 
0x03, 0x07, 0x30, 0x2E, 0x2E, 0x44, 0x25, 0x24, 0x03, 0x05, 0x3C, 0x31, 0x20, 0x02, 0xF3, 0x07, 0x77, 0x16, 0x2B, 0x13, 
0x39, 0x13, 0x39, 0x10, 0x30, 0x01, 0x1F, 0xAD, 0x40, 0x12, 0x25, 0x01, 0x01, 0x77, 0xFE, 0x9A, 0x01, 0x01, 0x0C, 0x24, 
0x3D, 0x58, 0x48, 0x59, 0x6F, 0x50, 0x3B, 0xFA, 0x4E, 0x33, 0x17, 0x27, 0x30, 0x41, 0x50, 0x32, 0x16, 0x37, 0x2E, 0x00, 
0x00, 0x03, 0x00, 0x2E, 0xFF, 0xF4, 0x02, 0x13, 0x02, 0xCC, 0x00, 0x21, 0x00, 0x37, 0x00, 0x53, 0x00, 0x00, 0x01, 0x32, 
0x17, 0x34, 0x35, 0x32, 0x37, 0x32, 0x33, 0x32, 0x17, 0x14, 0x11, 0x22, 0x07, 0x22, 0x23, 0x30, 0x27, 0x34, 0x35, 0x06, 
0x23, 0x30, 0x31, 0x22, 0x27, 0x26, 0x35, 0x30, 0x31, 0x34, 0x37, 0x36, 0x07, 0x14, 0x17, 0x16, 0x33, 0x32, 0x33, 0x32, 
0x37, 0x36, 0x35, 0x30, 0x31, 0x34, 0x27, 0x26, 0x23, 0x22, 0x23, 0x22, 0x07, 0x06, 0x01, 0x06, 0x07, 0x06, 0x23, 0x22, 
0x27, 0x26, 0x23, 0x22, 0x07, 0x06, 0x07, 0x34, 0x35, 0x36, 0x37, 0x36, 0x33, 0x32, 0x17, 0x16, 0x33, 0x32, 0x37, 0x36, 
0x37, 0x14, 0x01, 0x23, 0x53, 0x3B, 0x01, 0x01, 0x18, 0x46, 0x01, 0x01, 0x01, 0x01, 0x17, 0x47, 0x02, 0x38, 0x58, 0x6D, 
0x4D, 0x39, 0x55, 0x46, 0x3A, 0x44, 0x25, 0x23, 0x03, 0x07, 0x30, 0x2E, 0x2E, 0x44, 0x25, 0x24, 0x03, 0x05, 0x3C, 0x31, 
0x20, 0x01, 0x46, 0x13, 0x13, 0x1E, 0x1C, 0x1E, 0x3B, 0x3B, 0x1E, 0x1A, 0x1C, 0x13, 0x16, 0x13, 0x13, 0x1E, 0x1B, 0x21, 
0x3A, 0x3B, 0x1C, 0x1A, 0x1D, 0x13, 0x16, 0x01, 0xE7, 0x40, 0x12, 0x25, 0x01, 0x01, 0x77, 0xFE, 0x9A, 0x01, 0x01, 0x0C, 
0x24, 0x3D, 0x58, 0x48, 0x59, 0x6F, 0x50, 0x3B, 0xFA, 0x4E, 0x33, 0x17, 0x27, 0x30, 0x41, 0x50, 0x32, 0x16, 0x37, 0x2E, 
0x01, 0x40, 0x10, 0x0A, 0x0E, 0x1C, 0x1D, 0x10, 0x0C, 0x19, 0x20, 0x41, 0x16, 0x09, 0x10, 0x1E, 0x1E, 0x11, 0x0C, 0x1B, 
0x23, 0x00, 0x00, 0x00, 0x00, 0x04, 0x00, 0x2E, 0xFF, 0xF4, 0x02, 0x13, 0x02, 0xC1, 0x00, 0x19, 0x00, 0x33, 0x00, 0x55, 
0x00, 0x6B, 0x00, 0x00, 0x13, 0x32, 0x17, 0x16, 0x15, 0x14, 0x15, 0x14, 0x07, 0x06, 0x07, 0x06, 0x23, 0x22, 0x23, 0x22, 
0x27, 0x26, 0x27, 0x26, 0x35, 0x34, 0x35, 0x34, 0x37, 0x36, 0x33, 0x32, 0x17, 0x16, 0x15, 0x14, 0x15, 0x14, 0x07, 0x06, 
0x07, 0x06, 0x23, 0x22, 0x23, 0x22, 0x27, 0x26, 0x27, 0x26, 0x35, 0x34, 0x35, 0x34, 0x37, 0x36, 0x07, 0x32, 0x17, 0x34, 
0x35, 0x32, 0x37, 0x32, 0x33, 0x32, 0x17, 0x14, 0x11, 0x22, 0x07, 0x22, 0x23, 0x30, 0x27, 0x34, 0x35, 0x06, 0x23, 0x30, 
0x31, 0x22, 0x27, 0x26, 0x35, 0x30, 0x31, 0x34, 0x37, 0x36, 0x07, 0x14, 0x17, 0x16, 0x33, 0x32, 0x33, 0x32, 0x37, 0x36, 
0x35, 0x30, 0x31, 0x34, 0x27, 0x26, 0x23, 0x22, 0x23, 0x22, 0x07, 0x06, 0xC1, 0x1F, 0x14, 0x0C, 0x14, 0x0E, 0x0E, 0x08, 
0x04, 0x02, 0x05, 0x10, 0x11, 0x11, 0x07, 0x02, 0x13, 0x13, 0xD8, 0x1D, 0x15, 0x0C, 0x13, 0x0F, 0x0E, 0x07, 0x04, 0x03, 
0x04, 0x10, 0x12, 0x11, 0x06, 0x03, 0x13, 0x13, 0x43, 0x53, 0x3B, 0x01, 0x01, 0x18, 0x46, 0x01, 0x01, 0x01, 0x01, 0x17, 
0x47, 0x02, 0x38, 0x58, 0x6D, 0x4D, 0x39, 0x55, 0x46, 0x3A, 0x44, 0x25, 0x23, 0x03, 0x07, 0x30, 0x2E, 0x2E, 0x44, 0x25, 
0x24, 0x03, 0x05, 0x3C, 0x31, 0x20, 0x02, 0xC1, 0x19, 0x12, 0x12, 0x01, 0x03, 0x18, 0x14, 0x0C, 0x03, 0x01, 0x0B, 0x0D, 
0x14, 0x09, 0x07, 0x02, 0x02, 0x18, 0x14, 0x11, 0x19, 0x12, 0x12, 0x01, 0x03, 0x18, 0x14, 0x0C, 0x03, 0x01, 0x0B, 0x0D, 
0x14, 0x09, 0x07, 0x02, 0x02, 0x18, 0x14, 0x11, 0xDA, 0x40, 0x12, 0x25, 0x01, 0x01, 0x77, 0xFE, 0x9A, 0x01, 0x01, 0x0C, 
0x24, 0x3D, 0x58, 0x48, 0x59, 0x6F, 0x50, 0x3B, 0xFA, 0x4E, 0x33, 0x17, 0x27, 0x30, 0x41, 0x50, 0x32, 0x16, 0x37, 0x2E, 
0x00, 0x04, 0x00, 0x2E, 0xFF, 0xF4, 0x02, 0x13, 0x02, 0xDE, 0x00, 0x13, 0x00, 0x31, 0x00, 0x53, 0x00, 0x69, 0x00, 0x00, 
0x01, 0x14, 0x31, 0x14, 0x17, 0x16, 0x33, 0x32, 0x37, 0x36, 0x35, 0x30, 0x35, 0x34, 0x27, 0x26, 0x23, 0x22, 0x07, 0x06, 
0x37, 0x30, 0x33, 0x32, 0x17, 0x16, 0x17, 0x16, 0x15, 0x14, 0x07, 0x06, 0x07, 0x06, 0x23, 0x22, 0x27, 0x26, 0x27, 0x26, 
0x27, 0x26, 0x35, 0x34, 0x35, 0x34, 0x37, 0x36, 0x37, 0x36, 0x17, 0x32, 0x17, 0x34, 0x35, 0x32, 0x37, 0x32, 0x33, 0x32, 
0x17, 0x14, 0x11, 0x22, 0x07, 0x22, 0x23, 0x30, 0x27, 0x34, 0x35, 0x06, 0x23, 0x30, 0x31, 0x22, 0x27, 0x26, 0x35, 0x30, 
0x31, 0x34, 0x37, 0x36, 0x07, 0x14, 0x17, 0x16, 0x33, 0x32, 0x33, 0x32, 0x37, 0x36, 0x35, 0x30, 0x31, 0x34, 0x27, 0x26, 
0x23, 0x22, 0x23, 0x22, 0x07, 0x06, 0x01, 0x00, 0x0D, 0x08, 0x0B, 0x10, 0x0B, 0x06, 0x09, 0x0B, 0x0D, 0x0C, 0x0B, 0x09, 
0x20, 0x01, 0x1F, 0x19, 0x0B, 0x02, 0x12, 0x1B, 0x01, 0x03, 0x19, 0x20, 0x1F, 0x19, 0x08, 0x03, 0x07, 0x03, 0x0A, 0x11, 
0x03, 0x08, 0x1B, 0x23, 0x53, 0x3B, 0x01, 0x01, 0x18, 0x46, 0x01, 0x01, 0x01, 0x01, 0x17, 0x47, 0x02, 0x38, 0x58, 0x6D, 
0x4D, 0x39, 0x55, 0x46, 0x3A, 0x44, 0x25, 0x23, 0x03, 0x07, 0x30, 0x2E, 0x2E, 0x44, 0x25, 0x24, 0x03, 0x05, 0x3C, 0x31, 
0x20, 0x02, 0x88, 0x01, 0x0F, 0x0B, 0x07, 0x0D, 0x09, 0x0B, 0x01, 0x0C, 0x0A, 0x0A, 0x09, 0x0B, 0x4A, 0x15, 0x0A, 0x03, 
0x19, 0x1C, 0x23, 0x1C, 0x01, 0x03, 0x14, 0x14, 0x07, 0x05, 0x08, 0x07, 0x14, 0x11, 0x02, 0x03, 0x1A, 0x18, 0x04, 0x09, 
0x16, 0xF7, 0x40, 0x12, 0x25, 0x01, 0x01, 0x77, 0xFE, 0x9A, 0x01, 0x01, 0x0C, 0x24, 0x3D, 0x58, 0x48, 0x59, 0x6F, 0x50, 
0x3B, 0xFA, 0x4E, 0x33, 0x17, 0x27, 0x30, 0x41, 0x50, 0x32, 0x16, 0x37, 0x2E, 0x00, 0x00, 0x00, 0x00, 0x03, 0x00, 0x2E, 
0xFF, 0xF4, 0x03, 0x90, 0x01, 0xE7, 0x00, 0x15, 0x00, 0x21, 0x00, 0x69, 0x00, 0x00, 0x37, 0x14, 0x17, 0x16, 0x33, 0x32, 
0x33, 0x32, 0x37, 0x36, 0x35, 0x30, 0x31, 0x34, 0x27, 0x26, 0x23, 0x22, 0x23, 0x22, 0x07, 0x06, 0x25, 0x32, 0x33, 0x30, 
0x35, 0x26, 0x27, 0x26, 0x23, 0x22, 0x07, 0x06, 0x03, 0x14, 0x15, 0x22, 0x07, 0x22, 0x23, 0x30, 0x27, 0x34, 0x35, 0x06, 
0x23, 0x30, 0x31, 0x22, 0x27, 0x26, 0x35, 0x30, 0x31, 0x34, 0x37, 0x36, 0x33, 0x32, 0x17, 0x34, 0x35, 0x32, 0x37, 0x32, 
0x33, 0x32, 0x17, 0x14, 0x15, 0x36, 0x37, 0x36, 0x33, 0x32, 0x33, 0x32, 0x17, 0x16, 0x17, 0x16, 0x15, 0x14, 0x15, 0x14, 
0x23, 0x22, 0x23, 0x16, 0x17, 0x16, 0x33, 0x32, 0x37, 0x36, 0x33, 0x16, 0x15, 0x06, 0x07, 0x06, 0x23, 0x22, 0x23, 0x22, 
0x8F, 0x44, 0x25, 0x23, 0x03, 0x07, 0x30, 0x2E, 0x2E, 0x44, 0x25, 0x24, 0x03, 0x05, 0x3C, 0x31, 0x20, 0x01, 0xA2, 0x3D, 
0xB6, 0x08, 0x1F, 0x26, 0x2D, 0x45, 0x2C, 0x02, 0x24, 0x01, 0x01, 0x17, 0x47, 0x02, 0x38, 0x58, 0x6D, 0x4D, 0x39, 0x55, 
0x46, 0x5A, 0x53, 0x3B, 0x01, 0x01, 0x18, 0x46, 0x01, 0x01, 0x05, 0x07, 0x42, 0x43, 0x04, 0x0A, 0x49, 0x44, 0x21, 0x0C, 
0x24, 0x01, 0x78, 0xEF, 0x0C, 0x1B, 0x28, 0x34, 0x41, 0x2C, 0x08, 0x01, 0x57, 0x07, 0x18, 0x49, 0x64, 0x01, 0x02, 0x55, 
0xED, 0x4E, 0x33, 0x17, 0x27, 0x30, 0x41, 0x50, 0x32, 0x16, 0x37, 0x2E, 0x0B, 0x01, 0x19, 0x20, 0x21, 0x49, 0x06, 0xFE, 
0xFC, 0x0C, 0x26, 0x01, 0x01, 0x0C, 0x24, 0x3D, 0x58, 0x48, 0x59, 0x6F, 0x50, 0x3B, 0x40, 0x12, 0x25, 0x01, 0x01, 0x0D, 
0x29, 0x06, 0x06, 0x33, 0x3B, 0x20, 0x18, 0x40, 0x47, 0x05, 0x0A, 0x0E, 0x35, 0x1B, 0x2C, 0x42, 0x11, 0x27, 0x01, 0x12, 
0x22, 0x57, 0x00, 0x00, 0x00, 0x01, 0x00, 0x2D, 0xFF, 0x1D, 0x01, 0xE8, 0x01, 0xE7, 0x00, 0x77, 0x00, 0x00, 0x05, 0x06, 
0x07, 0x16, 0x17, 0x16, 0x17, 0x16, 0x15, 0x14, 0x15, 0x14, 0x07, 0x06, 0x07, 0x06, 0x23, 0x22, 0x23, 0x22, 0x27, 0x26, 
0x27, 0x26, 0x27, 0x30, 0x31, 0x36, 0x37, 0x16, 0x33, 0x32, 0x37, 0x36, 0x35, 0x34, 0x27, 0x26, 0x23, 0x22, 0x23, 0x22, 
0x07, 0x06, 0x07, 0x30, 0x31, 0x36, 0x37, 0x26, 0x27, 0x26, 0x27, 0x26, 0x27, 0x26, 0x27, 0x26, 0x27, 0x26, 0x35, 0x34, 
0x35, 0x34, 0x37, 0x36, 0x37, 0x36, 0x37, 0x36, 0x37, 0x36, 0x33, 0x30, 0x33, 0x32, 0x17, 0x16, 0x17, 0x16, 0x17, 0x16, 
0x15, 0x06, 0x07, 0x30, 0x31, 0x26, 0x27, 0x26, 0x23, 0x22, 0x07, 0x06, 0x07, 0x06, 0x15, 0x14, 0x17, 0x16, 0x17, 0x16, 
0x33, 0x32, 0x37, 0x36, 0x37, 0x36, 0x37, 0x30, 0x31, 0x16, 0x17, 0x06, 0x07, 0x06, 0x07, 0x06, 0x07, 0x06, 0x01, 0x39, 
0x01, 0x03, 0x0F, 0x08, 0x1F, 0x0E, 0x0B, 0x17, 0x0B, 0x06, 0x20, 0x24, 0x01, 0x02, 0x27, 0x23, 0x0E, 0x01, 0x01, 0x02, 
0x10, 0x2F, 0x0E, 0x11, 0x0B, 0x0A, 0x08, 0x04, 0x04, 0x07, 0x01, 0x01, 0x0E, 0x14, 0x11, 0x23, 0x07, 0x14, 0x28, 0x25, 
0x0C, 0x0B, 0x12, 0x09, 0x14, 0x09, 0x09, 0x09, 0x0D, 0x1B, 0x09, 0x0B, 0x08, 0x11, 0x14, 0x0F, 0x3F, 0x48, 0x01, 0x4B, 
0x41, 0x0C, 0x0F, 0x12, 0x07, 0x07, 0x1B, 0x35, 0x06, 0x0E, 0x2C, 0x38, 0x36, 0x2B, 0x10, 0x03, 0x1E, 0x23, 0x0B, 0x0C, 
0x28, 0x31, 0x2C, 0x25, 0x09, 0x0F, 0x08, 0x07, 0x14, 0x3C, 0x08, 0x0F, 0x11, 0x07, 0x10, 0x0C, 0x30, 0x0B, 0x05, 0x10, 
0x03, 0x02, 0x0D, 0x1D, 0x16, 0x16, 0x01, 0x02, 0x21, 0x1D, 0x0B, 0x04, 0x18, 0x1C, 0x0E, 0x03, 0x01, 0x02, 0x0D, 0x25, 
0x12, 0x08, 0x07, 0x08, 0x05, 0x06, 0x02, 0x08, 0x05, 0x0C, 0x21, 0x61, 0x0A, 0x18, 0x09, 0x08, 0x11, 0x0B, 0x18, 0x11, 
0x10, 0x1A, 0x29, 0x24, 0x03, 0x05, 0x38, 0x38, 0x10, 0x10, 0x0C, 0x13, 0x13, 0x09, 0x2B, 0x2F, 0x08, 0x0F, 0x13, 0x0A, 
0x09, 0x02, 0x11, 0x24, 0x09, 0x0F, 0x2A, 0x27, 0x10, 0x07, 0x29, 0x32, 0x36, 0x2C, 0x0E, 0x09, 0x20, 0x1C, 0x05, 0x0F, 
0x0A, 0x0A, 0x0E, 0x27, 0x0E, 0x11, 0x12, 0x05, 0x0D, 0x08, 0x1D, 0x00, 0x00, 0x03, 0x00, 0x21, 0xFF, 0xF4, 0x01, 0xEC, 
0x02, 0xFC, 0x00, 0x0B, 0x00, 0x17, 0x00, 0x3F, 0x00, 0x00, 0x13, 0x16, 0x17, 0x30, 0x15, 0x06, 0x07, 0x30, 0x15, 0x26, 
0x27, 0x36, 0x03, 0x32, 0x33, 0x30, 0x35, 0x26, 0x27, 0x26, 0x23, 0x22, 0x07, 0x06, 0x37, 0x32, 0x33, 0x32, 0x17, 0x16, 
0x17, 0x16, 0x15, 0x14, 0x15, 0x14, 0x23, 0x22, 0x23, 0x16, 0x17, 0x16, 0x33, 0x32, 0x37, 0x36, 0x33, 0x16, 0x15, 0x06, 
0x07, 0x06, 0x23, 0x22, 0x23, 0x22, 0x27, 0x26, 0x35, 0x34, 0x35, 0x34, 0x37, 0x36, 0xCF, 0x2F, 0x90, 0x0C, 0x26, 0x30, 
0x90, 0x0D, 0x1C, 0x3D, 0xB6, 0x08, 0x1F, 0x26, 0x2D, 0x45, 0x2C, 0x02, 0x6D, 0x03, 0x0B, 0x49, 0x44, 0x21, 0x0C, 0x24, 
0x01, 0x78, 0xEF, 0x0C, 0x1B, 0x28, 0x34, 0x41, 0x2C, 0x08, 0x01, 0x57, 0x07, 0x18, 0x49, 0x64, 0x01, 0x02, 0x66, 0x4B, 
0x33, 0x5A, 0x42, 0x02, 0xFC, 0x1D, 0x58, 0x01, 0x14, 0x3D, 0x01, 0x1E, 0x58, 0x14, 0xFE, 0x6D, 0x01, 0x19, 0x20, 0x21, 
0x49, 0x06, 0xB0, 0x3B, 0x20, 0x18, 0x40, 0x47, 0x05, 0x0A, 0x0E, 0x35, 0x1B, 0x2C, 0x42, 0x11, 0x27, 0x01, 0x12, 0x22, 
0x57, 0x5C, 0x47, 0x55, 0x01, 0x01, 0x75, 0x51, 0x33, 0x00, 0x00, 0x00, 0x00, 0x03, 0x00, 0x21, 0xFF, 0xF4, 0x01, 0xEC, 
0x02, 0xFC, 0x00, 0x0B, 0x00, 0x17, 0x00, 0x3F, 0x00, 0x00, 0x01, 0x06, 0x07, 0x26, 0x31, 0x26, 0x27, 0x30, 0x35, 0x36, 
0x37, 0x16, 0x03, 0x32, 0x33, 0x30, 0x35, 0x26, 0x27, 0x26, 0x23, 0x22, 0x07, 0x06, 0x37, 0x32, 0x33, 0x32, 0x17, 0x16, 
0x17, 0x16, 0x15, 0x14, 0x15, 0x14, 0x23, 0x22, 0x23, 0x16, 0x17, 0x16, 0x33, 0x32, 0x37, 0x36, 0x33, 0x16, 0x15, 0x06, 
0x07, 0x06, 0x23, 0x22, 0x23, 0x22, 0x27, 0x26, 0x35, 0x34, 0x35, 0x34, 0x37, 0x36, 0x01, 0x8E, 0x30, 0x8F, 0x01, 0x0C, 
0x26, 0x30, 0x90, 0x0C, 0xDB, 0x3D, 0xB6, 0x08, 0x1F, 0x26, 0x2D, 0x45, 0x2C, 0x02, 0x6D, 0x03, 0x0B, 0x49, 0x44, 0x21, 
0x0C, 0x24, 0x01, 0x78, 0xEF, 0x0C, 0x1B, 0x28, 0x34, 0x41, 0x2C, 0x08, 0x01, 0x57, 0x07, 0x18, 0x49, 0x64, 0x01, 0x02, 
0x66, 0x4B, 0x33, 0x5A, 0x42, 0x02, 0xAA, 0x1D, 0x59, 0x01, 0x14, 0x3D, 0x01, 0x1D, 0x58, 0x15, 0xFE, 0x44, 0x01, 0x19, 
0x20, 0x21, 0x49, 0x06, 0xB0, 0x3B, 0x20, 0x18, 0x40, 0x47, 0x05, 0x0A, 0x0E, 0x35, 0x1B, 0x2C, 0x42, 0x11, 0x27, 0x01, 
0x12, 0x22, 0x57, 0x5C, 0x47, 0x55, 0x01, 0x01, 0x75, 0x51, 0x33, 0x00, 0x00, 0x03, 0x00, 0x21, 0xFF, 0xF4, 0x01, 0xEC, 
0x02, 0xF3, 0x00, 0x11, 0x00, 0x1D, 0x00, 0x45, 0x00, 0x00, 0x13, 0x32, 0x33, 0x16, 0x17, 0x06, 0x07, 0x26, 0x27, 0x06, 
0x07, 0x30, 0x31, 0x26, 0x27, 0x34, 0x31, 0x36, 0x03, 0x32, 0x33, 0x30, 0x35, 0x26, 0x27, 0x26, 0x23, 0x22, 0x07, 0x06, 
0x37, 0x32, 0x33, 0x32, 0x17, 0x16, 0x17, 0x16, 0x15, 0x14, 0x15, 0x14, 0x23, 0x22, 0x23, 0x16, 0x17, 0x16, 0x33, 0x32, 
0x37, 0x36, 0x33, 0x16, 0x15, 0x06, 0x07, 0x06, 0x23, 0x22, 0x23, 0x22, 0x27, 0x26, 0x35, 0x34, 0x35, 0x34, 0x37, 0x36, 
0xF8, 0x0F, 0x2A, 0x07, 0x68, 0x18, 0x30, 0x10, 0x33, 0x11, 0x33, 0x12, 0x36, 0x1C, 0x18, 0x3D, 0xB6, 0x08, 0x1F, 0x26, 
0x2D, 0x45, 0x2C, 0x02, 0x6D, 0x03, 0x0B, 0x49, 0x44, 0x21, 0x0C, 0x24, 0x01, 0x78, 0xEF, 0x0C, 0x1B, 0x28, 0x34, 0x41, 
0x2C, 0x08, 0x01, 0x57, 0x07, 0x18, 0x49, 0x64, 0x01, 0x02, 0x66, 0x4B, 0x33, 0x5A, 0x42, 0x02, 0xF3, 0x07, 0x77, 0x16, 
0x2B, 0x13, 0x39, 0x13, 0x39, 0x10, 0x30, 0x01, 0x1F, 0xFE, 0x97, 0x01, 0x19, 0x20, 0x21, 0x49, 0x06, 0xB0, 0x3B, 0x20, 
0x18, 0x40, 0x47, 0x05, 0x0A, 0x0E, 0x35, 0x1B, 0x2C, 0x42, 0x11, 0x27, 0x01, 0x12, 0x22, 0x57, 0x5C, 0x47, 0x55, 0x01, 
0x01, 0x75, 0x51, 0x33, 0x00, 0x04, 0x00, 0x21, 0xFF, 0xF4, 0x01, 0xEC, 0x02, 0xC1, 0x00, 0x19, 0x00, 0x33, 0x00, 0x3F, 
0x00, 0x67, 0x00, 0x00, 0x13, 0x32, 0x17, 0x16, 0x15, 0x14, 0x15, 0x14, 0x07, 0x06, 0x07, 0x06, 0x23, 0x22, 0x23, 0x22, 
0x27, 0x26, 0x27, 0x26, 0x35, 0x34, 0x35, 0x34, 0x37, 0x36, 0x33, 0x32, 0x17, 0x16, 0x15, 0x14, 0x15, 0x14, 0x07, 0x06, 
0x07, 0x06, 0x23, 0x22, 0x23, 0x22, 0x27, 0x26, 0x27, 0x26, 0x35, 0x34, 0x35, 0x34, 0x37, 0x36, 0x03, 0x32, 0x33, 0x30, 
0x35, 0x26, 0x27, 0x26, 0x23, 0x22, 0x07, 0x06, 0x37, 0x32, 0x33, 0x32, 0x17, 0x16, 0x17, 0x16, 0x15, 0x14, 0x15, 0x14, 
0x23, 0x22, 0x23, 0x16, 0x17, 0x16, 0x33, 0x32, 0x37, 0x36, 0x33, 0x16, 0x15, 0x06, 0x07, 0x06, 0x23, 0x22, 0x23, 0x22, 
0x27, 0x26, 0x35, 0x34, 0x35, 0x34, 0x37, 0x36, 0xB6, 0x1E, 0x14, 0x0C, 0x13, 0x0E, 0x0F, 0x07, 0x04, 0x02, 0x05, 0x10, 
0x12, 0x10, 0x07, 0x02, 0x12, 0x13, 0xD8, 0x1E, 0x15, 0x0C, 0x14, 0x0F, 0x0D, 0x08, 0x04, 0x02, 0x05, 0x10, 0x11, 0x12, 
0x06, 0x03, 0x14, 0x13, 0xCE, 0x3D, 0xB6, 0x08, 0x1F, 0x26, 0x2D, 0x45, 0x2C, 0x02, 0x6D, 0x03, 0x0B, 0x49, 0x44, 0x21, 
0x0C, 0x24, 0x01, 0x78, 0xEF, 0x0C, 0x1B, 0x28, 0x34, 0x41, 0x2C, 0x08, 0x01, 0x57, 0x07, 0x18, 0x49, 0x64, 0x01, 0x02, 
0x66, 0x4B, 0x33, 0x5A, 0x42, 0x02, 0xC1, 0x19, 0x12, 0x12, 0x01, 0x03, 0x18, 0x14, 0x0C, 0x03, 0x01, 0x0B, 0x0D, 0x14, 
0x09, 0x07, 0x02, 0x02, 0x18, 0x14, 0x11, 0x19, 0x12, 0x12, 0x01, 0x03, 0x18, 0x14, 0x0C, 0x03, 0x01, 0x0B, 0x0D, 0x14, 
0x09, 0x07, 0x02, 0x02, 0x18, 0x14, 0x11, 0xFE, 0x6A, 0x01, 0x19, 0x20, 0x21, 0x49, 0x06, 0xB0, 0x3B, 0x20, 0x18, 0x40, 
0x47, 0x05, 0x0A, 0x0E, 0x35, 0x1B, 0x2C, 0x42, 0x11, 0x27, 0x01, 0x12, 0x22, 0x57, 0x5C, 0x47, 0x55, 0x01, 0x01, 0x75, 
0x51, 0x33, 0x00, 0x00, 0x00, 0x02, 0x00, 0x08, 0x00, 0x00, 0x00, 0xFB, 0x02, 0xFC, 0x00, 0x0B, 0x00, 0x17, 0x00, 0x00, 
0x13, 0x14, 0x11, 0x30, 0x23, 0x22, 0x23, 0x30, 0x31, 0x34, 0x11, 0x32, 0x03, 0x16, 0x17, 0x30, 0x15, 0x06, 0x07, 0x30, 
0x15, 0x26, 0x27, 0x36, 0xB2, 0x01, 0x18, 0x48, 0x18, 0x2E, 0x30, 0x90, 0x0D, 0x26, 0x30, 0x90, 0x0D, 0x01, 0xDF, 0x78, 
0xFE, 0x99, 0x78, 0x01, 0x67, 0x01, 0x1D, 0x1D, 0x58, 0x01, 0x14, 0x3D, 0x01, 0x1E, 0x58, 0x14, 0x00, 0x02, 0x00, 0x08, 
0x00, 0x00, 0x00, 0xFB, 0x02, 0xFC, 0x00, 0x0B, 0x00, 0x17, 0x00, 0x00, 0x13, 0x14, 0x11, 0x30, 0x23, 0x22, 0x23, 0x30, 
0x31, 0x34, 0x11, 0x32, 0x37, 0x06, 0x07, 0x34, 0x31, 0x26, 0x27, 0x30, 0x35, 0x36, 0x37, 0x16, 0xB2, 0x01, 0x18, 0x48, 
0x18, 0x92, 0x30, 0x90, 0x0D, 0x26, 0x30, 0x90, 0x0D, 0x01, 0xDF, 0x78, 0xFE, 0x99, 0x78, 0x01, 0x67, 0xCB, 0x1D, 0x59, 
0x01, 0x14, 0x3D, 0x01, 0x1D, 0x58, 0x15, 0x00, 0x00, 0x02, 0xFF, 0xF5, 0x00, 0x00, 0x01, 0x0D, 0x02, 0xF3, 0x00, 0x0B, 
0x00, 0x1D, 0x00, 0x00, 0x13, 0x14, 0x11, 0x30, 0x23, 0x22, 0x23, 0x30, 0x31, 0x34, 0x11, 0x32, 0x03, 0x32, 0x33, 0x16, 
0x17, 0x06, 0x07, 0x26, 0x27, 0x06, 0x07, 0x30, 0x23, 0x26, 0x27, 0x34, 0x31, 0x36, 0xB2, 0x01, 0x18, 0x48, 0x18, 0x04, 
0x0E, 0x2A, 0x07, 0x69, 0x18, 0x30, 0x11, 0x33, 0x10, 0x33, 0x01, 0x12, 0x36, 0x1C, 0x01, 0xDF, 0x78, 0xFE, 0x99, 0x78, 
0x01, 0x67, 0x01, 0x14, 0x07, 0x77, 0x16, 0x2B, 0x13, 0x39, 0x13, 0x39, 0x10, 0x30, 0x01, 0x1F, 0x00, 0x03, 0xFF, 0xED, 
0x00, 0x00, 0x01, 0x15, 0x02, 0xC1, 0x00, 0x0B, 0x00, 0x25, 0x00, 0x3F, 0x00, 0x00, 0x13, 0x14, 0x11, 0x30, 0x23, 0x22, 
0x23, 0x30, 0x31, 0x34, 0x11, 0x32, 0x27, 0x32, 0x17, 0x16, 0x15, 0x14, 0x15, 0x14, 0x07, 0x06, 0x07, 0x06, 0x23, 0x22, 
0x23, 0x22, 0x27, 0x26, 0x27, 0x26, 0x35, 0x34, 0x35, 0x34, 0x37, 0x36, 0x33, 0x32, 0x17, 0x16, 0x15, 0x14, 0x15, 0x14, 
0x07, 0x06, 0x07, 0x06, 0x23, 0x22, 0x23, 0x22, 0x27, 0x26, 0x27, 0x26, 0x35, 0x34, 0x35, 0x34, 0x37, 0x36, 0xB2, 0x01, 
0x18, 0x48, 0x18, 0x3C, 0x1E, 0x15, 0x0C, 0x14, 0x0F, 0x0D, 0x08, 0x04, 0x02, 0x05, 0x10, 0x11, 0x11, 0x07, 0x03, 0x13, 
0x14, 0xC3, 0x1E, 0x14, 0x0C, 0x13, 0x0E, 0x0F, 0x07, 0x04, 0x02, 0x05, 0x10, 0x12, 0x11, 0x06, 0x02, 0x13, 0x12, 0x01, 
0xDF, 0x78, 0xFE, 0x99, 0x78, 0x01, 0x67, 0xE2, 0x19, 0x12, 0x12, 0x01, 0x03, 0x18, 0x14, 0x0C, 0x03, 0x01, 0x0B, 0x0D, 
0x14, 0x09, 0x07, 0x02, 0x02, 0x18, 0x14, 0x11, 0x19, 0x12, 0x12, 0x01, 0x03, 0x18, 0x14, 0x0C, 0x03, 0x01, 0x0B, 0x0D, 
0x14, 0x09, 0x07, 0x02, 0x02, 0x18, 0x14, 0x11, 0x00, 0x02, 0x00, 0x4C, 0x00, 0x00, 0x01, 0xF7, 0x02, 0xCC, 0x00, 0x31, 
0x00, 0x4D, 0x00, 0x00, 0x01, 0x32, 0x33, 0x32, 0x17, 0x16, 0x15, 0x14, 0x15, 0x30, 0x07, 0x22, 0x23, 0x30, 0x27, 0x34, 
0x35, 0x34, 0x27, 0x26, 0x23, 0x22, 0x23, 0x22, 0x07, 0x06, 0x15, 0x14, 0x15, 0x30, 0x07, 0x22, 0x23, 0x30, 0x27, 0x34, 
0x11, 0x32, 0x37, 0x32, 0x33, 0x30, 0x17, 0x14, 0x15, 0x30, 0x31, 0x36, 0x37, 0x36, 0x37, 0x06, 0x07, 0x06, 0x23, 0x22, 
0x27, 0x26, 0x23, 0x22, 0x07, 0x06, 0x07, 0x34, 0x35, 0x36, 0x37, 0x36, 0x33, 0x32, 0x17, 0x16, 0x33, 0x32, 0x37, 0x36, 
0x37, 0x14, 0x01, 0x26, 0x01, 0x04, 0x81, 0x38, 0x13, 0x01, 0x17, 0x47, 0x01, 0x33, 0x16, 0x22, 0x02, 0x06, 0x3C, 0x1A, 
0x21, 0x01, 0x18, 0x46, 0x02, 0x01, 0x01, 0x17, 0x47, 0x01, 0x1A, 0x29, 0x16, 0xD6, 0x14, 0x13, 0x1D, 0x1D, 0x1E, 0x3B, 
0x3B, 0x1E, 0x19, 0x1D, 0x13, 0x17, 0x14, 0x13, 0x1D, 0x1C, 0x20, 0x3B, 0x3B, 0x1C, 0x1A, 0x1C, 0x13, 0x18, 0x01, 0xDF, 
0x62, 0x26, 0x34, 0x60, 0xC2, 0x01, 0x01, 0x49, 0xDA, 0x3D, 0x14, 0x0A, 0x13, 0x14, 0x37, 0x60, 0xC0, 0x01, 0x01, 0x77, 
0x01, 0x63, 0x01, 0x01, 0x07, 0x14, 0x0E, 0x0C, 0x05, 0x81, 0x10, 0x0B, 0x0E, 0x1D, 0x1D, 0x11, 0x0B, 0x1A, 0x21, 0x41, 
0x15, 0x0A, 0x10, 0x1E, 0x1E, 0x10, 0x0C, 0x1B, 0x22, 0x00, 0x00, 0x00, 0x00, 0x03, 0x00, 0x2D, 0xFF, 0xF4, 0x02, 0x11, 
0x02, 0xFC, 0x00, 0x0B, 0x00, 0x27, 0x00, 0x53, 0x00, 0x00, 0x13, 0x16, 0x17, 0x30, 0x15, 0x06, 0x07, 0x22, 0x15, 0x26, 
0x27, 0x36, 0x03, 0x14, 0x17, 0x16, 0x17, 0x16, 0x33, 0x32, 0x37, 0x36, 0x37, 0x36, 0x35, 0x30, 0x35, 0x34, 0x27, 0x26, 
0x27, 0x26, 0x27, 0x26, 0x23, 0x22, 0x07, 0x06, 0x07, 0x06, 0x37, 0x32, 0x17, 0x16, 0x17, 0x16, 0x17, 0x16, 0x15, 0x14, 
0x07, 0x06, 0x07, 0x06, 0x07, 0x06, 0x07, 0x06, 0x23, 0x22, 0x23, 0x22, 0x27, 0x26, 0x27, 0x26, 0x27, 0x26, 0x27, 0x26, 
0x27, 0x26, 0x35, 0x34, 0x35, 0x34, 0x37, 0x36, 0x37, 0x36, 0x37, 0x36, 0x37, 0x36, 0xD9, 0x30, 0x8F, 0x0C, 0x25, 0x01, 
0x30, 0x8F, 0x0C, 0x26, 0x24, 0x0F, 0x09, 0x27, 0x2F, 0x39, 0x2C, 0x11, 0x07, 0x15, 0x28, 0x11, 0x05, 0x09, 0x07, 0x21, 
0x23, 0x35, 0x2C, 0x0F, 0x04, 0x1E, 0x92, 0x51, 0x44, 0x09, 0x12, 0x22, 0x0F, 0x11, 0x1E, 0x0B, 0x11, 0x14, 0x0C, 0x0E, 
0x0C, 0x3B, 0x41, 0x01, 0x03, 0x44, 0x3E, 0x0C, 0x0A, 0x14, 0x08, 0x0A, 0x0A, 0x09, 0x08, 0x17, 0x1C, 0x08, 0x0B, 0x08, 
0x11, 0x19, 0x0A, 0x3E, 0x02, 0xFC, 0x1D, 0x58, 0x01, 0x14, 0x3D, 0x01, 0x1E, 0x58, 0x14, 0xFE, 0x2E, 0x36, 0x2D, 0x11, 
0x05, 0x1F, 0x2C, 0x12, 0x0E, 0x24, 0x28, 0x01, 0x3A, 0x2E, 0x12, 0x02, 0x07, 0x04, 0x12, 0x27, 0x10, 0x07, 0x29, 0xC8, 
0x35, 0x07, 0x12, 0x26, 0x29, 0x2D, 0x31, 0x3F, 0x39, 0x14, 0x16, 0x16, 0x09, 0x0B, 0x08, 0x24, 0x28, 0x09, 0x08, 0x10, 
0x0C, 0x0C, 0x0E, 0x10, 0x0F, 0x34, 0x33, 0x03, 0x05, 0x38, 0x38, 0x10, 0x10, 0x0C, 0x13, 0x16, 0x06, 0x2B, 0x00, 0x00, 
0x00, 0x03, 0x00, 0x2D, 0xFF, 0xF4, 0x02, 0x11, 0x02, 0xFC, 0x00, 0x0B, 0x00, 0x27, 0x00, 0x53, 0x00, 0x00, 0x01, 0x06, 
0x07, 0x34, 0x23, 0x26, 0x27, 0x30, 0x35, 0x36, 0x37, 0x16, 0x03, 0x14, 0x17, 0x16, 0x17, 0x16, 0x33, 0x32, 0x37, 0x36, 
0x37, 0x36, 0x35, 0x30, 0x35, 0x34, 0x27, 0x26, 0x27, 0x26, 0x27, 0x26, 0x23, 0x22, 0x07, 0x06, 0x07, 0x06, 0x37, 0x32, 
0x17, 0x16, 0x17, 0x16, 0x17, 0x16, 0x15, 0x14, 0x07, 0x06, 0x07, 0x06, 0x07, 0x06, 0x07, 0x06, 0x23, 0x22, 0x23, 0x22, 
0x27, 0x26, 0x27, 0x26, 0x27, 0x26, 0x27, 0x26, 0x27, 0x26, 0x35, 0x34, 0x35, 0x34, 0x37, 0x36, 0x37, 0x36, 0x37, 0x36, 
0x37, 0x36, 0x01, 0x98, 0x2F, 0x90, 0x01, 0x0C, 0x25, 0x2F, 0x90, 0x0D, 0xE6, 0x24, 0x0F, 0x09, 0x27, 0x2F, 0x39, 0x2C, 
0x11, 0x07, 0x15, 0x28, 0x11, 0x05, 0x09, 0x07, 0x21, 0x23, 0x35, 0x2C, 0x0F, 0x04, 0x1E, 0x92, 0x51, 0x44, 0x09, 0x12, 
0x22, 0x0F, 0x11, 0x1E, 0x0B, 0x11, 0x14, 0x0C, 0x0E, 0x0C, 0x3B, 0x41, 0x01, 0x03, 0x44, 0x3E, 0x0C, 0x0A, 0x14, 0x08, 
0x0A, 0x0A, 0x09, 0x08, 0x17, 0x1C, 0x08, 0x0B, 0x08, 0x11, 0x19, 0x0A, 0x3E, 0x02, 0xAA, 0x1D, 0x59, 0x01, 0x14, 0x3D, 
0x01, 0x1D, 0x58, 0x15, 0xFE, 0x05, 0x36, 0x2D, 0x11, 0x05, 0x1F, 0x2C, 0x12, 0x0E, 0x24, 0x28, 0x01, 0x3A, 0x2E, 0x12, 
0x02, 0x07, 0x04, 0x12, 0x27, 0x10, 0x07, 0x29, 0xC8, 0x35, 0x07, 0x12, 0x26, 0x29, 0x2D, 0x31, 0x3F, 0x39, 0x14, 0x16, 
0x16, 0x09, 0x0B, 0x08, 0x24, 0x28, 0x09, 0x08, 0x10, 0x0C, 0x0C, 0x0E, 0x10, 0x0F, 0x34, 0x33, 0x03, 0x05, 0x38, 0x38, 
0x10, 0x10, 0x0C, 0x13, 0x16, 0x06, 0x2B, 0x00, 0x00, 0x03, 0x00, 0x2D, 0xFF, 0xF4, 0x02, 0x11, 0x02, 0xF3, 0x00, 0x11, 
0x00, 0x2D, 0x00, 0x59, 0x00, 0x00, 0x01, 0x32, 0x33, 0x16, 0x17, 0x06, 0x07, 0x26, 0x27, 0x06, 0x07, 0x30, 0x31, 0x26, 
0x27, 0x34, 0x31, 0x36, 0x03, 0x14, 0x17, 0x16, 0x17, 0x16, 0x33, 0x32, 0x37, 0x36, 0x37, 0x36, 0x35, 0x30, 0x35, 0x34, 
0x27, 0x26, 0x27, 0x26, 0x27, 0x26, 0x23, 0x22, 0x07, 0x06, 0x07, 0x06, 0x37, 0x32, 0x17, 0x16, 0x17, 0x16, 0x17, 0x16, 
0x15, 0x14, 0x07, 0x06, 0x07, 0x06, 0x07, 0x06, 0x07, 0x06, 0x23, 0x22, 0x23, 0x22, 0x27, 0x26, 0x27, 0x26, 0x27, 0x26, 
0x27, 0x26, 0x27, 0x26, 0x35, 0x34, 0x35, 0x34, 0x37, 0x36, 0x37, 0x36, 0x37, 0x36, 0x37, 0x36, 0x01, 0x03, 0x0E, 0x2B, 
0x06, 0x69, 0x18, 0x30, 0x11, 0x32, 0x11, 0x33, 0x12, 0x36, 0x1B, 0x22, 0x24, 0x0F, 0x09, 0x27, 0x2F, 0x39, 0x2C, 0x11, 
0x07, 0x15, 0x28, 0x11, 0x05, 0x09, 0x07, 0x21, 0x23, 0x35, 0x2C, 0x0F, 0x04, 0x1E, 0x92, 0x51, 0x44, 0x09, 0x12, 0x22, 
0x0F, 0x11, 0x1E, 0x0B, 0x11, 0x14, 0x0C, 0x0E, 0x0C, 0x3B, 0x41, 0x01, 0x03, 0x44, 0x3E, 0x0C, 0x0A, 0x14, 0x08, 0x0A, 
0x0A, 0x09, 0x08, 0x17, 0x1C, 0x08, 0x0B, 0x08, 0x11, 0x19, 0x0A, 0x3E, 0x02, 0xF3, 0x07, 0x77, 0x16, 0x2B, 0x13, 0x39, 
0x13, 0x39, 0x10, 0x30, 0x01, 0x1F, 0xFE, 0x58, 0x36, 0x2D, 0x11, 0x05, 0x1F, 0x2C, 0x12, 0x0E, 0x24, 0x28, 0x01, 0x3A, 
0x2E, 0x12, 0x02, 0x07, 0x04, 0x12, 0x27, 0x10, 0x07, 0x29, 0xC8, 0x35, 0x07, 0x12, 0x26, 0x29, 0x2D, 0x31, 0x3F, 0x39, 
0x14, 0x16, 0x16, 0x09, 0x0B, 0x08, 0x24, 0x28, 0x09, 0x08, 0x10, 0x0C, 0x0C, 0x0E, 0x10, 0x0F, 0x34, 0x33, 0x03, 0x05, 
0x38, 0x38, 0x10, 0x10, 0x0C, 0x13, 0x16, 0x06, 0x2B, 0x00, 0x00, 0x00, 0x00, 0x03, 0x00, 0x2D, 0xFF, 0xF4, 0x02, 0x11, 
0x02, 0xCC, 0x00, 0x1B, 0x00, 0x47, 0x00, 0x63, 0x00, 0x00, 0x37, 0x14, 0x17, 0x16, 0x17, 0x16, 0x33, 0x32, 0x37, 0x36, 
0x37, 0x36, 0x35, 0x30, 0x35, 0x34, 0x27, 0x26, 0x27, 0x26, 0x27, 0x26, 0x23, 0x22, 0x07, 0x06, 0x07, 0x06, 0x37, 0x32, 
0x17, 0x16, 0x17, 0x16, 0x17, 0x16, 0x15, 0x14, 0x07, 0x06, 0x07, 0x06, 0x07, 0x06, 0x07, 0x06, 0x23, 0x22, 0x23, 0x22, 
0x27, 0x26, 0x27, 0x26, 0x27, 0x26, 0x27, 0x26, 0x27, 0x26, 0x35, 0x34, 0x35, 0x34, 0x37, 0x36, 0x37, 0x36, 0x37, 0x36, 
0x37, 0x36, 0x25, 0x06, 0x07, 0x06, 0x23, 0x22, 0x27, 0x26, 0x23, 0x22, 0x07, 0x06, 0x07, 0x34, 0x35, 0x36, 0x37, 0x36, 
0x33, 0x32, 0x17, 0x16, 0x33, 0x32, 0x37, 0x36, 0x37, 0x14, 0x8D, 0x24, 0x0F, 0x09, 0x27, 0x2F, 0x39, 0x2C, 0x11, 0x07, 
0x15, 0x28, 0x11, 0x05, 0x09, 0x07, 0x21, 0x23, 0x35, 0x2C, 0x0F, 0x04, 0x1E, 0x92, 0x51, 0x44, 0x09, 0x12, 0x22, 0x0F, 
0x11, 0x1E, 0x0B, 0x11, 0x14, 0x0C, 0x0E, 0x0C, 0x3B, 0x41, 0x01, 0x03, 0x44, 0x3E, 0x0C, 0x0A, 0x14, 0x08, 0x0A, 0x0A, 
0x09, 0x08, 0x17, 0x1C, 0x08, 0x0B, 0x08, 0x11, 0x19, 0x0A, 0x3E, 0x01, 0x02, 0x13, 0x13, 0x1E, 0x1C, 0x1E, 0x3B, 0x3B, 
0x1E, 0x1A, 0x1C, 0x13, 0x16, 0x13, 0x13, 0x1E, 0x1B, 0x21, 0x3A, 0x3B, 0x1C, 0x1A, 0x1D, 0x12, 0x17, 0xEC, 0x36, 0x2D, 
0x11, 0x05, 0x1F, 0x2C, 0x12, 0x0E, 0x24, 0x28, 0x01, 0x3A, 0x2E, 0x12, 0x02, 0x07, 0x04, 0x12, 0x27, 0x10, 0x07, 0x29, 
0xC8, 0x35, 0x07, 0x12, 0x26, 0x29, 0x2D, 0x31, 0x3F, 0x39, 0x14, 0x16, 0x16, 0x09, 0x0B, 0x08, 0x24, 0x28, 0x09, 0x08, 
0x10, 0x0C, 0x0C, 0x0E, 0x10, 0x0F, 0x34, 0x33, 0x03, 0x05, 0x38, 0x38, 0x10, 0x10, 0x0C, 0x13, 0x16, 0x06, 0x2B, 0x79, 
0x10, 0x0A, 0x0E, 0x1C, 0x1D, 0x10, 0x0C, 0x19, 0x20, 0x41, 0x16, 0x09, 0x10, 0x1E, 0x1E, 0x11, 0x0C, 0x1B, 0x23, 0x00, 
0x00, 0x04, 0x00, 0x2D, 0xFF, 0xF4, 0x02, 0x11, 0x02, 0xC1, 0x00, 0x19, 0x00, 0x33, 0x00, 0x4F, 0x00, 0x7B, 0x00, 0x00, 
0x13, 0x32, 0x17, 0x16, 0x15, 0x14, 0x15, 0x14, 0x07, 0x06, 0x07, 0x06, 0x23, 0x22, 0x23, 0x22, 0x27, 0x26, 0x27, 0x26, 
0x35, 0x34, 0x35, 0x34, 0x37, 0x36, 0x33, 0x32, 0x17, 0x16, 0x15, 0x14, 0x15, 0x14, 0x07, 0x06, 0x07, 0x06, 0x23, 0x22, 
0x23, 0x22, 0x27, 0x26, 0x27, 0x26, 0x35, 0x34, 0x35, 0x34, 0x37, 0x36, 0x03, 0x14, 0x17, 0x16, 0x17, 0x16, 0x33, 0x32, 
0x37, 0x36, 0x37, 0x36, 0x35, 0x30, 0x35, 0x34, 0x27, 0x26, 0x27, 0x26, 0x27, 0x26, 0x23, 0x22, 0x07, 0x06, 0x07, 0x06, 
0x37, 0x32, 0x17, 0x16, 0x17, 0x16, 0x17, 0x16, 0x15, 0x14, 0x07, 0x06, 0x07, 0x06, 0x07, 0x06, 0x07, 0x06, 0x23, 0x22, 
0x23, 0x22, 0x27, 0x26, 0x27, 0x26, 0x27, 0x26, 0x27, 0x26, 0x27, 0x26, 0x35, 0x34, 0x35, 0x34, 0x37, 0x36, 0x37, 0x36, 
0x37, 0x36, 0x37, 0x36, 0xC1, 0x1E, 0x15, 0x0C, 0x14, 0x0F, 0x0D, 0x08, 0x04, 0x02, 0x05, 0x10, 0x11, 0x11, 0x07, 0x03, 
0x13, 0x14, 0xD7, 0x1E, 0x14, 0x0C, 0x13, 0x0E, 0x0F, 0x07, 0x04, 0x02, 0x05, 0x10, 0x12, 0x11, 0x06, 0x02, 0x13, 0x12, 
0xD8, 0x24, 0x0F, 0x09, 0x27, 0x2F, 0x39, 0x2C, 0x11, 0x07, 0x15, 0x28, 0x11, 0x05, 0x09, 0x07, 0x21, 0x23, 0x35, 0x2C, 
0x0F, 0x04, 0x1E, 0x92, 0x51, 0x44, 0x09, 0x12, 0x22, 0x0F, 0x11, 0x1E, 0x0B, 0x11, 0x14, 0x0C, 0x0E, 0x0C, 0x3B, 0x41, 
0x01, 0x03, 0x44, 0x3E, 0x0C, 0x0A, 0x14, 0x08, 0x0A, 0x0A, 0x09, 0x08, 0x17, 0x1C, 0x08, 0x0B, 0x08, 0x11, 0x19, 0x0A, 
0x3E, 0x02, 0xC1, 0x19, 0x12, 0x12, 0x01, 0x03, 0x18, 0x14, 0x0C, 0x03, 0x01, 0x0B, 0x0D, 0x14, 0x09, 0x07, 0x02, 0x02, 
0x18, 0x14, 0x11, 0x19, 0x12, 0x12, 0x01, 0x03, 0x18, 0x14, 0x0C, 0x03, 0x01, 0x0B, 0x0D, 0x14, 0x09, 0x07, 0x02, 0x02, 
0x18, 0x14, 0x11, 0xFE, 0x2B, 0x36, 0x2D, 0x11, 0x05, 0x1F, 0x2C, 0x12, 0x0E, 0x24, 0x28, 0x01, 0x3A, 0x2E, 0x12, 0x02, 
0x07, 0x04, 0x12, 0x27, 0x10, 0x07, 0x29, 0xC8, 0x35, 0x07, 0x12, 0x26, 0x29, 0x2D, 0x31, 0x3F, 0x39, 0x14, 0x16, 0x16, 
0x09, 0x0B, 0x08, 0x24, 0x28, 0x09, 0x08, 0x10, 0x0C, 0x0C, 0x0E, 0x10, 0x0F, 0x34, 0x33, 0x03, 0x05, 0x38, 0x38, 0x10, 
0x10, 0x0C, 0x13, 0x16, 0x06, 0x2B, 0x00, 0x00, 0x00, 0x03, 0x00, 0x30, 0x00, 0x28, 0x01, 0x93, 0x01, 0xD6, 0x00, 0x15, 
0x00, 0x2B, 0x00, 0x37, 0x00, 0x00, 0x13, 0x32, 0x33, 0x32, 0x17, 0x16, 0x15, 0x14, 0x15, 0x14, 0x07, 0x06, 0x23, 0x22, 
0x23, 0x22, 0x27, 0x26, 0x35, 0x34, 0x37, 0x36, 0x13, 0x32, 0x33, 0x32, 0x17, 0x16, 0x15, 0x14, 0x15, 0x14, 0x07, 0x06, 
0x23, 0x22, 0x23, 0x22, 0x27, 0x26, 0x35, 0x34, 0x37, 0x36, 0x27, 0x32, 0x21, 0x14, 0x31, 0x14, 0x15, 0x14, 0x31, 0x22, 
0x21, 0x34, 0xE0, 0x01, 0x03, 0x17, 0x14, 0x12, 0x15, 0x13, 0x15, 0x01, 0x03, 0x19, 0x14, 0x10, 0x11, 0x14, 0x18, 0x01, 
0x03, 0x17, 0x14, 0x12, 0x15, 0x13, 0x15, 0x01, 0x03, 0x19, 0x14, 0x10, 0x11, 0x14, 0x98, 0x59, 0x01, 0x0A, 0x59, 0xFE, 
0xF6, 0x01, 0xD6, 0x12, 0x14, 0x17, 0x01, 0x03, 0x19, 0x14, 0x10, 0x15, 0x13, 0x17, 0x19, 0x13, 0x13, 0xFE, 0xD1, 0x13, 
0x14, 0x17, 0x01, 0x02, 0x19, 0x15, 0x10, 0x16, 0x13, 0x17, 0x18, 0x14, 0x13, 0x89, 0x01, 0x18, 0x47, 0x01, 0x18, 0x00, 
0x00, 0x03, 0x00, 0x1B, 0xFF, 0xED, 0x02, 0x1D, 0x01, 0xF0, 0x00, 0x0B, 0x00, 0x19, 0x00, 0x53, 0x00, 0x00, 0x01, 0x26, 
0x23, 0x22, 0x07, 0x06, 0x07, 0x06, 0x15, 0x14, 0x17, 0x36, 0x37, 0x06, 0x07, 0x16, 0x33, 0x32, 0x37, 0x36, 0x37, 0x36, 
0x35, 0x30, 0x35, 0x34, 0x27, 0x36, 0x37, 0x32, 0x31, 0x16, 0x17, 0x30, 0x31, 0x06, 0x07, 0x16, 0x17, 0x16, 0x15, 0x14, 
0x07, 0x06, 0x07, 0x06, 0x07, 0x06, 0x07, 0x06, 0x23, 0x22, 0x23, 0x22, 0x27, 0x26, 0x27, 0x06, 0x07, 0x30, 0x31, 0x26, 
0x27, 0x34, 0x31, 0x36, 0x37, 0x26, 0x27, 0x26, 0x35, 0x34, 0x35, 0x34, 0x37, 0x36, 0x37, 0x36, 0x37, 0x36, 0x37, 0x36, 
0x33, 0x32, 0x01, 0x5F, 0x1F, 0x21, 0x35, 0x2C, 0x0F, 0x04, 0x1E, 0x0C, 0x42, 0xC7, 0x32, 0x97, 0x21, 0x25, 0x39, 0x2C, 
0x11, 0x07, 0x15, 0x0C, 0x0D, 0x26, 0x01, 0x11, 0x33, 0x0D, 0x27, 0x0F, 0x08, 0x11, 0x1E, 0x0B, 0x11, 0x14, 0x0C, 0x0E, 
0x0C, 0x3B, 0x41, 0x01, 0x03, 0x44, 0x3E, 0x04, 0x04, 0x11, 0x23, 0x11, 0x33, 0x0D, 0x29, 0x07, 0x06, 0x17, 0x1C, 0x08, 
0x0B, 0x08, 0x11, 0x19, 0x0A, 0x3E, 0x49, 0x49, 0x01, 0x77, 0x0F, 0x27, 0x10, 0x07, 0x29, 0x33, 0x1F, 0x1C, 0x42, 0x3D, 
0x32, 0x96, 0x14, 0x2C, 0x12, 0x0E, 0x24, 0x28, 0x01, 0x24, 0xAB, 0x0D, 0x27, 0x11, 0x33, 0x0D, 0x27, 0x17, 0x17, 0x2D, 
0x31, 0x3F, 0x39, 0x14, 0x16, 0x16, 0x09, 0x0B, 0x08, 0x24, 0x28, 0x03, 0x02, 0x11, 0x23, 0x11, 0x33, 0x01, 0x0E, 0x29, 
0x0D, 0x0C, 0x34, 0x33, 0x03, 0x05, 0x38, 0x38, 0x10, 0x10, 0x0C, 0x13, 0x16, 0x06, 0x2B, 0x00, 0x00, 0x02, 0x00, 0x4A, 
0x00, 0x00, 0x01, 0xF4, 0x02, 0xFC, 0x00, 0x0B, 0x00, 0x3D, 0x00, 0x00, 0x13, 0x16, 0x17, 0x30, 0x15, 0x06, 0x07, 0x30, 
0x07, 0x26, 0x27, 0x36, 0x13, 0x22, 0x23, 0x22, 0x27, 0x26, 0x35, 0x34, 0x35, 0x34, 0x37, 0x32, 0x33, 0x30, 0x17, 0x14, 
0x15, 0x14, 0x17, 0x16, 0x33, 0x32, 0x33, 0x32, 0x37, 0x36, 0x35, 0x34, 0x35, 0x36, 0x35, 0x32, 0x33, 0x30, 0x15, 0x14, 
0x11, 0x30, 0x15, 0x22, 0x23, 0x30, 0x27, 0x34, 0x35, 0x30, 0x31, 0x06, 0x07, 0x06, 0xD8, 0x30, 0x90, 0x0C, 0x26, 0x01, 
0x2F, 0x90, 0x0D, 0x68, 0x01, 0x03, 0x82, 0x38, 0x13, 0x02, 0x17, 0x46, 0x02, 0x32, 0x16, 0x21, 0x03, 0x05, 0x3D, 0x1A, 
0x21, 0x01, 0x18, 0x47, 0x18, 0x47, 0x01, 0x1A, 0x29, 0x16, 0x02, 0xFC, 0x1D, 0x58, 0x01, 0x14, 0x3D, 0x01, 0x1E, 0x58, 
0x14, 0xFD, 0x42, 0x61, 0x27, 0x34, 0x60, 0xC1, 0x01, 0x01, 0x02, 0x48, 0xDA, 0x3E, 0x13, 0x0A, 0x14, 0x14, 0x35, 0x60, 
0xC0, 0x01, 0x01, 0x02, 0x76, 0xFE, 0x9D, 0x01, 0x01, 0x08, 0x18, 0x13, 0x0C, 0x05, 0x00, 0x00, 0x00, 0x02, 0x00, 0x4A, 
0x00, 0x00, 0x01, 0xF4, 0x02, 0xFC, 0x00, 0x0B, 0x00, 0x3D, 0x00, 0x00, 0x01, 0x06, 0x07, 0x34, 0x31, 0x26, 0x27, 0x30, 
0x35, 0x36, 0x37, 0x16, 0x03, 0x22, 0x23, 0x22, 0x27, 0x26, 0x35, 0x34, 0x35, 0x34, 0x37, 0x32, 0x33, 0x30, 0x17, 0x14, 
0x15, 0x14, 0x17, 0x16, 0x33, 0x32, 0x33, 0x32, 0x37, 0x36, 0x35, 0x34, 0x35, 0x36, 0x35, 0x32, 0x33, 0x30, 0x15, 0x14, 
0x11, 0x30, 0x15, 0x22, 0x23, 0x30, 0x27, 0x34, 0x35, 0x30, 0x31, 0x06, 0x07, 0x06, 0x01, 0x98, 0x30, 0x90, 0x0C, 0x26, 
0x30, 0x8F, 0x0D, 0x57, 0x01, 0x03, 0x82, 0x38, 0x13, 0x02, 0x17, 0x46, 0x02, 0x32, 0x16, 0x21, 0x03, 0x05, 0x3D, 0x1A, 
0x21, 0x01, 0x18, 0x47, 0x18, 0x47, 0x01, 0x1A, 0x29, 0x16, 0x02, 0xAA, 0x1D, 0x59, 0x01, 0x14, 0x3D, 0x01, 0x1D, 0x58, 
0x15, 0xFD, 0x19, 0x61, 0x27, 0x34, 0x60, 0xC1, 0x01, 0x01, 0x02, 0x48, 0xDA, 0x3E, 0x13, 0x0A, 0x14, 0x14, 0x35, 0x60, 
0xC0, 0x01, 0x01, 0x02, 0x76, 0xFE, 0x9D, 0x01, 0x01, 0x08, 0x18, 0x13, 0x0C, 0x05, 0x00, 0x00, 0x00, 0x02, 0x00, 0x4A, 
0x00, 0x00, 0x01, 0xF4, 0x02, 0xF3, 0x00, 0x11, 0x00, 0x43, 0x00, 0x00, 0x01, 0x32, 0x33, 0x16, 0x17, 0x06, 0x07, 0x26, 
0x27, 0x06, 0x07, 0x30, 0x31, 0x26, 0x27, 0x34, 0x31, 0x36, 0x13, 0x22, 0x23, 0x22, 0x27, 0x26, 0x35, 0x34, 0x35, 0x34, 
0x37, 0x32, 0x33, 0x30, 0x17, 0x14, 0x15, 0x14, 0x17, 0x16, 0x33, 0x32, 0x33, 0x32, 0x37, 0x36, 0x35, 0x34, 0x35, 0x36, 
0x35, 0x32, 0x33, 0x30, 0x15, 0x14, 0x11, 0x30, 0x15, 0x22, 0x23, 0x30, 0x27, 0x34, 0x35, 0x30, 0x31, 0x06, 0x07, 0x06, 
0x01, 0x03, 0x0E, 0x2B, 0x06, 0x69, 0x18, 0x30, 0x11, 0x32, 0x11, 0x33, 0x12, 0x36, 0x1B, 0x6C, 0x01, 0x03, 0x82, 0x38, 
0x13, 0x02, 0x17, 0x46, 0x02, 0x32, 0x16, 0x21, 0x03, 0x05, 0x3D, 0x1A, 0x21, 0x01, 0x18, 0x47, 0x18, 0x47, 0x01, 0x1A, 
0x29, 0x16, 0x02, 0xF3, 0x07, 0x77, 0x16, 0x2B, 0x13, 0x39, 0x13, 0x39, 0x10, 0x30, 0x01, 0x1F, 0xFD, 0x6C, 0x61, 0x27, 
0x34, 0x60, 0xC1, 0x01, 0x01, 0x02, 0x48, 0xDA, 0x3E, 0x13, 0x0A, 0x14, 0x14, 0x35, 0x60, 0xC0, 0x01, 0x01, 0x02, 0x76, 
0xFE, 0x9D, 0x01, 0x01, 0x08, 0x18, 0x13, 0x0C, 0x05, 0x00, 0x00, 0x00, 0x00, 0x03, 0x00, 0x4A, 0x00, 0x00, 0x01, 0xF4, 
0x02, 0xC1, 0x00, 0x19, 0x00, 0x33, 0x00, 0x65, 0x00, 0x00, 0x13, 0x32, 0x17, 0x16, 0x15, 0x14, 0x15, 0x14, 0x07, 0x06, 
0x07, 0x06, 0x23, 0x22, 0x23, 0x22, 0x27, 0x26, 0x27, 0x26, 0x35, 0x34, 0x35, 0x34, 0x37, 0x36, 0x33, 0x32, 0x17, 0x16, 
0x15, 0x14, 0x15, 0x14, 0x07, 0x06, 0x07, 0x06, 0x23, 0x22, 0x23, 0x22, 0x27, 0x26, 0x27, 0x26, 0x35, 0x34, 0x35, 0x34, 
0x37, 0x36, 0x03, 0x22, 0x23, 0x22, 0x27, 0x26, 0x35, 0x34, 0x35, 0x34, 0x37, 0x32, 0x33, 0x30, 0x17, 0x14, 0x15, 0x14, 
0x17, 0x16, 0x33, 0x32, 0x33, 0x32, 0x37, 0x36, 0x35, 0x34, 0x35, 0x36, 0x35, 0x32, 0x33, 0x30, 0x15, 0x14, 0x11, 0x30, 
0x15, 0x22, 0x23, 0x30, 0x27, 0x34, 0x35, 0x30, 0x31, 0x06, 0x07, 0x06, 0xC1, 0x1E, 0x15, 0x0C, 0x14, 0x0F, 0x0D, 0x08, 
0x04, 0x02, 0x05, 0x10, 0x11, 0x11, 0x07, 0x03, 0x13, 0x14, 0xD7, 0x1E, 0x14, 0x0C, 0x13, 0x0E, 0x0F, 0x07, 0x04, 0x02, 
0x05, 0x10, 0x12, 0x11, 0x06, 0x02, 0x13, 0x12, 0x4A, 0x01, 0x03, 0x82, 0x38, 0x13, 0x02, 0x17, 0x46, 0x02, 0x32, 0x16, 
0x21, 0x03, 0x05, 0x3D, 0x1A, 0x21, 0x01, 0x18, 0x47, 0x18, 0x47, 0x01, 0x1A, 0x29, 0x16, 0x02, 0xC1, 0x19, 0x12, 0x12, 
0x01, 0x03, 0x18, 0x14, 0x0C, 0x03, 0x01, 0x0B, 0x0D, 0x14, 0x09, 0x07, 0x02, 0x02, 0x18, 0x14, 0x11, 0x19, 0x12, 0x12, 
0x01, 0x03, 0x18, 0x14, 0x0C, 0x03, 0x01, 0x0B, 0x0D, 0x14, 0x09, 0x07, 0x02, 0x02, 0x18, 0x14, 0x11, 0xFD, 0x3F, 0x61, 
0x27, 0x34, 0x60, 0xC1, 0x01, 0x01, 0x02, 0x48, 0xDA, 0x3E, 0x13, 0x0A, 0x14, 0x14, 0x35, 0x60, 0xC0, 0x01, 0x01, 0x02, 
0x76, 0xFE, 0x9D, 0x01, 0x01, 0x08, 0x18, 0x13, 0x0C, 0x05, 0x00, 0x00, 0x00, 0x02, 0x00, 0x11, 0xFF, 0x28, 0x02, 0x1E, 
0x02, 0xFC, 0x00, 0x0B, 0x00, 0x2F, 0x00, 0x00, 0x01, 0x06, 0x07, 0x34, 0x23, 0x26, 0x27, 0x30, 0x35, 0x36, 0x37, 0x16, 
0x03, 0x30, 0x17, 0x16, 0x17, 0x16, 0x17, 0x36, 0x37, 0x36, 0x37, 0x36, 0x37, 0x32, 0x33, 0x06, 0x07, 0x06, 0x07, 0x06, 
0x07, 0x06, 0x07, 0x22, 0x23, 0x34, 0x31, 0x36, 0x37, 0x26, 0x27, 0x26, 0x27, 0x26, 0x27, 0x32, 0x01, 0x90, 0x2F, 0x90, 
0x01, 0x0C, 0x25, 0x2F, 0x90, 0x0D, 0xEB, 0x04, 0x18, 0x2F, 0x13, 0x3A, 0x01, 0x14, 0x16, 0x2D, 0x11, 0x33, 0x1B, 0x4F, 
0x1B, 0x50, 0x16, 0x44, 0x17, 0x45, 0x04, 0x0B, 0x1A, 0x50, 0x18, 0x47, 0x18, 0x4A, 0x19, 0x4B, 0x03, 0x09, 0x1C, 0x02, 
0xAA, 0x1D, 0x59, 0x01, 0x14, 0x3D, 0x01, 0x1D, 0x58, 0x15, 0xFE, 0xF8, 0x0A, 0x38, 0x71, 0x2C, 0x87, 0x03, 0x2F, 0x33, 
0x65, 0x27, 0x75, 0x3D, 0xB7, 0x34, 0x99, 0x35, 0x9E, 0x09, 0x1A, 0x01, 0x36, 0xA1, 0x38, 0xA8, 0x39, 0xAA, 0x07, 0x15, 
0x00, 0x02, 0x00, 0x44, 0xFF, 0x38, 0x02, 0x28, 0x02, 0xDC, 0x00, 0x31, 0x00, 0x5D, 0x00, 0x00, 0x13, 0x36, 0x37, 0x36, 
0x37, 0x36, 0x37, 0x36, 0x37, 0x32, 0x37, 0x32, 0x17, 0x16, 0x17, 0x16, 0x17, 0x16, 0x17, 0x16, 0x15, 0x14, 0x07, 0x06, 
0x07, 0x06, 0x07, 0x06, 0x23, 0x22, 0x27, 0x26, 0x27, 0x26, 0x27, 0x14, 0x15, 0x22, 0x23, 0x30, 0x31, 0x34, 0x11, 0x30, 
0x31, 0x32, 0x33, 0x30, 0x31, 0x14, 0x11, 0x14, 0x17, 0x16, 0x17, 0x16, 0x17, 0x16, 0x17, 0x16, 0x17, 0x16, 0x33, 0x32, 
0x33, 0x32, 0x37, 0x36, 0x37, 0x36, 0x37, 0x36, 0x35, 0x34, 0x27, 0x26, 0x27, 0x26, 0x23, 0x22, 0x23, 0x22, 0x07, 0x06, 
0x07, 0x06, 0x07, 0x06, 0x07, 0x06, 0x07, 0x06, 0x15, 0x14, 0xA4, 0x12, 0x05, 0x0E, 0x0B, 0x10, 0x10, 0x0B, 0x1D, 0x08, 
0x0D, 0x48, 0x3A, 0x10, 0x15, 0x13, 0x05, 0x0C, 0x09, 0x23, 0x34, 0x06, 0x13, 0x03, 0x07, 0x45, 0x57, 0x3F, 0x33, 0x0A, 
0x10, 0x02, 0x03, 0x18, 0x48, 0x18, 0x48, 0x08, 0x05, 0x07, 0x08, 0x0E, 0x0F, 0x07, 0x0C, 0x08, 0x20, 0x19, 0x02, 0x05, 
0x2C, 0x28, 0x07, 0x0D, 0x18, 0x08, 0x07, 0x26, 0x10, 0x03, 0x28, 0x31, 0x01, 0x03, 0x1A, 0x1F, 0x10, 0x13, 0x12, 0x04, 
0x07, 0x05, 0x04, 0x06, 0x05, 0x01, 0xA8, 0x14, 0x02, 0x0B, 0x07, 0x08, 0x04, 0x04, 0x05, 0x01, 0x23, 0x0A, 0x14, 0x12, 
0x07, 0x10, 0x0F, 0x3C, 0x45, 0x53, 0x45, 0x0A, 0x15, 0x02, 0x05, 0x3A, 0x24, 0x06, 0x0F, 0x02, 0x04, 0x3F, 0xBC, 0xE9, 
0x02, 0xBB, 0x4D, 0xFE, 0x54, 0x0F, 0x1A, 0x11, 0x0D, 0x0B, 0x10, 0x0F, 0x03, 0x08, 0x06, 0x0D, 0x1E, 0x05, 0x0D, 0x1C, 
0x1F, 0x16, 0x18, 0x39, 0x2D, 0x11, 0x02, 0x1F, 0x0D, 0x08, 0x10, 0x13, 0x07, 0x0B, 0x0A, 0x09, 0x10, 0x17, 0x0A, 0x07, 
0x00, 0x03, 0x00, 0x11, 0xFF, 0x28, 0x02, 0x1E, 0x02, 0xC1, 0x00, 0x19, 0x00, 0x33, 0x00, 0x57, 0x00, 0x00, 0x13, 0x32, 
0x17, 0x16, 0x15, 0x14, 0x15, 0x14, 0x07, 0x06, 0x07, 0x06, 0x23, 0x22, 0x23, 0x22, 0x27, 0x26, 0x27, 0x26, 0x35, 0x34, 
0x35, 0x34, 0x37, 0x36, 0x33, 0x32, 0x17, 0x16, 0x15, 0x14, 0x15, 0x14, 0x07, 0x06, 0x07, 0x06, 0x23, 0x22, 0x23, 0x22, 
0x27, 0x26, 0x27, 0x26, 0x35, 0x34, 0x35, 0x34, 0x37, 0x36, 0x07, 0x30, 0x17, 0x16, 0x17, 0x16, 0x17, 0x36, 0x37, 0x36, 
0x37, 0x36, 0x37, 0x32, 0x33, 0x06, 0x07, 0x06, 0x07, 0x06, 0x07, 0x06, 0x07, 0x22, 0x23, 0x34, 0x31, 0x36, 0x37, 0x26, 
0x27, 0x26, 0x27, 0x26, 0x27, 0x32, 0xB9, 0x1E, 0x15, 0x0C, 0x14, 0x0F, 0x0D, 0x08, 0x04, 0x02, 0x05, 0x10, 0x11, 0x11, 
0x07, 0x03, 0x13, 0x14, 0xD7, 0x1E, 0x14, 0x0C, 0x13, 0x0E, 0x0F, 0x07, 0x04, 0x02, 0x05, 0x10, 0x12, 0x11, 0x06, 0x02, 
0x13, 0x12, 0xDD, 0x04, 0x18, 0x2F, 0x13, 0x3A, 0x01, 0x14, 0x16, 0x2D, 0x11, 0x33, 0x1B, 0x4F, 0x1B, 0x50, 0x16, 0x44, 
0x17, 0x45, 0x04, 0x0B, 0x1A, 0x50, 0x18, 0x47, 0x18, 0x4A, 0x19, 0x4B, 0x03, 0x09, 0x1C, 0x02, 0xC1, 0x19, 0x12, 0x12, 
0x01, 0x03, 0x18, 0x14, 0x0C, 0x03, 0x01, 0x0B, 0x0D, 0x14, 0x09, 0x07, 0x02, 0x02, 0x18, 0x14, 0x11, 0x19, 0x12, 0x12, 
0x01, 0x03, 0x18, 0x14, 0x0C, 0x03, 0x01, 0x0B, 0x0D, 0x14, 0x09, 0x07, 0x02, 0x02, 0x18, 0x14, 0x11, 0xE2, 0x0A, 0x38, 
0x71, 0x2C, 0x87, 0x03, 0x2F, 0x33, 0x65, 0x27, 0x75, 0x3D, 0xB7, 0x34, 0x99, 0x35, 0x9E, 0x09, 0x1A, 0x01, 0x36, 0xA1, 
0x38, 0xA8, 0x39, 0xAA, 0x07, 0x15, 0x00, 0x00, 0x00, 0x03, 0x00, 0x31, 0x00, 0x00, 0x04, 0x34, 0x02, 0xDC, 0x00, 0x17, 
0x00, 0x29, 0x00, 0x4D, 0x00, 0x00, 0x01, 0x30, 0x33, 0x32, 0x17, 0x16, 0x15, 0x14, 0x07, 0x06, 0x23, 0x22, 0x27, 0x26, 
0x27, 0x26, 0x35, 0x30, 0x35, 0x34, 0x37, 0x36, 0x37, 0x36, 0x03, 0x14, 0x17, 0x16, 0x33, 0x32, 0x37, 0x36, 0x35, 0x34, 
0x35, 0x34, 0x27, 0x26, 0x23, 0x22, 0x07, 0x06, 0x01, 0x32, 0x21, 0x30, 0x15, 0x14, 0x15, 0x22, 0x23, 0x14, 0x15, 0x32, 
0x33, 0x30, 0x17, 0x14, 0x15, 0x30, 0x23, 0x22, 0x23, 0x14, 0x15, 0x32, 0x33, 0x14, 0x15, 0x30, 0x31, 0x22, 0x21, 0x30, 
0x23, 0x34, 0x11, 0x34, 0x01, 0x91, 0x01, 0x91, 0x6E, 0x60, 0x72, 0x6B, 0x82, 0x83, 0x69, 0x2F, 0x0D, 0x39, 0x75, 0x0B, 
0x16, 0x5D, 0x93, 0x5B, 0x4A, 0x5C, 0x78, 0x52, 0x35, 0x48, 0x50, 0x67, 0x73, 0x53, 0x3B, 0x02, 0x1A, 0x62, 0x01, 0x27, 
0x4A, 0xDF, 0x3B, 0xB0, 0x01, 0x01, 0x3B, 0xB0, 0x4A, 0xDF, 0x62, 0xFE, 0xD9, 0x01, 0x02, 0xDC, 0x72, 0x6E, 0x8E, 0x9B, 
0x74, 0x5F, 0x5E, 0x30, 0x19, 0x5C, 0x6B, 0x01, 0x9B, 0x75, 0x09, 0x12, 0x42, 0xFE, 0x93, 0x77, 0x57, 0x40, 0x6A, 0x4C, 
0x53, 0x02, 0x05, 0x66, 0x52, 0x53, 0x63, 0x4F, 0x01, 0x12, 0x01, 0x18, 0x48, 0x37, 0xA6, 0x01, 0x17, 0x48, 0x37, 0xA7, 
0x18, 0x48, 0xB7, 0x02, 0x24, 0x01, 0x00, 0x00, 0x00, 0x04, 0x00, 0x2D, 0xFF, 0xF3, 0x03, 0x91, 0x01, 0xE7, 0x00, 0x1B, 
0x00, 0x47, 0x00, 0x53, 0x00, 0x7B, 0x00, 0x00, 0x37, 0x14, 0x17, 0x16, 0x17, 0x16, 0x33, 0x32, 0x37, 0x36, 0x37, 0x36, 
0x35, 0x34, 0x35, 0x34, 0x27, 0x26, 0x27, 0x26, 0x27, 0x26, 0x23, 0x22, 0x07, 0x06, 0x07, 0x06, 0x37, 0x32, 0x17, 0x16, 
0x17, 0x16, 0x17, 0x16, 0x15, 0x14, 0x07, 0x06, 0x07, 0x06, 0x07, 0x06, 0x07, 0x06, 0x23, 0x22, 0x23, 0x22, 0x27, 0x26, 
0x27, 0x26, 0x27, 0x26, 0x27, 0x26, 0x27, 0x26, 0x35, 0x34, 0x35, 0x34, 0x37, 0x36, 0x37, 0x36, 0x37, 0x36, 0x37, 0x36, 
0x05, 0x32, 0x33, 0x30, 0x31, 0x26, 0x27, 0x26, 0x23, 0x22, 0x07, 0x06, 0x37, 0x32, 0x33, 0x32, 0x17, 0x16, 0x17, 0x16, 
0x15, 0x14, 0x15, 0x14, 0x23, 0x22, 0x23, 0x16, 0x17, 0x16, 0x33, 0x32, 0x37, 0x36, 0x37, 0x16, 0x17, 0x06, 0x07, 0x06, 
0x23, 0x22, 0x23, 0x22, 0x27, 0x26, 0x35, 0x30, 0x35, 0x34, 0x37, 0x36, 0x8E, 0x23, 0x10, 0x08, 0x28, 0x2E, 0x39, 0x2C, 
0x12, 0x06, 0x15, 0x28, 0x10, 0x07, 0x08, 0x08, 0x20, 0x23, 0x35, 0x2C, 0x0F, 0x05, 0x1C, 0x91, 0x52, 0x43, 0x0A, 0x11, 
0x22, 0x0F, 0x11, 0x1E, 0x0A, 0x12, 0x14, 0x0C, 0x0E, 0x0B, 0x3C, 0x41, 0x01, 0x03, 0x44, 0x3F, 0x0B, 0x0A, 0x14, 0x08, 
0x0A, 0x09, 0x0A, 0x08, 0x17, 0x1C, 0x08, 0x0B, 0x08, 0x12, 0x18, 0x0B, 0x3D, 0x01, 0x5C, 0x3C, 0xB6, 0x08, 0x1F, 0x26, 
0x2D, 0x44, 0x2C, 0x03, 0x6D, 0x03, 0x0B, 0x49, 0x44, 0x21, 0x0C, 0x25, 0x02, 0x77, 0xEF, 0x0B, 0x1B, 0x28, 0x34, 0x41, 
0x2C, 0x08, 0x02, 0x56, 0x01, 0x07, 0x19, 0x49, 0x64, 0x01, 0x01, 0x67, 0x4A, 0x33, 0x59, 0x42, 0xEC, 0x36, 0x2D, 0x11, 
0x06, 0x1E, 0x2B, 0x13, 0x0D, 0x25, 0x28, 0x01, 0x01, 0x39, 0x2E, 0x12, 0x02, 0x08, 0x03, 0x12, 0x27, 0x10, 0x08, 0x28, 
0xC8, 0x35, 0x07, 0x12, 0x27, 0x28, 0x2D, 0x31, 0x3E, 0x3A, 0x13, 0x17, 0x16, 0x0A, 0x0B, 0x07, 0x24, 0x28, 0x09, 0x08, 
0x11, 0x0B, 0x0C, 0x0E, 0x10, 0x0F, 0x34, 0x33, 0x03, 0x05, 0x38, 0x38, 0x10, 0x10, 0x0C, 0x12, 0x17, 0x06, 0x2B, 0xBD, 
0x1A, 0x20, 0x21, 0x49, 0x06, 0xAF, 0x3A, 0x21, 0x17, 0x41, 0x46, 0x05, 0x0A, 0x0E, 0x36, 0x1A, 0x2C, 0x42, 0x10, 0x01, 
0x27, 0x01, 0x12, 0x23, 0x56, 0x5B, 0x48, 0x55, 0x02, 0x75, 0x51, 0x32, 0x00, 0x07, 0x00, 0x2F, 0xFF, 0xF9, 0x04, 0x8D, 
0x02, 0xDC, 0x00, 0x11, 0x00, 0x31, 0x00, 0x53, 0x00, 0x63, 0x00, 0x75, 0x00, 0x97, 0x00, 0xA9, 0x00, 0x00, 0x13, 0x14, 
0x17, 0x16, 0x33, 0x32, 0x37, 0x36, 0x35, 0x34, 0x27, 0x26, 0x23, 0x22, 0x23, 0x22, 0x07, 0x06, 0x37, 0x32, 0x17, 0x16, 
0x17, 0x16, 0x15, 0x14, 0x07, 0x06, 0x07, 0x06, 0x23, 0x22, 0x23, 0x22, 0x27, 0x26, 0x27, 0x26, 0x27, 0x26, 0x35, 0x34, 
0x35, 0x34, 0x37, 0x36, 0x37, 0x36, 0x37, 0x36, 0x01, 0x32, 0x33, 0x32, 0x17, 0x16, 0x17, 0x16, 0x17, 0x16, 0x15, 0x14, 
0x15, 0x14, 0x07, 0x06, 0x07, 0x06, 0x07, 0x06, 0x23, 0x22, 0x27, 0x26, 0x27, 0x26, 0x35, 0x34, 0x37, 0x36, 0x37, 0x36, 
0x37, 0x36, 0x13, 0x32, 0x33, 0x30, 0x31, 0x06, 0x01, 0x30, 0x23, 0x22, 0x23, 0x30, 0x31, 0x36, 0x01, 0x30, 0x03, 0x14, 
0x17, 0x16, 0x33, 0x32, 0x37, 0x36, 0x35, 0x34, 0x27, 0x26, 0x23, 0x22, 0x23, 0x22, 0x07, 0x06, 0x25, 0x32, 0x33, 0x32, 
0x17, 0x16, 0x17, 0x16, 0x17, 0x16, 0x15, 0x14, 0x15, 0x14, 0x07, 0x06, 0x07, 0x06, 0x07, 0x06, 0x23, 0x22, 0x27, 0x26, 
0x27, 0x26, 0x35, 0x34, 0x37, 0x36, 0x37, 0x36, 0x37, 0x36, 0x07, 0x14, 0x17, 0x16, 0x33, 0x32, 0x37, 0x36, 0x35, 0x34, 
0x27, 0x26, 0x23, 0x22, 0x23, 0x22, 0x07, 0x06, 0x95, 0x17, 0x0F, 0x13, 0x1E, 0x13, 0x08, 0x1E, 0x0D, 0x0D, 0x01, 0x01, 
0x1A, 0x13, 0x0B, 0x39, 0x40, 0x31, 0x11, 0x06, 0x17, 0x2A, 0x11, 0x0B, 0x29, 0x2D, 0x02, 0x05, 0x29, 0x28, 0x0D, 0x0E, 
0x10, 0x07, 0x18, 0x18, 0x07, 0x0E, 0x16, 0x0E, 0x25, 0x01, 0xCB, 0x01, 0x03, 0x32, 0x2D, 0x08, 0x0E, 0x15, 0x09, 0x0B, 
0x1C, 0x05, 0x10, 0x17, 0x19, 0x1E, 0x21, 0x3B, 0x2F, 0x12, 0x05, 0x1E, 0x2A, 0x11, 0x05, 0x0C, 0x0D, 0x22, 0x09, 0x19, 
0x4C, 0x76, 0xFE, 0x9C, 0x01, 0x19, 0x4B, 0x76, 0x01, 0x64, 0x1E, 0x18, 0x0F, 0x13, 0x1D, 0x13, 0x09, 0x1D, 0x0E, 0x0D, 
0x01, 0x02, 0x1A, 0x12, 0x0C, 0x01, 0xB2, 0x01, 0x04, 0x31, 0x2D, 0x08, 0x0E, 0x15, 0x09, 0x0B, 0x1C, 0x05, 0x0F, 0x17, 
0x1A, 0x1E, 0x20, 0x3C, 0x2F, 0x12, 0x04, 0x1F, 0x2A, 0x11, 0x05, 0x0D, 0x0C, 0x22, 0x14, 0x17, 0x0F, 0x13, 0x1D, 0x13, 
0x09, 0x1D, 0x0E, 0x0D, 0x01, 0x01, 0x1A, 0x13, 0x0B, 0x02, 0x3A, 0x18, 0x11, 0x0A, 0x18, 0x0D, 0x0F, 0x1C, 0x10, 0x07, 
0x15, 0x0D, 0x88, 0x2D, 0x11, 0x0C, 0x26, 0x2A, 0x3A, 0x2E, 0x11, 0x07, 0x1A, 0x17, 0x08, 0x0E, 0x0F, 0x0B, 0x28, 0x28, 
0x02, 0x05, 0x28, 0x27, 0x0A, 0x10, 0x13, 0x07, 0x13, 0xFE, 0x5C, 0x1F, 0x06, 0x0D, 0x17, 0x19, 0x1C, 0x1A, 0x01, 0x03, 
0x2D, 0x29, 0x08, 0x0F, 0x15, 0x0A, 0x0C, 0x27, 0x11, 0x08, 0x29, 0x31, 0x3A, 0x2E, 0x10, 0x03, 0x09, 0x07, 0x0F, 0x01, 
0xAC, 0xB9, 0xFD, 0xD6, 0xB9, 0x02, 0x2A, 0xFD, 0xBA, 0x18, 0x11, 0x0B, 0x19, 0x0D, 0x0F, 0x1B, 0x11, 0x06, 0x15, 0x0D, 
0x8A, 0x1F, 0x06, 0x0D, 0x18, 0x19, 0x1B, 0x1A, 0x02, 0x03, 0x2C, 0x29, 0x08, 0x0F, 0x15, 0x0A, 0x0D, 0x28, 0x11, 0x08, 
0x29, 0x31, 0x3A, 0x2E, 0x10, 0x03, 0x09, 0x06, 0x10, 0x9B, 0x18, 0x10, 0x0B, 0x19, 0x0D, 0x0E, 0x1C, 0x11, 0x06, 0x15, 
0x0D, 0x00, 0x00, 0x00, 0x00, 0x01, 0x00, 0x1A, 0xFF, 0xF5, 0x02, 0x96, 0x02, 0xAC, 0x00, 0x6B, 0x00, 0x00, 0x01, 0x32, 
0x17, 0x16, 0x17, 0x16, 0x17, 0x14, 0x07, 0x26, 0x27, 0x26, 0x23, 0x22, 0x23, 0x22, 0x07, 0x06, 0x07, 0x32, 0x21, 0x30, 
0x15, 0x14, 0x15, 0x30, 0x31, 0x22, 0x21, 0x14, 0x17, 0x32, 0x21, 0x30, 0x15, 0x14, 0x15, 0x30, 0x31, 0x22, 0x21, 0x16, 
0x17, 0x16, 0x33, 0x32, 0x33, 0x32, 0x37, 0x36, 0x37, 0x36, 0x37, 0x16, 0x17, 0x06, 0x07, 0x06, 0x07, 0x06, 0x23, 0x22, 
0x27, 0x26, 0x27, 0x26, 0x27, 0x26, 0x27, 0x26, 0x27, 0x26, 0x31, 0x22, 0x23, 0x30, 0x23, 0x34, 0x35, 0x36, 0x31, 0x32, 
0x33, 0x34, 0x35, 0x30, 0x35, 0x22, 0x23, 0x30, 0x23, 0x34, 0x35, 0x36, 0x31, 0x32, 0x33, 0x36, 0x37, 0x36, 0x37, 0x36, 
0x37, 0x36, 0x37, 0x36, 0x37, 0x36, 0x01, 0xA4, 0x65, 0x59, 0x14, 0x16, 0x04, 0x06, 0x3F, 0x1E, 0x19, 0x3C, 0x3D, 0x03, 
0x04, 0x47, 0x42, 0x47, 0x21, 0x91, 0x01, 0x24, 0x73, 0xFE, 0xA8, 0x02, 0x98, 0x01, 0x31, 0x6B, 0xFE, 0xC0, 0x2D, 0x55, 
0x33, 0x33, 0x02, 0x03, 0x47, 0x42, 0x0F, 0x0F, 0x03, 0x07, 0x37, 0x08, 0x1C, 0x10, 0x1F, 0x25, 0x40, 0x43, 0x68, 0x5B, 
0x14, 0x1A, 0x0B, 0x10, 0x18, 0x0D, 0x13, 0x0D, 0x03, 0x12, 0x22, 0x01, 0x01, 0x08, 0x16, 0x07, 0x17, 0x01, 0x01, 0x0B, 
0x21, 0x08, 0x0A, 0x0E, 0x16, 0x0B, 0x14, 0x1B, 0x0C, 0x19, 0x18, 0x53, 0x02, 0xAC, 0x35, 0x0B, 0x12, 0x03, 0x05, 0x01, 
0x48, 0x18, 0x0D, 0x1C, 0x24, 0x2C, 0x48, 0x01, 0x18, 0x48, 0x0B, 0x0B, 0x01, 0x18, 0x48, 0x4D, 0x23, 0x14, 0x25, 0x09, 
0x0C, 0x02, 0x05, 0x3F, 0x09, 0x18, 0x09, 0x14, 0x0E, 0x17, 0x37, 0x0C, 0x15, 0x09, 0x10, 0x1B, 0x14, 0x1C, 0x20, 0x09, 
0x18, 0x48, 0x01, 0x0A, 0x0A, 0x02, 0x18, 0x48, 0x01, 0x18, 0x15, 0x1D, 0x1F, 0x0F, 0x15, 0x1A, 0x08, 0x13, 0x0D, 0x2B, 
0x00, 0x02, 0x00, 0x07, 0x00, 0x96, 0x04, 0xCC, 0x02, 0xDC, 0x00, 0x2D, 0x00, 0x45, 0x00, 0x00, 0x25, 0x34, 0x11, 0x30, 
0x31, 0x32, 0x33, 0x16, 0x17, 0x16, 0x17, 0x16, 0x17, 0x32, 0x31, 0x36, 0x37, 0x36, 0x37, 0x32, 0x33, 0x30, 0x31, 0x14, 
0x11, 0x22, 0x23, 0x34, 0x11, 0x06, 0x07, 0x06, 0x07, 0x06, 0x07, 0x22, 0x23, 0x26, 0x27, 0x26, 0x27, 0x26, 0x27, 0x14, 
0x11, 0x22, 0x21, 0x34, 0x11, 0x22, 0x23, 0x30, 0x23, 0x34, 0x35, 0x32, 0x31, 0x32, 0x21, 0x30, 0x33, 0x14, 0x15, 0x22, 
0x31, 0x22, 0x23, 0x14, 0x11, 0x22, 0x02, 0x2E, 0x1C, 0x52, 0x1D, 0x58, 0x19, 0x4C, 0x02, 0x04, 0x01, 0x1C, 0x55, 0x1C, 
0x54, 0x1B, 0x53, 0x19, 0x4C, 0x05, 0x54, 0x5A, 0x04, 0x05, 0x0A, 0x12, 0x36, 0x01, 0x27, 0x26, 0x4C, 0x05, 0x26, 0x1A, 
0xFE, 0x50, 0x31, 0x91, 0x01, 0x01, 0x79, 0x01, 0x6C, 0x01, 0x01, 0x31, 0x91, 0x18, 0x96, 0x91, 0x01, 0xB5, 0x30, 0x92, 
0x2A, 0x7D, 0x03, 0x08, 0x2F, 0x8C, 0x2E, 0x8B, 0x92, 0xFE, 0x4C, 0x66, 0x01, 0x33, 0x06, 0x8D, 0x94, 0x07, 0x08, 0x10, 
0x01, 0x40, 0x40, 0x7E, 0x08, 0x3F, 0x88, 0xFE, 0xEF, 0x79, 0x01, 0x6D, 0x18, 0x48, 0x18, 0x48, 0x7A, 0xFE, 0x94, 0x00, 
0x00, 0x02, 0x00, 0x54, 0x00, 0x8F, 0x02, 0x19, 0x01, 0xCA, 0x00, 0x1B, 0x00, 0x37, 0x00, 0x00, 0x01, 0x06, 0x07, 0x06, 
0x23, 0x22, 0x27, 0x26, 0x23, 0x22, 0x07, 0x06, 0x07, 0x34, 0x35, 0x36, 0x37, 0x36, 0x33, 0x32, 0x17, 0x16, 0x33, 0x32, 
0x37, 0x36, 0x37, 0x14, 0x15, 0x06, 0x07, 0x06, 0x23, 0x22, 0x27, 0x26, 0x23, 0x22, 0x07, 0x06, 0x07, 0x34, 0x35, 0x36, 
0x37, 0x36, 0x33, 0x32, 0x17, 0x16, 0x33, 0x32, 0x37, 0x36, 0x37, 0x14, 0x02, 0x19, 0x18, 0x18, 0x23, 0x23, 0x25, 0x48, 
0x48, 0x25, 0x20, 0x22, 0x18, 0x1B, 0x18, 0x18, 0x23, 0x22, 0x28, 0x48, 0x48, 0x22, 0x1F, 0x24, 0x16, 0x1D, 0x18, 0x18, 
0x23, 0x23, 0x25, 0x48, 0x48, 0x25, 0x20, 0x22, 0x18, 0x1B, 0x18, 0x18, 0x23, 0x22, 0x28, 0x48, 0x48, 0x22, 0x1F, 0x24, 
0x16, 0x1D, 0x01, 0x5A, 0x10, 0x09, 0x10, 0x1E, 0x1D, 0x11, 0x0B, 0x1A, 0x21, 0x44, 0x15, 0x0A, 0x10, 0x1E, 0x1E, 0x11, 
0x0B, 0x1B, 0x23, 0xEA, 0x10, 0x0A, 0x0F, 0x1D, 0x1E, 0x11, 0x0B, 0x1B, 0x22, 0x44, 0x15, 0x09, 0x10, 0x1D, 0x1E, 0x10, 
0x0C, 0x1B, 0x24, 0x00, 0x00, 0x03, 0x00, 0x0E, 0x00, 0x00, 0x02, 0x01, 0x02, 0xDC, 0x00, 0x1B, 0x00, 0x27, 0x00, 0x59, 
0x00, 0x00, 0x01, 0x32, 0x33, 0x32, 0x17, 0x16, 0x15, 0x14, 0x15, 0x14, 0x07, 0x06, 0x23, 0x22, 0x23, 0x22, 0x27, 0x26, 
0x27, 0x26, 0x35, 0x34, 0x35, 0x34, 0x37, 0x36, 0x37, 0x36, 0x17, 0x14, 0x11, 0x14, 0x23, 0x22, 0x23, 0x30, 0x35, 0x34, 
0x11, 0x32, 0x27, 0x32, 0x33, 0x32, 0x31, 0x14, 0x15, 0x14, 0x23, 0x22, 0x23, 0x22, 0x07, 0x06, 0x15, 0x32, 0x33, 0x32, 
0x31, 0x14, 0x15, 0x30, 0x23, 0x22, 0x23, 0x14, 0x11, 0x14, 0x23, 0x22, 0x23, 0x34, 0x11, 0x22, 0x23, 0x30, 0x31, 0x34, 
0x35, 0x30, 0x31, 0x32, 0x33, 0x30, 0x35, 0x34, 0x37, 0x36, 0x37, 0x36, 0x01, 0xBF, 0x01, 0x04, 0x15, 0x14, 0x14, 0x12, 
0x13, 0x19, 0x01, 0x02, 0x17, 0x13, 0x0A, 0x04, 0x06, 0x13, 0x02, 0x05, 0x12, 0x44, 0x01, 0x18, 0x48, 0x18, 0x73, 0x07, 
0x15, 0x01, 0x01, 0x06, 0x13, 0x40, 0x1D, 0x11, 0x2D, 0x5A, 0x01, 0x01, 0x21, 0x66, 0x01, 0x18, 0x48, 0x17, 0x45, 0x17, 
0x45, 0x48, 0x1C, 0x1B, 0x27, 0x02, 0xDC, 0x11, 0x14, 0x18, 0x01, 0x02, 0x17, 0x14, 0x13, 0x11, 0x0B, 0x09, 0x0C, 0x0C, 
0x01, 0x03, 0x17, 0x14, 0x02, 0x05, 0x0B, 0xFD, 0x78, 0xFE, 0x9A, 0x01, 0x01, 0x77, 0x01, 0x67, 0xFD, 0x18, 0x48, 0x01, 
0x3C, 0x25, 0x3B, 0x18, 0x48, 0x60, 0xFE, 0xE2, 0x01, 0x60, 0x01, 0x1F, 0x18, 0x48, 0x02, 0x83, 0x44, 0x19, 0x0B, 0x10, 
0x00, 0x02, 0x00, 0x0E, 0x00, 0x00, 0x01, 0xFF, 0x02, 0xDC, 0x00, 0x31, 0x00, 0x41, 0x00, 0x00, 0x01, 0x32, 0x33, 0x32, 
0x31, 0x14, 0x15, 0x14, 0x23, 0x22, 0x23, 0x22, 0x07, 0x06, 0x15, 0x32, 0x33, 0x32, 0x31, 0x14, 0x15, 0x30, 0x23, 0x22, 
0x23, 0x14, 0x11, 0x14, 0x23, 0x22, 0x23, 0x34, 0x11, 0x22, 0x23, 0x30, 0x31, 0x34, 0x35, 0x30, 0x31, 0x32, 0x33, 0x30, 
0x35, 0x34, 0x37, 0x36, 0x37, 0x36, 0x33, 0x32, 0x33, 0x30, 0x31, 0x14, 0x11, 0x30, 0x15, 0x22, 0x23, 0x30, 0x35, 0x34, 
0x11, 0x30, 0x01, 0x36, 0x07, 0x15, 0x01, 0x01, 0x06, 0x13, 0x40, 0x1D, 0x11, 0x2D, 0x5A, 0x01, 0x01, 0x21, 0x66, 0x01, 
0x18, 0x48, 0x17, 0x45, 0x17, 0x45, 0x48, 0x1C, 0x1B, 0x27, 0x8F, 0x18, 0x48, 0x18, 0x48, 0x02, 0xDC, 0x18, 0x48, 0x01, 
0x3C, 0x25, 0x3B, 0x18, 0x48, 0x60, 0xFE, 0xE2, 0x01, 0x60, 0x01, 0x1F, 0x18, 0x48, 0x02, 0x83, 0x44, 0x19, 0x0B, 0x10, 
0xB7, 0xFD, 0xDC, 0x01, 0x01, 0xB6, 0x02, 0x25, 0x00, 0x01, 0x00, 0xB8, 0x03, 0x2F, 0x01, 0xD0, 0x03, 0xEC, 0x00, 0x11, 
0x00, 0x00, 0x01, 0x32, 0x33, 0x16, 0x17, 0x06, 0x07, 0x26, 0x27, 0x06, 0x07, 0x30, 0x23, 0x26, 0x27, 0x30, 0x31, 0x36, 
0x01, 0x28, 0x0E, 0x2A, 0x07, 0x69, 0x18, 0x30, 0x11, 0x33, 0x10, 0x33, 0x01, 0x12, 0x36, 0x1C, 0x03, 0xEC, 0x07, 0x76, 
0x15, 0x2B, 0x13, 0x39, 0x13, 0x39, 0x10, 0x30, 0x1F, 0x00, 0x00, 0x00, 0x00, 0x01, 0x00, 0xB8, 0x03, 0x2F, 0x01, 0xD0, 
0x03, 0xEC, 0x00, 0x11, 0x00, 0x00, 0x01, 0x22, 0x23, 0x26, 0x27, 0x36, 0x37, 0x16, 0x17, 0x36, 0x37, 0x30, 0x31, 0x16, 
0x17, 0x30, 0x31, 0x06, 0x01, 0x60, 0x0E, 0x2A, 0x07, 0x69, 0x18, 0x30, 0x11, 0x33, 0x11, 0x33, 0x12, 0x36, 0x1C, 0x03, 
0x2F, 0x06, 0x77, 0x15, 0x2B, 0x13, 0x39, 0x13, 0x39, 0x10, 0x30, 0x1F, 0x00, 0x01, 0x00, 0x79, 0x03, 0x2B, 0x01, 0xC6, 
0x03, 0x8B, 0x00, 0x0B, 0x00, 0x00, 0x13, 0x32, 0x33, 0x32, 0x31, 0x14, 0x15, 0x30, 0x23, 0x22, 0x23, 0x34, 0x79, 0x53, 
0xF9, 0x01, 0x01, 0x53, 0xF9, 0x03, 0x8B, 0x18, 0x48, 0x18, 0x00, 0x00, 0x00, 0x01, 0x00, 0xA6, 0x03, 0x0D, 0x01, 0x24, 
0x03, 0x8B, 0x00, 0x19, 0x00, 0x00, 0x13, 0x32, 0x17, 0x16, 0x15, 0x14, 0x15, 0x14, 0x07, 0x06, 0x07, 0x06, 0x23, 0x22, 
0x23, 0x22, 0x27, 0x26, 0x27, 0x26, 0x35, 0x34, 0x35, 0x34, 0x37, 0x36, 0xE5, 0x1F, 0x14, 0x0C, 0x14, 0x0E, 0x0E, 0x08, 
0x04, 0x02, 0x05, 0x10, 0x11, 0x11, 0x07, 0x02, 0x13, 0x13, 0x03, 0x8B, 0x1A, 0x11, 0x12, 0x01, 0x03, 0x18, 0x14, 0x0D, 
0x02, 0x02, 0x0B, 0x0D, 0x14, 0x0A, 0x07, 0x01, 0x03, 0x17, 0x14, 0x12, 0x00, 0x02, 0x00, 0xE7, 0x02, 0xD0, 0x01, 0xA2, 
0x03, 0x8B, 0x00, 0x13, 0x00, 0x31, 0x00, 0x00, 0x01, 0x14, 0x31, 0x14, 0x17, 0x16, 0x33, 0x32, 0x37, 0x36, 0x35, 0x30, 
0x35, 0x34, 0x27, 0x26, 0x23, 0x22, 0x07, 0x06, 0x37, 0x30, 0x33, 0x32, 0x17, 0x16, 0x17, 0x16, 0x15, 0x14, 0x07, 0x06, 
0x07, 0x06, 0x23, 0x22, 0x27, 0x26, 0x27, 0x26, 0x27, 0x26, 0x35, 0x34, 0x35, 0x34, 0x37, 0x36, 0x37, 0x36, 0x01, 0x21, 
0x0F, 0x09, 0x0B, 0x11, 0x0B, 0x08, 0x0B, 0x0A, 0x0F, 0x0D, 0x0B, 0x0B, 0x23, 0x01, 0x21, 0x1B, 0x0B, 0x03, 0x13, 0x1D, 
0x01, 0x03, 0x1B, 0x22, 0x21, 0x1B, 0x08, 0x04, 0x07, 0x04, 0x0A, 0x12, 0x03, 0x09, 0x1D, 0x03, 0x2F, 0x01, 0x11, 0x0B, 
0x07, 0x0D, 0x0B, 0x0B, 0x01, 0x0D, 0x0B, 0x0A, 0x09, 0x0C, 0x4F, 0x17, 0x0A, 0x04, 0x1A, 0x1E, 0x26, 0x1D, 0x02, 0x03, 
0x16, 0x16, 0x07, 0x06, 0x09, 0x07, 0x15, 0x13, 0x02, 0x03, 0x1C, 0x19, 0x05, 0x0A, 0x17, 0x00, 0x00, 0x01, 0x00, 0x79, 
0x03, 0x4D, 0x01, 0xB9, 0x03, 0xD9, 0x00, 0x1B, 0x00, 0x00, 0x01, 0x06, 0x07, 0x06, 0x23, 0x22, 0x27, 0x26, 0x23, 0x22, 
0x07, 0x06, 0x07, 0x34, 0x35, 0x36, 0x37, 0x36, 0x33, 0x32, 0x17, 0x16, 0x33, 0x32, 0x37, 0x36, 0x37, 0x14, 0x01, 0xB9, 
0x11, 0x10, 0x1A, 0x19, 0x19, 0x34, 0x33, 0x19, 0x17, 0x18, 0x11, 0x13, 0x11, 0x11, 0x19, 0x18, 0x1C, 0x32, 0x33, 0x18, 
0x17, 0x18, 0x11, 0x14, 0x03, 0x74, 0x0F, 0x09, 0x0F, 0x1D, 0x1C, 0x11, 0x0A, 0x1A, 0x1E, 0x3D, 0x14, 0x0A, 0x0F, 0x1D, 
0x1D, 0x11, 0x0B, 0x1A, 0x20, 0x00, 0x00, 0x00, 0x00, 0x02, 0x00, 0x3C, 0xFF, 0x75, 0x00, 0xD3, 0x01, 0xDF, 0x00, 0x15, 
0x00, 0x29, 0x00, 0x00, 0x13, 0x32, 0x33, 0x32, 0x17, 0x16, 0x15, 0x14, 0x15, 0x14, 0x07, 0x06, 0x23, 0x22, 0x23, 0x22, 
0x27, 0x26, 0x35, 0x34, 0x37, 0x36, 0x13, 0x32, 0x17, 0x16, 0x15, 0x14, 0x07, 0x06, 0x07, 0x26, 0x27, 0x36, 0x35, 0x26, 
0x27, 0x26, 0x35, 0x34, 0x37, 0x36, 0x91, 0x01, 0x03, 0x17, 0x14, 0x13, 0x15, 0x13, 0x16, 0x01, 0x03, 0x19, 0x14, 0x10, 
0x12, 0x14, 0x1A, 0x1F, 0x14, 0x0C, 0x5D, 0x1A, 0x07, 0x09, 0x10, 0x40, 0x17, 0x0A, 0x08, 0x1D, 0x10, 0x01, 0xDF, 0x13, 
0x13, 0x17, 0x01, 0x02, 0x1A, 0x14, 0x10, 0x16, 0x12, 0x17, 0x18, 0x14, 0x13, 0xFE, 0x9C, 0x1C, 0x12, 0x1D, 0x4E, 0x52, 
0x18, 0x03, 0x0B, 0x16, 0x3B, 0x2F, 0x09, 0x16, 0x0D, 0x10, 0x1F, 0x15, 0x0B, 0x00, 0x00, 0x00, 0x00, 0x01, 0x00, 0x32, 
0x00, 0xBC, 0x02, 0x71, 0x01, 0x1C, 0x00, 0x0B, 0x00, 0x00, 0x13, 0x32, 0x21, 0x30, 0x33, 0x14, 0x15, 0x30, 0x23, 0x22, 
0x21, 0x34, 0x32, 0x8F, 0x01, 0xAF, 0x01, 0x01, 0x90, 0xFE, 0x52, 0x01, 0x1C, 0x18, 0x48, 0x18, 0x00, 0x01, 0x00, 0x45, 
0x02, 0x51, 0x00, 0xDC, 0x03, 0x57, 0x00, 0x13, 0x00, 0x00, 0x13, 0x22, 0x27, 0x26, 0x35, 0x34, 0x37, 0x36, 0x37, 0x16, 
0x17, 0x06, 0x15, 0x16, 0x17, 0x16, 0x15, 0x14, 0x07, 0x06, 0x84, 0x1F, 0x14, 0x0C, 0x5D, 0x1A, 0x07, 0x09, 0x10, 0x40, 
0x17, 0x0A, 0x08, 0x1D, 0x10, 0x02, 0x51, 0x1C, 0x12, 0x1D, 0x4D, 0x53, 0x17, 0x04, 0x0B, 0x17, 0x3B, 0x2E, 0x0A, 0x16, 
0x0C, 0x10, 0x20, 0x14, 0x0B, 0x00, 0x00, 0x00, 0x00, 0x01, 0x00, 0x34, 0xFF, 0x75, 0x00, 0xCB, 0x00, 0x7B, 0x00, 0x13, 
0x00, 0x00, 0x37, 0x32, 0x17, 0x16, 0x15, 0x14, 0x07, 0x06, 0x07, 0x26, 0x27, 0x36, 0x35, 0x26, 0x27, 0x26, 0x35, 0x34, 
0x37, 0x36, 0x8C, 0x1F, 0x14, 0x0C, 0x5D, 0x1A, 0x07, 0x09, 0x10, 0x40, 0x17, 0x0A, 0x08, 0x1D, 0x10, 0x7B, 0x1C, 0x12, 
0x1D, 0x4E, 0x52, 0x18, 0x03, 0x0B, 0x16, 0x3B, 0x2F, 0x09, 0x16, 0x0D, 0x10, 0x1F, 0x15, 0x0B, 0x00, 0x02, 0x00, 0x59, 
0x02, 0x51, 0x01, 0xB8, 0x03, 0x57, 0x00, 0x13, 0x00, 0x27, 0x00, 0x00, 0x01, 0x22, 0x27, 0x26, 0x35, 0x34, 0x37, 0x36, 
0x37, 0x16, 0x17, 0x06, 0x15, 0x16, 0x17, 0x16, 0x15, 0x14, 0x07, 0x06, 0x23, 0x22, 0x27, 0x26, 0x35, 0x34, 0x37, 0x36, 
0x37, 0x16, 0x17, 0x06, 0x15, 0x16, 0x17, 0x16, 0x15, 0x14, 0x07, 0x06, 0x01, 0x60, 0x1F, 0x14, 0x0C, 0x5D, 0x1A, 0x07, 
0x09, 0x10, 0x40, 0x18, 0x09, 0x08, 0x1D, 0x10, 0xDC, 0x1F, 0x14, 0x0C, 0x5D, 0x1A, 0x07, 0x09, 0x10, 0x40, 0x18, 0x09, 
0x08, 0x1D, 0x10, 0x02, 0x51, 0x1C, 0x12, 0x1C, 0x4E, 0x53, 0x17, 0x04, 0x0B, 0x17, 0x3B, 0x2E, 0x0A, 0x16, 0x0C, 0x10, 
0x20, 0x14, 0x0B, 0x1C, 0x12, 0x1C, 0x4E, 0x53, 0x17, 0x04, 0x0B, 0x17, 0x3B, 0x2E, 0x0A, 0x16, 0x0C, 0x10, 0x20, 0x14, 
0x0B, 0x00, 0x00, 0x00, 0x00, 0x02, 0x00, 0x80, 0x02, 0x51, 0x01, 0xDF, 0x03, 0x57, 0x00, 0x13, 0x00, 0x27, 0x00, 0x00, 
0x13, 0x32, 0x17, 0x16, 0x15, 0x14, 0x07, 0x06, 0x07, 0x26, 0x27, 0x36, 0x35, 0x26, 0x27, 0x26, 0x35, 0x34, 0x37, 0x36, 
0x33, 0x32, 0x17, 0x16, 0x15, 0x14, 0x07, 0x06, 0x07, 0x26, 0x27, 0x36, 0x35, 0x26, 0x27, 0x26, 0x35, 0x34, 0x37, 0x36, 
0xD8, 0x1F, 0x14, 0x0C, 0x5D, 0x1A, 0x07, 0x09, 0x10, 0x40, 0x17, 0x0A, 0x08, 0x1D, 0x10, 0xDC, 0x1F, 0x14, 0x0C, 0x5D, 
0x1A, 0x07, 0x09, 0x10, 0x40, 0x17, 0x0A, 0x08, 0x1D, 0x10, 0x03, 0x57, 0x1C, 0x12, 0x1D, 0x4E, 0x52, 0x18, 0x03, 0x0B, 
0x16, 0x3B, 0x2F, 0x09, 0x16, 0x0D, 0x10, 0x1F, 0x15, 0x0B, 0x1C, 0x12, 0x1D, 0x4E, 0x52, 0x18, 0x03, 0x0B, 0x16, 0x3B, 
0x2F, 0x09, 0x16, 0x0D, 0x10, 0x1F, 0x15, 0x0B, 0x00, 0x02, 0x00, 0x34, 0xFF, 0x75, 0x01, 0x93, 0x00, 0x7B, 0x00, 0x13, 
0x00, 0x27, 0x00, 0x00, 0x37, 0x32, 0x17, 0x16, 0x15, 0x14, 0x07, 0x06, 0x07, 0x26, 0x27, 0x36, 0x35, 0x26, 0x27, 0x26, 
0x35, 0x34, 0x37, 0x36, 0x33, 0x32, 0x17, 0x16, 0x15, 0x14, 0x07, 0x06, 0x07, 0x26, 0x27, 0x36, 0x35, 0x26, 0x27, 0x26, 
0x35, 0x34, 0x37, 0x36, 0x8C, 0x1F, 0x14, 0x0C, 0x5D, 0x1A, 0x07, 0x09, 0x10, 0x40, 0x17, 0x0A, 0x08, 0x1D, 0x10, 0xDC, 
0x1F, 0x14, 0x0C, 0x5D, 0x1A, 0x07, 0x09, 0x10, 0x40, 0x17, 0x0A, 0x08, 0x1D, 0x10, 0x7B, 0x1C, 0x12, 0x1D, 0x4E, 0x52, 
0x18, 0x03, 0x0B, 0x16, 0x3B, 0x2F, 0x09, 0x16, 0x0D, 0x10, 0x1F, 0x15, 0x0B, 0x1C, 0x12, 0x1D, 0x4E, 0x52, 0x18, 0x03, 
0x0B, 0x16, 0x3B, 0x2F, 0x09, 0x16, 0x0D, 0x10, 0x1F, 0x15, 0x0B, 0x00, 0x00, 0x01, 0x00, 0x3C, 0x00, 0x00, 0x01, 0x80, 
0x02, 0x14, 0x00, 0x1F, 0x00, 0x00, 0x13, 0x34, 0x35, 0x32, 0x33, 0x14, 0x15, 0x32, 0x33, 0x30, 0x31, 0x14, 0x15, 0x30, 
0x31, 0x22, 0x23, 0x14, 0x15, 0x30, 0x07, 0x22, 0x23, 0x30, 0x27, 0x34, 0x35, 0x22, 0x23, 0x34, 0x35, 0x32, 0xAD, 0x19, 
0x48, 0x1C, 0x56, 0x1D, 0x55, 0x01, 0x17, 0x48, 0x01, 0x1C, 0x55, 0x1C, 0x01, 0xA1, 0x1D, 0x56, 0x1C, 0x57, 0x18, 0x48, 
0x50, 0xF0, 0x01, 0x01, 0x50, 0xF0, 0x18, 0x48, 0x00, 0x01, 0x00, 0x3C, 0x00, 0x00, 0x01, 0x80, 0x02, 0x14, 0x00, 0x33, 
0x00, 0x00, 0x13, 0x34, 0x35, 0x32, 0x33, 0x14, 0x15, 0x32, 0x33, 0x30, 0x31, 0x14, 0x15, 0x30, 0x31, 0x22, 0x23, 0x14, 
0x15, 0x32, 0x33, 0x30, 0x31, 0x14, 0x15, 0x30, 0x31, 0x22, 0x23, 0x14, 0x15, 0x30, 0x07, 0x22, 0x23, 0x30, 0x27, 0x34, 
0x35, 0x22, 0x23, 0x34, 0x35, 0x32, 0x33, 0x34, 0x35, 0x22, 0x23, 0x34, 0x35, 0x32, 0xAD, 0x19, 0x48, 0x1C, 0x56, 0x1D, 
0x55, 0x1C, 0x56, 0x1D, 0x55, 0x01, 0x17, 0x48, 0x01, 0x1C, 0x55, 0x1C, 0x55, 0x1C, 0x55, 0x1C, 0x01, 0xA1, 0x1D, 0x56, 
0x1C, 0x57, 0x18, 0x48, 0x1C, 0x52, 0x18, 0x48, 0x1D, 0x55, 0x01, 0x01, 0x1C, 0x56, 0x18, 0x48, 0x1C, 0x52, 0x18, 0x48, 
0x00, 0x03, 0x00, 0x32, 0x00, 0x00, 0x02, 0x5A, 0x00, 0x7F, 0x00, 0x19, 0x00, 0x33, 0x00, 0x4D, 0x00, 0x00, 0x37, 0x32, 
0x17, 0x16, 0x15, 0x14, 0x15, 0x14, 0x07, 0x06, 0x07, 0x06, 0x23, 0x22, 0x23, 0x22, 0x27, 0x26, 0x27, 0x26, 0x35, 0x34, 
0x35, 0x34, 0x37, 0x36, 0x33, 0x32, 0x17, 0x16, 0x15, 0x14, 0x15, 0x14, 0x07, 0x06, 0x07, 0x06, 0x23, 0x22, 0x23, 0x22, 
0x27, 0x26, 0x27, 0x26, 0x35, 0x34, 0x35, 0x34, 0x37, 0x36, 0x37, 0x32, 0x17, 0x16, 0x15, 0x14, 0x15, 0x14, 0x07, 0x06, 
0x07, 0x06, 0x23, 0x22, 0x23, 0x22, 0x27, 0x26, 0x27, 0x26, 0x35, 0x34, 0x35, 0x34, 0x37, 0x36, 0x71, 0x1F, 0x14, 0x0C, 
0x14, 0x0E, 0x0E, 0x08, 0x04, 0x02, 0x05, 0x10, 0x11, 0x11, 0x07, 0x02, 0x13, 0x13, 0xEF, 0x1D, 0x15, 0x0C, 0x14, 0x0E, 
0x0E, 0x08, 0x04, 0x02, 0x04, 0x10, 0x12, 0x11, 0x07, 0x02, 0x13, 0x13, 0xEF, 0x1D, 0x15, 0x0C, 0x13, 0x0F, 0x0E, 0x07, 
0x04, 0x03, 0x04, 0x10, 0x12, 0x11, 0x06, 0x03, 0x13, 0x13, 0x7E, 0x1A, 0x11, 0x12, 0x01, 0x03, 0x18, 0x14, 0x0D, 0x03, 
0x01, 0x0C, 0x0C, 0x14, 0x09, 0x08, 0x01, 0x03, 0x17, 0x14, 0x12, 0x1A, 0x11, 0x12, 0x01, 0x03, 0x18, 0x14, 0x0D, 0x03, 
0x01, 0x0C, 0x0C, 0x14, 0x09, 0x08, 0x01, 0x03, 0x17, 0x14, 0x12, 0x01, 0x1B, 0x11, 0x12, 0x01, 0x03, 0x18, 0x14, 0x0C, 
0x03, 0x02, 0x0C, 0x0C, 0x15, 0x09, 0x07, 0x02, 0x02, 0x18, 0x14, 0x12, 0x00, 0x01, 0x00, 0x23, 0x00, 0x40, 0x01, 0x21, 
0x01, 0x96, 0x00, 0x17, 0x00, 0x00, 0x37, 0x34, 0x35, 0x36, 0x37, 0x36, 0x37, 0x32, 0x31, 0x16, 0x17, 0x16, 0x17, 0x30, 
0x31, 0x06, 0x07, 0x16, 0x17, 0x06, 0x07, 0x26, 0x27, 0x34, 0x23, 0x2B, 0x83, 0x06, 0x12, 0x01, 0x02, 0x1B, 0x09, 0x11, 
0x21, 0x64, 0x21, 0x64, 0x35, 0x02, 0x42, 0x85, 0xC9, 0x11, 0x32, 0x1F, 0x5A, 0x05, 0x0C, 0x03, 0x27, 0x0C, 0x19, 0x17, 
0x45, 0x17, 0x45, 0x4C, 0x03, 0x2D, 0x5B, 0x01, 0x00, 0x01, 0x00, 0x33, 0x00, 0x40, 0x01, 0x31, 0x01, 0x96, 0x00, 0x17, 
0x00, 0x00, 0x25, 0x06, 0x07, 0x26, 0x27, 0x36, 0x37, 0x26, 0x27, 0x30, 0x31, 0x36, 0x37, 0x36, 0x37, 0x32, 0x31, 0x16, 
0x17, 0x16, 0x17, 0x14, 0x15, 0x30, 0x01, 0x30, 0x31, 0x96, 0x02, 0x34, 0x2C, 0x59, 0x22, 0x63, 0x06, 0x13, 0x1B, 0x02, 
0x01, 0x06, 0x12, 0x2C, 0x83, 0xC8, 0x22, 0x66, 0x03, 0x4C, 0x1F, 0x3D, 0x17, 0x45, 0x09, 0x1C, 0x27, 0x03, 0x04, 0x0D, 
0x1E, 0x5B, 0x10, 0x33, 0x00, 0x01, 0xFF, 0x6A, 0xFF, 0xE7, 0x01, 0x44, 0x02, 0xAF, 0x00, 0x0F, 0x00, 0x00, 0x13, 0x32, 
0x33, 0x30, 0x31, 0x06, 0x01, 0x14, 0x23, 0x22, 0x23, 0x30, 0x35, 0x36, 0x01, 0x30, 0xE4, 0x18, 0x48, 0x5F, 0xFE, 0xE6, 
0x01, 0x18, 0x48, 0x5E, 0x01, 0x1B, 0x02, 0xAF, 0xB2, 0xFD, 0xEB, 0x01, 0x01, 0xB1, 0x02, 0x16, 0x00, 0x01, 0x00, 0x28, 
0x00, 0x00, 0x01, 0xED, 0x02, 0xDC, 0x00, 0x2F, 0x00, 0x00, 0x37, 0x14, 0x15, 0x22, 0x31, 0x22, 0x23, 0x22, 0x31, 0x34, 
0x35, 0x22, 0x23, 0x34, 0x35, 0x32, 0x33, 0x34, 0x11, 0x30, 0x33, 0x32, 0x21, 0x32, 0x31, 0x14, 0x15, 0x30, 0x23, 0x22, 
0x23, 0x14, 0x15, 0x32, 0x33, 0x14, 0x15, 0x22, 0x23, 0x14, 0x15, 0x32, 0x33, 0x14, 0x15, 0x30, 0x15, 0x22, 0xC4, 0x01, 
0x18, 0x47, 0x01, 0x0F, 0x2C, 0x0F, 0x2C, 0x01, 0x62, 0x01, 0x26, 0x01, 0x01, 0x4A, 0xDE, 0x3C, 0xB5, 0x3C, 0xB5, 0x18, 
0x48, 0x18, 0x9D, 0x27, 0x76, 0x28, 0x75, 0x19, 0x48, 0x77, 0x01, 0x67, 0x18, 0x48, 0x38, 0xA6, 0x18, 0x48, 0x10, 0x30, 
0x18, 0x48, 0x01, 0x00, 0x00, 0x01, 0x00, 0x1B, 0xFF, 0xE7, 0x02, 0x57, 0x02, 0xC8, 0x00, 0x83, 0x00, 0x00, 0x01, 0x32, 
0x33, 0x32, 0x17, 0x16, 0x17, 0x16, 0x17, 0x06, 0x07, 0x30, 0x31, 0x26, 0x27, 0x26, 0x23, 0x22, 0x31, 0x22, 0x07, 0x06, 
0x15, 0x14, 0x15, 0x14, 0x17, 0x32, 0x33, 0x14, 0x15, 0x22, 0x31, 0x22, 0x23, 0x16, 0x15, 0x32, 0x33, 0x30, 0x33, 0x14, 
0x15, 0x22, 0x31, 0x22, 0x23, 0x06, 0x07, 0x06, 0x07, 0x06, 0x07, 0x16, 0x17, 0x16, 0x17, 0x16, 0x17, 0x16, 0x17, 0x16, 
0x33, 0x32, 0x37, 0x16, 0x17, 0x30, 0x31, 0x06, 0x07, 0x06, 0x07, 0x06, 0x23, 0x22, 0x23, 0x22, 0x27, 0x26, 0x27, 0x26, 
0x23, 0x30, 0x23, 0x22, 0x07, 0x06, 0x07, 0x26, 0x27, 0x36, 0x37, 0x36, 0x37, 0x36, 0x37, 0x36, 0x37, 0x30, 0x35, 0x22, 
0x23, 0x22, 0x31, 0x34, 0x35, 0x30, 0x33, 0x32, 0x33, 0x34, 0x27, 0x34, 0x27, 0x22, 0x23, 0x22, 0x31, 0x34, 0x35, 0x32, 
0x33, 0x26, 0x35, 0x34, 0x37, 0x36, 0x37, 0x36, 0x37, 0x36, 0x01, 0x5F, 0x02, 0x06, 0x31, 0x35, 0x11, 0x13, 0x07, 0x05, 
0x16, 0x2C, 0x16, 0x20, 0x11, 0x10, 0x01, 0x31, 0x2A, 0x14, 0x10, 0x40, 0x7F, 0x01, 0x25, 0x6E, 0x05, 0x2F, 0x5F, 0x01, 
0x01, 0x28, 0x77, 0x06, 0x0A, 0x0D, 0x15, 0x01, 0x03, 0x10, 0x0C, 0x10, 0x0F, 0x10, 0x10, 0x1B, 0x0D, 0x18, 0x19, 0x33, 
0x3D, 0x17, 0x2F, 0x16, 0x0D, 0x16, 0x13, 0x36, 0x31, 0x03, 0x04, 0x36, 0x38, 0x0E, 0x14, 0x16, 0x1E, 0x01, 0x34, 0x46, 
0x03, 0x07, 0x0E, 0x2B, 0x09, 0x1C, 0x19, 0x23, 0x20, 0x0D, 0x03, 0x08, 0x13, 0x39, 0x01, 0x01, 0x1A, 0x51, 0x0A, 0x01, 
0x18, 0x48, 0x01, 0x0E, 0x28, 0x0A, 0x2F, 0x11, 0x0C, 0x14, 0x15, 0x2D, 0x02, 0xC8, 0x19, 0x09, 0x0E, 0x05, 0x07, 0x17, 
0x2E, 0x13, 0x09, 0x05, 0x25, 0x15, 0x20, 0x01, 0x02, 0x1C, 0x26, 0x18, 0x48, 0x16, 0x08, 0x18, 0x48, 0x0E, 0x12, 0x16, 
0x1A, 0x02, 0x03, 0x02, 0x03, 0x05, 0x05, 0x08, 0x0D, 0x17, 0x07, 0x0D, 0x3E, 0x16, 0x2E, 0x15, 0x0A, 0x12, 0x0B, 0x1E, 
0x24, 0x09, 0x12, 0x10, 0x2A, 0x01, 0x04, 0x13, 0x3A, 0x07, 0x18, 0x15, 0x21, 0x22, 0x11, 0x05, 0x09, 0x01, 0x18, 0x48, 
0x05, 0x17, 0x01, 0x01, 0x18, 0x48, 0x23, 0x21, 0x47, 0x32, 0x0F, 0x08, 0x0E, 0x09, 0x14, 0x00, 0x00, 0x04, 0x00, 0x56, 
0xFF, 0xF1, 0x05, 0x41, 0x02, 0xDC, 0x00, 0x39, 0x00, 0x97, 0x00, 0xAF, 0x00, 0xC1, 0x00, 0x00, 0x01, 0x32, 0x33, 0x30, 
0x33, 0x14, 0x15, 0x32, 0x33, 0x14, 0x31, 0x14, 0x15, 0x30, 0x31, 0x22, 0x23, 0x14, 0x15, 0x14, 0x17, 0x16, 0x33, 0x32, 
0x37, 0x36, 0x37, 0x16, 0x17, 0x06, 0x07, 0x06, 0x23, 0x30, 0x23, 0x22, 0x27, 0x26, 0x27, 0x26, 0x27, 0x26, 0x27, 0x26, 
0x35, 0x34, 0x35, 0x22, 0x23, 0x30, 0x31, 0x34, 0x35, 0x30, 0x35, 0x32, 0x33, 0x34, 0x05, 0x32, 0x17, 0x16, 0x17, 0x16, 
0x17, 0x06, 0x07, 0x06, 0x07, 0x26, 0x27, 0x26, 0x23, 0x22, 0x23, 0x22, 0x07, 0x06, 0x15, 0x14, 0x17, 0x16, 0x17, 0x16, 
0x17, 0x16, 0x17, 0x16, 0x17, 0x16, 0x17, 0x16, 0x15, 0x30, 0x15, 0x14, 0x07, 0x06, 0x07, 0x06, 0x07, 0x06, 0x23, 0x22, 
0x23, 0x22, 0x27, 0x26, 0x27, 0x26, 0x27, 0x26, 0x27, 0x36, 0x37, 0x30, 0x31, 0x16, 0x17, 0x16, 0x17, 0x16, 0x17, 0x16, 
0x33, 0x32, 0x37, 0x36, 0x37, 0x36, 0x35, 0x34, 0x27, 0x26, 0x27, 0x26, 0x27, 0x26, 0x27, 0x26, 0x27, 0x26, 0x35, 0x34, 
0x35, 0x34, 0x37, 0x36, 0x37, 0x36, 0x37, 0x36, 0x25, 0x32, 0x33, 0x32, 0x17, 0x16, 0x15, 0x14, 0x07, 0x06, 0x23, 0x22, 
0x23, 0x14, 0x15, 0x30, 0x07, 0x22, 0x23, 0x22, 0x27, 0x34, 0x11, 0x30, 0x17, 0x14, 0x15, 0x32, 0x33, 0x32, 0x37, 0x36, 
0x35, 0x34, 0x35, 0x34, 0x27, 0x26, 0x23, 0x22, 0x23, 0x22, 0x02, 0xAB, 0x18, 0x48, 0x01, 0x1F, 0x5D, 0x1F, 0x5D, 0x13, 
0x0D, 0x0D, 0x14, 0x24, 0x01, 0x03, 0x09, 0x1B, 0x0C, 0x1B, 0x20, 0x18, 0x01, 0x30, 0x29, 0x07, 0x0C, 0x02, 0x06, 0x08, 
0x05, 0x0D, 0x12, 0x35, 0x12, 0x35, 0x01, 0xCE, 0x5B, 0x40, 0x0F, 0x06, 0x02, 0x04, 0x01, 0x1A, 0x19, 0x1E, 0x09, 0x08, 
0x22, 0x30, 0x01, 0x01, 0x34, 0x20, 0x11, 0x09, 0x09, 0x1C, 0x26, 0x50, 0x1A, 0x13, 0x11, 0x12, 0x08, 0x0E, 0x24, 0x25, 
0x10, 0x08, 0x14, 0x0C, 0x34, 0x39, 0x01, 0x02, 0x4C, 0x3D, 0x0E, 0x10, 0x0E, 0x06, 0x09, 0x08, 0x1C, 0x38, 0x01, 0x03, 
0x05, 0x0C, 0x17, 0x21, 0x17, 0x15, 0x2C, 0x23, 0x07, 0x09, 0x0D, 0x2A, 0x0F, 0x25, 0x50, 0x28, 0x11, 0x11, 0x25, 0x0C, 
0x07, 0x24, 0x0F, 0x07, 0x11, 0x0F, 0x31, 0xFC, 0x1C, 0x3C, 0xB4, 0x74, 0x51, 0x3A, 0x5C, 0x49, 0x5B, 0x30, 0x61, 0x01, 
0x17, 0x46, 0x01, 0x01, 0x60, 0x26, 0x71, 0x48, 0x34, 0x1D, 0x3F, 0x27, 0x45, 0x2C, 0x57, 0x01, 0x02, 0xDC, 0x3F, 0xBD, 
0x01, 0x18, 0x48, 0x3D, 0xB5, 0x1C, 0x09, 0x08, 0x0D, 0x01, 0x02, 0x17, 0x44, 0x05, 0x08, 0x08, 0x1D, 0x05, 0x0B, 0x04, 
0x07, 0x0B, 0x09, 0x1F, 0x1E, 0x52, 0xA4, 0x18, 0x48, 0x01, 0x3F, 0x27, 0x39, 0x0E, 0x08, 0x03, 0x06, 0x02, 0x0F, 0x10, 
0x13, 0x0B, 0x06, 0x1A, 0x19, 0x0F, 0x12, 0x0A, 0x07, 0x08, 0x09, 0x0C, 0x0F, 0x05, 0x08, 0x07, 0x0C, 0x06, 0x0E, 0x28, 
0x33, 0x01, 0x33, 0x2D, 0x10, 0x04, 0x0E, 0x06, 0x17, 0x27, 0x09, 0x0F, 0x0E, 0x08, 0x0D, 0x0D, 0x10, 0x20, 0x02, 0x05, 
0x09, 0x0B, 0x15, 0x09, 0x05, 0x13, 0x04, 0x09, 0x0F, 0x10, 0x1B, 0x10, 0x05, 0x07, 0x0F, 0x11, 0x07, 0x0B, 0x19, 0x25, 
0x11, 0x13, 0x01, 0x03, 0x2F, 0x29, 0x10, 0x04, 0x0D, 0x07, 0x18, 0xE4, 0x57, 0x46, 0x54, 0x6D, 0x4E, 0x36, 0x3E, 0xBB, 
0x01, 0x01, 0xB7, 0x02, 0x23, 0x60, 0x48, 0xD8, 0x3C, 0x28, 0x29, 0x02, 0x05, 0x41, 0x2F, 0x1D, 0x00, 0x04, 0x00, 0x56, 
0x00, 0x00, 0x04, 0x9D, 0x02, 0xDC, 0x00, 0x27, 0x00, 0x33, 0x00, 0x4F, 0x00, 0x7B, 0x00, 0x00, 0x13, 0x32, 0x33, 0x16, 
0x17, 0x16, 0x17, 0x16, 0x17, 0x16, 0x17, 0x34, 0x11, 0x30, 0x31, 0x32, 0x33, 0x14, 0x11, 0x22, 0x23, 0x26, 0x27, 0x26, 
0x27, 0x26, 0x27, 0x26, 0x27, 0x14, 0x11, 0x30, 0x31, 0x22, 0x23, 0x22, 0x31, 0x34, 0x11, 0x30, 0x01, 0x32, 0x21, 0x30, 
0x17, 0x14, 0x15, 0x30, 0x07, 0x22, 0x21, 0x34, 0x13, 0x14, 0x17, 0x16, 0x17, 0x16, 0x33, 0x32, 0x37, 0x36, 0x37, 0x36, 
0x35, 0x30, 0x35, 0x34, 0x27, 0x26, 0x27, 0x26, 0x27, 0x26, 0x23, 0x22, 0x07, 0x06, 0x07, 0x06, 0x37, 0x32, 0x17, 0x16, 
0x17, 0x16, 0x17, 0x16, 0x15, 0x14, 0x07, 0x06, 0x07, 0x06, 0x07, 0x06, 0x07, 0x06, 0x23, 0x22, 0x23, 0x22, 0x27, 0x26, 
0x27, 0x26, 0x27, 0x26, 0x27, 0x26, 0x27, 0x26, 0x35, 0x34, 0x35, 0x34, 0x37, 0x36, 0x37, 0x36, 0x37, 0x36, 0x37, 0x36, 
0x57, 0x1B, 0x51, 0x01, 0x1C, 0x27, 0x4D, 0x1C, 0x54, 0x13, 0x39, 0x18, 0x48, 0x19, 0x4E, 0x01, 0x14, 0x28, 0x50, 0x18, 
0x48, 0x18, 0x48, 0x1A, 0x4B, 0x01, 0x02, 0x8C, 0x64, 0x01, 0x2C, 0x01, 0x01, 0x64, 0xFE, 0xD4, 0x37, 0x23, 0x10, 0x08, 
0x28, 0x2F, 0x39, 0x2C, 0x11, 0x07, 0x14, 0x27, 0x11, 0x06, 0x09, 0x07, 0x21, 0x22, 0x36, 0x2C, 0x0F, 0x04, 0x1D, 0x92, 
0x51, 0x44, 0x09, 0x12, 0x22, 0x0F, 0x11, 0x1E, 0x0B, 0x12, 0x13, 0x0C, 0x0E, 0x0C, 0x3C, 0x40, 0x02, 0x03, 0x44, 0x3E, 
0x0C, 0x0A, 0x13, 0x09, 0x0A, 0x09, 0x0A, 0x07, 0x18, 0x1C, 0x08, 0x0C, 0x08, 0x11, 0x18, 0x0B, 0x3D, 0x02, 0xDC, 0x01, 
0x2F, 0x41, 0x81, 0x2F, 0x8D, 0x1F, 0x5F, 0x8B, 0x01, 0xA1, 0xB7, 0xFD, 0xDB, 0x01, 0x21, 0x43, 0x86, 0x28, 0x79, 0x28, 
0x78, 0x8B, 0xFE, 0x5F, 0xB7, 0x02, 0x25, 0xFD, 0x86, 0x01, 0x17, 0x48, 0x01, 0x19, 0x01, 0x86, 0x36, 0x2D, 0x11, 0x05, 
0x1F, 0x2C, 0x12, 0x0E, 0x24, 0x28, 0x01, 0x3A, 0x2E, 0x12, 0x02, 0x07, 0x04, 0x12, 0x27, 0x10, 0x07, 0x29, 0xC8, 0x35, 
0x07, 0x12, 0x26, 0x29, 0x2D, 0x31, 0x3F, 0x39, 0x14, 0x16, 0x16, 0x09, 0x0B, 0x08, 0x24, 0x28, 0x09, 0x08, 0x10, 0x0C, 
0x0C, 0x0E, 0x10, 0x0F, 0x34, 0x33, 0x03, 0x05, 0x38, 0x38, 0x10, 0x10, 0x0C, 0x13, 0x16, 0x06, 0x2B, 0x00, 0x00, 0x00, 
0x00, 0x01, 0xFF, 0x6A, 0xFF, 0xE7, 0x01, 0x44, 0x02, 0xAF, 0x00, 0x0F, 0x00, 0x00, 0x13, 0x32, 0x33, 0x30, 0x31, 0x06, 
0x01, 0x14, 0x23, 0x22, 0x23, 0x30, 0x35, 0x36, 0x01, 0x30, 0xE4, 0x18, 0x48, 0x5F, 0xFE, 0xE6, 0x01, 0x18, 0x48, 0x5E, 
0x01, 0x1B, 0x02, 0xAF, 0xB2, 0xFD, 0xEB, 0x01, 0x01, 0xB1, 0x02, 0x16, 0x00, 0x01, 0x00, 0x79, 0x01, 0x43, 0x00, 0xF7, 
0x01, 0xC1, 0x00, 0x19, 0x00, 0x00, 0x13, 0x32, 0x17, 0x16, 0x15, 0x14, 0x15, 0x14, 0x07, 0x06, 0x07, 0x06, 0x23, 0x22, 
0x23, 0x22, 0x27, 0x26, 0x27, 0x26, 0x35, 0x34, 0x35, 0x34, 0x37, 0x36, 0xB8, 0x1F, 0x14, 0x0C, 0x13, 0x0F, 0x0E, 0x07, 
0x04, 0x03, 0x05, 0x10, 0x11, 0x11, 0x06, 0x03, 0x13, 0x13, 0x01, 0xC1, 0x1A, 0x12, 0x11, 0x01, 0x03, 0x18, 0x14, 0x0C, 
0x04, 0x01, 0x0C, 0x0C, 0x15, 0x08, 0x08, 0x01, 0x03, 0x18, 0x14, 0x11, 0x00, 0x02, 0x00, 0x2B, 0xFF, 0xA3, 0x01, 0x85, 
0x02, 0x55, 0x00, 0x19, 0x00, 0x25, 0x00, 0x00, 0x01, 0x32, 0x31, 0x16, 0x17, 0x14, 0x07, 0x06, 0x07, 0x16, 0x17, 0x16, 
0x17, 0x06, 0x07, 0x30, 0x23, 0x26, 0x27, 0x26, 0x27, 0x34, 0x35, 0x36, 0x37, 0x36, 0x03, 0x32, 0x21, 0x14, 0x31, 0x14, 
0x15, 0x14, 0x31, 0x22, 0x21, 0x34, 0x01, 0x49, 0x01, 0x0F, 0x2C, 0x8D, 0x1D, 0x3B, 0x18, 0x4A, 0x21, 0x62, 0x0F, 0x2C, 
0x01, 0x2A, 0x7F, 0x6B, 0x02, 0x24, 0x6C, 0x21, 0xB9, 0x56, 0x01, 0x04, 0x57, 0xFE, 0xFD, 0x02, 0x55, 0x13, 0x39, 0x01, 
0x6D, 0x17, 0x2E, 0x13, 0x3A, 0x19, 0x4D, 0x13, 0x39, 0x21, 0x64, 0x52, 0x02, 0x19, 0x33, 0x1C, 0x54, 0x1A, 0xFD, 0xFE, 
0x01, 0x18, 0x47, 0x01, 0x18, 0x00, 0x00, 0x00, 0x00, 0x02, 0x00, 0x2B, 0xFF, 0xA3, 0x01, 0x86, 0x02, 0x55, 0x00, 0x19, 
0x00, 0x25, 0x00, 0x00, 0x13, 0x16, 0x17, 0x14, 0x15, 0x06, 0x07, 0x06, 0x07, 0x30, 0x31, 0x26, 0x27, 0x36, 0x37, 0x36, 
0x37, 0x26, 0x27, 0x26, 0x35, 0x36, 0x37, 0x30, 0x31, 0x16, 0x13, 0x22, 0x21, 0x22, 0x35, 0x34, 0x35, 0x30, 0x37, 0x32, 
0x21, 0x14, 0xEE, 0x24, 0x6C, 0x02, 0x6B, 0x39, 0x71, 0x0F, 0x2C, 0x20, 0x63, 0x18, 0x49, 0x16, 0x42, 0x8C, 0x13, 0x28, 
0x22, 0xFD, 0x57, 0xFE, 0xFD, 0x01, 0x01, 0x56, 0x01, 0x04, 0x01, 0xEC, 0x1C, 0x54, 0x13, 0x39, 0x02, 0x52, 0x2D, 0x58, 
0x13, 0x39, 0x1A, 0x4C, 0x14, 0x39, 0x11, 0x34, 0x6D, 0x01, 0x19, 0x33, 0x1A, 0xFD, 0x68, 0x01, 0x17, 0x48, 0x01, 0x19, 
0x00, 0x00, 0x00, 0x10, 0x00, 0xC6, 0x00, 0x01, 0x00, 0x00, 0x00, 0x00, 0x00, 0x00, 0x00, 0x41, 0x00, 0x00, 0x00, 0x01, 
0x00, 0x00, 0x00, 0x00, 0x00, 0x01, 0x00, 0x11, 0x00, 0x41, 0x00, 0x01, 0x00, 0x00, 0x00, 0x00, 0x00, 0x02, 0x00, 0x04, 
0x00, 0x53, 0x00, 0x01, 0x00, 0x00, 0x00, 0x00, 0x00, 0x03, 0x00, 0x1B, 0x00, 0x41, 0x00, 0x01, 0x00, 0x00, 0x00, 0x00, 
0x00, 0x04, 0x00, 0x16, 0x00, 0x41, 0x00, 0x01, 0x00, 0x00, 0x00, 0x00, 0x00, 0x05, 0x00, 0x2A, 0x00, 0x5C, 0x00, 0x01, 
0x00, 0x00, 0x00, 0x00, 0x00, 0x06, 0x00, 0x14, 0x00, 0x86, 0x00, 0x01, 0x00, 0x00, 0x00, 0x00, 0x00, 0x09, 0x00, 0x0C, 
0x00, 0x19, 0x00, 0x03, 0x00, 0x01, 0x04, 0x09, 0x00, 0x00, 0x00, 0x82, 0x00, 0x9A, 0x00, 0x03, 0x00, 0x01, 0x04, 0x09, 
0x00, 0x01, 0x00, 0x22, 0x01, 0x1C, 0x00, 0x03, 0x00, 0x01, 0x04, 0x09, 0x00, 0x02, 0x00, 0x08, 0x01, 0x40, 0x00, 0x03, 
0x00, 0x01, 0x04, 0x09, 0x00, 0x03, 0x00, 0x46, 0x01, 0x1C, 0x00, 0x03, 0x00, 0x01, 0x04, 0x09, 0x00, 0x04, 0x00, 0x2C, 
0x01, 0x1C, 0x00, 0x03, 0x00, 0x01, 0x04, 0x09, 0x00, 0x05, 0x00, 0x54, 0x01, 0x62, 0x00, 0x03, 0x00, 0x01, 0x04, 0x09, 
0x00, 0x06, 0x00, 0x28, 0x01, 0xB6, 0x00, 0x03, 0x00, 0x01, 0x04, 0x09, 0x00, 0x09, 0x00, 0x18, 0x00, 0xCC, 0x43, 0x6F, 
0x70, 0x79, 0x72, 0x69, 0x67, 0x68, 0x74, 0x20, 0x28, 0x63, 0x29, 0x20, 0x54, 0x79, 0x70, 0x6F, 0x67, 0x72, 0x61, 0x70, 
0x68, 0x65, 0x72, 0x20, 0x59, 0x69, 0x6E, 0x69, 0x6E, 0x67, 0x20, 0x43, 0x68, 0x65, 0x6E, 0x2C, 0x20, 0x32, 0x30, 0x32, 
0x32, 0x2E, 0x20, 0x41, 0x6C, 0x6C, 0x20, 0x72, 0x69, 0x67, 0x68, 0x74, 0x73, 0x20, 0x72, 0x65, 0x73, 0x65, 0x72, 0x76, 
0x65, 0x64, 0x2E, 0x4C, 0x6F, 0x75, 0x69, 0x73, 0x20, 0x47, 0x65, 0x6F, 0x72, 0x67, 0x65, 0x20, 0x43, 0x61, 0x66, 0x65, 
0x20, 0x42, 0x6F, 0x6C, 0x64, 0x3A, 0x56, 0x65, 0x72, 0x73, 0x56, 0x65, 0x72, 0x73, 0x69, 0x6F, 0x6E, 0x20, 0x31, 0x2E, 
0x30, 0x30, 0x20, 0x4D, 0x61, 0x79, 0x20, 0x32, 0x38, 0x2C, 0x20, 0x32, 0x30, 0x32, 0x32, 0x2C, 0x20, 0x69, 0x6E, 0x69, 
0x74, 0x69, 0x61, 0x6C, 0x20, 0x72, 0x65, 0x6C, 0x65, 0x61, 0x73, 0x65, 0x4C, 0x6F, 0x75, 0x69, 0x73, 0x47, 0x65, 0x6F, 
0x72, 0x67, 0x65, 0x43, 0x61, 0x66, 0x65, 0x2D, 0x42, 0x6F, 0x6C, 0x64, 0x00, 0x43, 0x00, 0x6F, 0x00, 0x70, 0x00, 0x79, 
0x00, 0x72, 0x00, 0x69, 0x00, 0x67, 0x00, 0x68, 0x00, 0x74, 0x00, 0x20, 0x00, 0x28, 0x00, 0x63, 0x00, 0x29, 0x00, 0x20, 
0x00, 0x54, 0x00, 0x79, 0x00, 0x70, 0x00, 0x6F, 0x00, 0x67, 0x00, 0x72, 0x00, 0x61, 0x00, 0x70, 0x00, 0x68, 0x00, 0x65, 
0x00, 0x72, 0x00, 0x20, 0x00, 0x59, 0x00, 0x69, 0x00, 0x6E, 0x00, 0x69, 0x00, 0x6E, 0x00, 0x67, 0x00, 0x20, 0x00, 0x43, 
0x00, 0x68, 0x00, 0x65, 0x00, 0x6E, 0x00, 0x2C, 0x00, 0x20, 0x00, 0x32, 0x00, 0x30, 0x00, 0x32, 0x00, 0x32, 0x00, 0x2E, 
0x00, 0x20, 0x00, 0x41, 0x00, 0x6C, 0x00, 0x6C, 0x00, 0x20, 0x00, 0x72, 0x00, 0x69, 0x00, 0x67, 0x00, 0x68, 0x00, 0x74, 
0x00, 0x73, 0x00, 0x20, 0x00, 0x72, 0x00, 0x65, 0x00, 0x73, 0x00, 0x65, 0x00, 0x72, 0x00, 0x76, 0x00, 0x65, 0x00, 0x64, 
0x00, 0x2E, 0x00, 0x4C, 0x00, 0x6F, 0x00, 0x75, 0x00, 0x69, 0x00, 0x73, 0x00, 0x20, 0x00, 0x47, 0x00, 0x65, 0x00, 0x6F, 
0x00, 0x72, 0x00, 0x67, 0x00, 0x65, 0x00, 0x20, 0x00, 0x43, 0x00, 0x61, 0x00, 0x66, 0x00, 0x65, 0x00, 0x20, 0x00, 0x42, 
0x00, 0x6F, 0x00, 0x6C, 0x00, 0x64, 0x00, 0x3A, 0x00, 0x56, 0x00, 0x65, 0x00, 0x72, 0x00, 0x73, 0x00, 0x69, 0x00, 0x6F, 
0x00, 0x6E, 0x00, 0x20, 0x00, 0x31, 0x00, 0x2E, 0x00, 0x30, 0x00, 0x30, 0x00, 0x56, 0x00, 0x65, 0x00, 0x72, 0x00, 0x73, 
0x00, 0x69, 0x00, 0x6F, 0x00, 0x6E, 0x00, 0x20, 0x00, 0x31, 0x00, 0x2E, 0x00, 0x30, 0x00, 0x30, 0x00, 0x20, 0x00, 0x4D, 
0x00, 0x61, 0x00, 0x79, 0x00, 0x20, 0x00, 0x32, 0x00, 0x38, 0x00, 0x2C, 0x00, 0x20, 0x00, 0x32, 0x00, 0x30, 0x00, 0x32, 
0x00, 0x32, 0x00, 0x2C, 0x00, 0x20, 0x00, 0x69, 0x00, 0x6E, 0x00, 0x69, 0x00, 0x74, 0x00, 0x69, 0x00, 0x61, 0x00, 0x6C, 
0x00, 0x20, 0x00, 0x72, 0x00, 0x65, 0x00, 0x6C, 0x00, 0x65, 0x00, 0x61, 0x00, 0x73, 0x00, 0x65, 0x00, 0x4C, 0x00, 0x6F, 
0x00, 0x75, 0x00, 0x69, 0x00, 0x73, 0x00, 0x47, 0x00, 0x65, 0x00, 0x6F, 0x00, 0x72, 0x00, 0x67, 0x00, 0x65, 0x00, 0x43, 
0x00, 0x61, 0x00, 0x66, 0x00, 0x65, 0x00, 0x2D, 0x00, 0x42, 0x00, 0x6F, 0x00, 0x6C, 0x00, 0x64, 0x00, 0x02, 0x00, 0x00, 
0x00, 0x00, 0x00, 0x00, 0xFF, 0x9A, 0x00, 0x23, 0x00, 0x00, 0x00, 0x00, 0x00, 0x00, 0x00, 0x00, 0x00, 0x00, 0x00, 0x00, 
0x00, 0x00, 0x00, 0x00, 0x00, 0x00, 0x00, 0x00, 0x00, 0xE5, 0x00, 0x00, 0x00, 0x01, 0x00, 0x02, 0x00, 0x03, 0x00, 0x04, 
0x00, 0x05, 0x00, 0x06, 0x00, 0x07, 0x00, 0x08, 0x00, 0x09, 0x00, 0x0A, 0x00, 0x0B, 0x00, 0x0C, 0x00, 0x0D, 0x00, 0x0E, 
0x00, 0x0F, 0x00, 0x10, 0x00, 0x11, 0x00, 0x12, 0x00, 0x13, 0x00, 0x14, 0x00, 0x15, 0x00, 0x16, 0x00, 0x17, 0x00, 0x18, 
0x00, 0x19, 0x00, 0x1A, 0x00, 0x1B, 0x00, 0x1C, 0x00, 0x1D, 0x00, 0x1E, 0x00, 0x1F, 0x00, 0x20, 0x00, 0x21, 0x00, 0x22, 
0x00, 0x23, 0x00, 0x24, 0x00, 0x25, 0x00, 0x26, 0x00, 0x27, 0x00, 0x28, 0x00, 0x29, 0x00, 0x2A, 0x00, 0x2B, 0x00, 0x2C, 
0x00, 0x2D, 0x00, 0x2E, 0x00, 0x2F, 0x00, 0x30, 0x00, 0x31, 0x00, 0x32, 0x00, 0x33, 0x00, 0x34, 0x00, 0x35, 0x00, 0x36, 
0x00, 0x37, 0x00, 0x38, 0x00, 0x39, 0x00, 0x3A, 0x00, 0x3B, 0x00, 0x3C, 0x00, 0x3D, 0x00, 0x3E, 0x00, 0x3F, 0x00, 0x40, 
0x00, 0x41, 0x00, 0x42, 0x00, 0x43, 0x00, 0x44, 0x00, 0x45, 0x00, 0x46, 0x00, 0x47, 0x00, 0x48, 0x00, 0x49, 0x00, 0x4A, 
0x00, 0x4B, 0x00, 0x4C, 0x00, 0x4D, 0x00, 0x4E, 0x00, 0x4F, 0x00, 0x50, 0x00, 0x51, 0x00, 0x52, 0x00, 0x53, 0x00, 0x54, 
0x00, 0x55, 0x00, 0x56, 0x00, 0x57, 0x00, 0x58, 0x00, 0x59, 0x00, 0x5A, 0x00, 0x5B, 0x00, 0x5C, 0x00, 0x5D, 0x00, 0x5E, 
0x00, 0x5F, 0x00, 0x60, 0x00, 0x61, 0x00, 0xAC, 0x00, 0xA3, 0x00, 0x84, 0x00, 0x85, 0x00, 0xBD, 0x00, 0x96, 0x00, 0xE8, 
0x00, 0x86, 0x00, 0x8E, 0x00, 0x8B, 0x00, 0x9D, 0x00, 0xA9, 0x00, 0xA4, 0x01, 0x02, 0x00, 0x8A, 0x00, 0xDA, 0x00, 0x83, 
0x00, 0x93, 0x00, 0xF2, 0x00, 0xF3, 0x00, 0x8D, 0x00, 0x97, 0x00, 0x88, 0x00, 0xC3, 0x00, 0xDE, 0x00, 0xF1, 0x00, 0x9E, 
0x00, 0xAA, 0x00, 0xF5, 0x00, 0xF4, 0x00, 0xF6, 0x00, 0xA2, 0x00, 0xAD, 0x00, 0xC9, 0x00, 0xC7, 0x00, 0xAE, 0x00, 0x62, 
0x00, 0x63, 0x00, 0x90, 0x00, 0x64, 0x00, 0xCB, 0x00, 0x65, 0x00, 0xC8, 0x00, 0xCA, 0x00, 0xCF, 0x00, 0xCC, 0x00, 0xCD, 
0x00, 0xCE, 0x00, 0xE9, 0x00, 0x66, 0x00, 0xD3, 0x00, 0xD0, 0x00, 0xD1, 0x00, 0xAF, 0x00, 0x67, 0x00, 0xF0, 0x00, 0x91, 
0x00, 0xD6, 0x00, 0xD4, 0x00, 0xD5, 0x00, 0x68, 0x00, 0xEB, 0x00, 0xED, 0x00, 0x89, 0x00, 0x6A, 0x00, 0x69, 0x00, 0x6B, 
0x00, 0x6D, 0x00, 0x6C, 0x00, 0x6E, 0x00, 0xA0, 0x00, 0x6F, 0x00, 0x71, 0x00, 0x70, 0x00, 0x72, 0x00, 0x73, 0x00, 0x75, 
0x00, 0x74, 0x00, 0x76, 0x00, 0x77, 0x00, 0xEA, 0x00, 0x78, 0x00, 0x7A, 0x00, 0x79, 0x00, 0x7B, 0x00, 0x7D, 0x00, 0x7C, 
0x00, 0xB8, 0x00, 0xA1, 0x00, 0x7F, 0x00, 0x7E, 0x00, 0x80, 0x00, 0x81, 0x00, 0xEC, 0x00, 0xEE, 0x00, 0xBA, 0x00, 0xB0, 
0x00, 0xB1, 0x00, 0xC6, 0x01, 0x03, 0x00, 0x8C, 0x00, 0xA7, 0x00, 0xC0, 0x00, 0xC1, 0x00, 0xD8, 0x00, 0xE1, 0x01, 0x04, 
0x00, 0xDC, 0x00, 0xDD, 0x00, 0xD9, 0x01, 0x05, 0x00, 0xB2, 0x00, 0xB6, 0x00, 0xB7, 0x00, 0xB4, 0x00, 0xB5, 0x00, 0xC5, 
0x00, 0x82, 0x00, 0xC2, 0x00, 0xAB, 0x00, 0xBE, 0x00, 0xBF, 0x00, 0xBC, 0x00, 0xF7, 0x01, 0x06, 0x01, 0x07, 0x01, 0x08, 
0x01, 0x09, 0x01, 0x0A, 0x00, 0x94, 0x00, 0x95, 0x07, 0x75, 0x6E, 0x69, 0x30, 0x30, 0x61, 0x64, 0x07, 0x75, 0x6E, 0x69, 
0x32, 0x30, 0x61, 0x63, 0x07, 0x75, 0x6E, 0x69, 0x30, 0x32, 0x63, 0x39, 0x07, 0x75, 0x6E, 0x69, 0x30, 0x33, 0x37, 0x65, 
0x07, 0x75, 0x6E, 0x69, 0x32, 0x30, 0x61, 0x34, 0x07, 0x75, 0x6E, 0x69, 0x32, 0x30, 0x61, 0x37, 0x07, 0x75, 0x6E, 0x69, 
0x32, 0x31, 0x31, 0x36, 0x07, 0x75, 0x6E, 0x69, 0x32, 0x32, 0x31, 0x35, 0x07, 0x75, 0x6E, 0x69, 0x32, 0x32, 0x31, 0x39, 
0x00, 0x00, 0x00, 0x01, 0xFF, 0xFF, 0x00, 0x02, 0x00, 0x01, 0x00, 0x00, 0x00, 0x0A, 0x00, 0x1E, 0x00, 0x2C, 0x00, 0x01, 
0x44, 0x46, 0x4C, 0x54, 0x00, 0x08, 0x00, 0x04, 0x00, 0x00, 0x00, 0x00, 0x00, 0x00, 0x00, 0x01, 0x00, 0x00, 0x00, 0x01, 
0x6B, 0x65, 0x72, 0x6E, 0x00, 0x08, 0x00, 0x00, 0x00, 0x01, 0x00, 0x00, 0x00, 0x01, 0x00, 0x04, 0x00, 0x09, 0x00, 0x00, 
0x00, 0x00, 0x00, 0x00, 0x00, 0x01, 0x00, 0x00, 0x00, 0x0A, 0x00, 0x22, 0x00, 0x24, 0x00, 0x02, 0x44, 0x46, 0x4C, 0x54, 
0x00, 0x0E, 0x6C, 0x61, 0x74, 0x6E, 0x00, 0x0E, 0x00, 0x04, 0x00, 0x00, 0x00, 0x00, 0xFF, 0xFF, 0x00, 0x00, 0x00, 0x00, 
0x00, 0x00, 0x00, 0x00
};