#include <Windows.h>
#include <iostream>

static uint8_t paladinssemiital_ttf[] = {
0x00, 0x01, 0x00, 0x00, 0x00, 0x0C, 0x00, 0x80, 0x00, 0x03, 0x00, 0x40, 0x4F, 0x53, 0x2F, 0x32, 0x7A, 0xBC, 0x18, 0x63, 
0x00, 0x00, 0x00, 0xCC, 0x00, 0x00, 0x00, 0x4E, 0x56, 0x44, 0x4D, 0x58, 0x6B, 0xCF, 0x73, 0x69, 0x00, 0x00, 0x01, 0x1C, 
0x00, 0x00, 0x05, 0xE0, 0x63, 0x6D, 0x61, 0x70, 0xAD, 0x91, 0x05, 0x12, 0x00, 0x00, 0x06, 0xFC, 0x00, 0x00, 0x01, 0xFE, 
0x67, 0x6C, 0x79, 0x66, 0xF7, 0x7F, 0xC0, 0xBE, 0x00, 0x00, 0x08, 0xFC, 0x00, 0x00, 0x37, 0x64, 0x68, 0x65, 0x61, 0x64, 
0x05, 0xC0, 0xF5, 0x47, 0x00, 0x00, 0x40, 0x60, 0x00, 0x00, 0x00, 0x36, 0x68, 0x68, 0x65, 0x61, 0x09, 0x0F, 0x05, 0x1C, 
0x00, 0x00, 0x40, 0x98, 0x00, 0x00, 0x00, 0x24, 0x68, 0x6D, 0x74, 0x78, 0xCD, 0x9A, 0x5A, 0xFF, 0x00, 0x00, 0x40, 0xBC, 
0x00, 0x00, 0x03, 0x78, 0x6B, 0x65, 0x72, 0x6E, 0x00, 0x96, 0x00, 0x24, 0x00, 0x00, 0x44, 0x34, 0x00, 0x00, 0x00, 0x5A, 
0x6C, 0x6F, 0x63, 0x61, 0x74, 0x2A, 0x66, 0x3D, 0x00, 0x00, 0x44, 0x90, 0x00, 0x00, 0x01, 0xBE, 0x6D, 0x61, 0x78, 0x70, 
0x00, 0xEC, 0x00, 0xD6, 0x00, 0x00, 0x46, 0x50, 0x00, 0x00, 0x00, 0x20, 0x6E, 0x61, 0x6D, 0x65, 0x11, 0xFA, 0x55, 0xD7, 
0x00, 0x00, 0x46, 0x70, 0x00, 0x00, 0x03, 0x03, 0x70, 0x6F, 0x73, 0x74, 0xFC, 0x13, 0xE4, 0xE5, 0x00, 0x00, 0x49, 0x74, 
0x00, 0x00, 0x08, 0x9A, 0x00, 0x00, 0x03, 0x3B, 0x01, 0x90, 0x00, 0x05, 0x00, 0x00, 0x00, 0x64, 0x00, 0x64, 0x00, 0x00, 
0x00, 0x8C, 0x00, 0x64, 0x00, 0x64, 0x00, 0x00, 0x00, 0x8C, 0x00, 0x32, 0x00, 0xFA, 0x00, 0x00, 0x00, 0x00, 0x00, 0x00, 
0x00, 0x00, 0x00, 0x00, 0x00, 0x00, 0x80, 0x00, 0x00, 0x07, 0x00, 0x00, 0x00, 0x00, 0x00, 0x00, 0x00, 0x00, 0x00, 0x00, 
0x00, 0x00, 0x70, 0x79, 0x72, 0x73, 0x00, 0x00, 0x00, 0x20, 0x21, 0x22, 0x02, 0xEE, 0xFF, 0x56, 0x00, 0x1E, 0x03, 0x38, 
0x00, 0xAA, 0x00, 0x00, 0x00, 0x00, 0x00, 0x01, 0x00, 0x01, 0x01, 0x01, 0x01, 0x01, 0x00, 0x0C, 0x00, 0xF8, 0x08, 0xFF, 
0x00, 0x08, 0x00, 0x07, 0xFF, 0xFE, 0x00, 0x09, 0x00, 0x08, 0xFF, 0xFE, 0x00, 0x0A, 0x00, 0x09, 0xFF, 0xFE, 0x00, 0x0B, 
0x00, 0x0A, 0xFF, 0xFE, 0x00, 0x0C, 0x00, 0x0A, 0xFF, 0xFD, 0x00, 0x0D, 0x00, 0x0B, 0xFF, 0xFD, 0x00, 0x0E, 0x00, 0x0C, 
0xFF, 0xFD, 0x00, 0x0F, 0x00, 0x0D, 0xFF, 0xFD, 0x00, 0x10, 0x00, 0x0E, 0xFF, 0xFD, 0x00, 0x11, 0x00, 0x0F, 0xFF, 0xFD, 
0x00, 0x12, 0x00, 0x0F, 0xFF, 0xFC, 0x00, 0x13, 0x00, 0x10, 0xFF, 0xFC, 0x00, 0x14, 0x00, 0x11, 0xFF, 0xFC, 0x00, 0x15, 
0x00, 0x12, 0xFF, 0xFC, 0x00, 0x16, 0x00, 0x13, 0xFF, 0xFC, 0x00, 0x17, 0x00, 0x13, 0xFF, 0xFC, 0x00, 0x18, 0x00, 0x14, 
0xFF, 0xFB, 0x00, 0x19, 0x00, 0x15, 0xFF, 0xFB, 0x00, 0x1A, 0x00, 0x16, 0xFF, 0xFB, 0x00, 0x1B, 0x00, 0x17, 0xFF, 0xFB, 
0x00, 0x1C, 0x00, 0x18, 0xFF, 0xFB, 0x00, 0x1D, 0x00, 0x18, 0xFF, 0xFB, 0x00, 0x1E, 0x00, 0x19, 0xFF, 0xFA, 0x00, 0x1F, 
0x00, 0x1A, 0xFF, 0xFA, 0x00, 0x20, 0x00, 0x1B, 0xFF, 0xFA, 0x00, 0x21, 0x00, 0x1C, 0xFF, 0xFA, 0x00, 0x22, 0x00, 0x1D, 
0xFF, 0xFA, 0x00, 0x23, 0x00, 0x1D, 0xFF, 0xFA, 0x00, 0x24, 0x00, 0x1E, 0xFF, 0xF9, 0x00, 0x25, 0x00, 0x1F, 0xFF, 0xF9, 
0x00, 0x26, 0x00, 0x20, 0xFF, 0xF9, 0x00, 0x27, 0x00, 0x21, 0xFF, 0xF9, 0x00, 0x28, 0x00, 0x21, 0xFF, 0xF9, 0x00, 0x29, 
0x00, 0x22, 0xFF, 0xF9, 0x00, 0x2A, 0x00, 0x23, 0xFF, 0xF8, 0x00, 0x2B, 0x00, 0x24, 0xFF, 0xF8, 0x00, 0x2C, 0x00, 0x25, 
0xFF, 0xF8, 0x00, 0x2D, 0x00, 0x26, 0xFF, 0xF8, 0x00, 0x2E, 0x00, 0x26, 0xFF, 0xF8, 0x00, 0x2F, 0x00, 0x27, 0xFF, 0xF8, 
0x00, 0x30, 0x00, 0x28, 0xFF, 0xF7, 0x00, 0x31, 0x00, 0x29, 0xFF, 0xF7, 0x00, 0x32, 0x00, 0x2A, 0xFF, 0xF7, 0x00, 0x33, 
0x00, 0x2B, 0xFF, 0xF7, 0x00, 0x34, 0x00, 0x2B, 0xFF, 0xF7, 0x00, 0x35, 0x00, 0x2C, 0xFF, 0xF6, 0x00, 0x36, 0x00, 0x2D, 
0xFF, 0xF6, 0x00, 0x37, 0x00, 0x2E, 0xFF, 0xF6, 0x00, 0x38, 0x00, 0x2F, 0xFF, 0xF6, 0x00, 0x39, 0x00, 0x2F, 0xFF, 0xF6, 
0x00, 0x3A, 0x00, 0x30, 0xFF, 0xF6, 0x00, 0x3B, 0x00, 0x31, 0xFF, 0xF5, 0x00, 0x3C, 0x00, 0x32, 0xFF, 0xF5, 0x00, 0x3D, 
0x00, 0x33, 0xFF, 0xF5, 0x00, 0x3E, 0x00, 0x34, 0xFF, 0xF5, 0x00, 0x3F, 0x00, 0x34, 0xFF, 0xF5, 0x00, 0x40, 0x00, 0x35, 
0xFF, 0xF5, 0x00, 0x41, 0x00, 0x36, 0xFF, 0xF4, 0x00, 0x42, 0x00, 0x37, 0xFF, 0xF4, 0x00, 0x43, 0x00, 0x38, 0xFF, 0xF4, 
0x00, 0x44, 0x00, 0x39, 0xFF, 0xF4, 0x00, 0x45, 0x00, 0x39, 0xFF, 0xF4, 0x00, 0x46, 0x00, 0x3A, 0xFF, 0xF4, 0x00, 0x47, 
0x00, 0x3B, 0xFF, 0xF3, 0x00, 0x48, 0x00, 0x3C, 0xFF, 0xF3, 0x00, 0x49, 0x00, 0x3D, 0xFF, 0xF3, 0x00, 0x4A, 0x00, 0x3D, 
0xFF, 0xF3, 0x00, 0x4B, 0x00, 0x3E, 0xFF, 0xF3, 0x00, 0x4C, 0x00, 0x3F, 0xFF, 0xF3, 0x00, 0x4D, 0x00, 0x40, 0xFF, 0xF2, 
0x00, 0x4E, 0x00, 0x41, 0xFF, 0xF2, 0x00, 0x4F, 0x00, 0x42, 0xFF, 0xF2, 0x00, 0x50, 0x00, 0x42, 0xFF, 0xF2, 0x00, 0x51, 
0x00, 0x43, 0xFF, 0xF2, 0x00, 0x52, 0x00, 0x44, 0xFF, 0xF2, 0x00, 0x53, 0x00, 0x45, 0xFF, 0xF1, 0x00, 0x54, 0x00, 0x46, 
0xFF, 0xF1, 0x00, 0x55, 0x00, 0x47, 0xFF, 0xF1, 0x00, 0x56, 0x00, 0x47, 0xFF, 0xF1, 0x00, 0x57, 0x00, 0x48, 0xFF, 0xF1, 
0x00, 0x58, 0x00, 0x49, 0xFF, 0xF1, 0x00, 0x59, 0x00, 0x4A, 0xFF, 0xF0, 0x00, 0x5A, 0x00, 0x4B, 0xFF, 0xF0, 0x00, 0x5B, 
0x00, 0x4B, 0xFF, 0xF0, 0x00, 0x5C, 0x00, 0x4C, 0xFF, 0xF0, 0x00, 0x5D, 0x00, 0x4D, 0xFF, 0xF0, 0x00, 0x5E, 0x00, 0x4E, 
0xFF, 0xF0, 0x00, 0x5F, 0x00, 0x4F, 0xFF, 0xEF, 0x00, 0x60, 0x00, 0x50, 0xFF, 0xEF, 0x00, 0x61, 0x00, 0x50, 0xFF, 0xEF, 
0x00, 0x62, 0x00, 0x51, 0xFF, 0xEF, 0x00, 0x63, 0x00, 0x52, 0xFF, 0xEF, 0x00, 0x64, 0x00, 0x53, 0xFF, 0xEF, 0x00, 0x65, 
0x00, 0x54, 0xFF, 0xEE, 0x00, 0x66, 0x00, 0x55, 0xFF, 0xEE, 0x00, 0x67, 0x00, 0x55, 0xFF, 0xEE, 0x00, 0x68, 0x00, 0x56, 
0xFF, 0xEE, 0x00, 0x69, 0x00, 0x57, 0xFF, 0xEE, 0x00, 0x6A, 0x00, 0x58, 0xFF, 0xED, 0x00, 0x6B, 0x00, 0x59, 0xFF, 0xED, 
0x00, 0x6C, 0x00, 0x59, 0xFF, 0xED, 0x00, 0x6D, 0x00, 0x5A, 0xFF, 0xED, 0x00, 0x6E, 0x00, 0x5B, 0xFF, 0xED, 0x00, 0x6F, 
0x00, 0x5C, 0xFF, 0xED, 0x00, 0x70, 0x00, 0x5D, 0xFF, 0xEC, 0x00, 0x71, 0x00, 0x5E, 0xFF, 0xEC, 0x00, 0x72, 0x00, 0x5E, 
0xFF, 0xEC, 0x00, 0x73, 0x00, 0x5F, 0xFF, 0xEC, 0x00, 0x74, 0x00, 0x60, 0xFF, 0xEC, 0x00, 0x75, 0x00, 0x61, 0xFF, 0xEC, 
0x00, 0x76, 0x00, 0x62, 0xFF, 0xEB, 0x00, 0x77, 0x00, 0x63, 0xFF, 0xEB, 0x00, 0x78, 0x00, 0x63, 0xFF, 0xEB, 0x00, 0x79, 
0x00, 0x64, 0xFF, 0xEB, 0x00, 0x7A, 0x00, 0x65, 0xFF, 0xEB, 0x00, 0x7B, 0x00, 0x66, 0xFF, 0xEB, 0x00, 0x7C, 0x00, 0x67, 
0xFF, 0xEA, 0x00, 0x7D, 0x00, 0x67, 0xFF, 0xEA, 0x00, 0x7E, 0x00, 0x68, 0xFF, 0xEA, 0x00, 0x7F, 0x00, 0x69, 0xFF, 0xEA, 
0x00, 0x80, 0x00, 0x6A, 0xFF, 0xEA, 0x00, 0x81, 0x00, 0x6B, 0xFF, 0xEA, 0x00, 0x82, 0x00, 0x6C, 0xFF, 0xE9, 0x00, 0x83, 
0x00, 0x6C, 0xFF, 0xE9, 0x00, 0x84, 0x00, 0x6D, 0xFF, 0xE9, 0x00, 0x85, 0x00, 0x6E, 0xFF, 0xE9, 0x00, 0x86, 0x00, 0x6F, 
0xFF, 0xE9, 0x00, 0x87, 0x00, 0x70, 0xFF, 0xE9, 0x00, 0x88, 0x00, 0x71, 0xFF, 0xE8, 0x00, 0x89, 0x00, 0x71, 0xFF, 0xE8, 
0x00, 0x8A, 0x00, 0x72, 0xFF, 0xE8, 0x00, 0x8B, 0x00, 0x73, 0xFF, 0xE8, 0x00, 0x8C, 0x00, 0x74, 0xFF, 0xE8, 0x00, 0x8D, 
0x00, 0x75, 0xFF, 0xE8, 0x00, 0x8E, 0x00, 0x76, 0xFF, 0xE7, 0x00, 0x8F, 0x00, 0x76, 0xFF, 0xE7, 0x00, 0x90, 0x00, 0x77, 
0xFF, 0xE7, 0x00, 0x91, 0x00, 0x78, 0xFF, 0xE7, 0x00, 0x92, 0x00, 0x79, 0xFF, 0xE7, 0x00, 0x93, 0x00, 0x7A, 0xFF, 0xE7, 
0x00, 0x94, 0x00, 0x7A, 0xFF, 0xE6, 0x00, 0x95, 0x00, 0x7B, 0xFF, 0xE6, 0x00, 0x96, 0x00, 0x7C, 0xFF, 0xE6, 0x00, 0x97, 
0x00, 0x7D, 0xFF, 0xE6, 0x00, 0x98, 0x00, 0x7E, 0xFF, 0xE6, 0x00, 0x99, 0x00, 0x7F, 0xFF, 0xE5, 0x00, 0x9A, 0x00, 0x7F, 
0xFF, 0xE5, 0x00, 0x9B, 0x00, 0x80, 0xFF, 0xE5, 0x00, 0x9C, 0x00, 0x81, 0xFF, 0xE5, 0x00, 0x9D, 0x00, 0x82, 0xFF, 0xE5, 
0x00, 0x9E, 0x00, 0x83, 0xFF, 0xE5, 0x00, 0x9F, 0x00, 0x84, 0xFF, 0xE4, 0x00, 0xA0, 0x00, 0x84, 0xFF, 0xE4, 0x00, 0xA1, 
0x00, 0x85, 0xFF, 0xE4, 0x00, 0xA2, 0x00, 0x86, 0xFF, 0xE4, 0x00, 0xA3, 0x00, 0x87, 0xFF, 0xE4, 0x00, 0xA4, 0x00, 0x88, 
0xFF, 0xE4, 0x00, 0xA5, 0x00, 0x88, 0xFF, 0xE3, 0x00, 0xA6, 0x00, 0x89, 0xFF, 0xE3, 0x00, 0xA7, 0x00, 0x8A, 0xFF, 0xE3, 
0x00, 0xA8, 0x00, 0x8B, 0xFF, 0xE3, 0x00, 0xA9, 0x00, 0x8C, 0xFF, 0xE3, 0x00, 0xAA, 0x00, 0x8D, 0xFF, 0xE3, 0x00, 0xAB, 
0x00, 0x8D, 0xFF, 0xE2, 0x00, 0xAC, 0x00, 0x8E, 0xFF, 0xE2, 0x00, 0xAD, 0x00, 0x8F, 0xFF, 0xE2, 0x00, 0xAE, 0x00, 0x90, 
0xFF, 0xE2, 0x00, 0xAF, 0x00, 0x91, 0xFF, 0xE2, 0x00, 0xB0, 0x00, 0x92, 0xFF, 0xE2, 0x00, 0xB1, 0x00, 0x92, 0xFF, 0xE1, 
0x00, 0xB2, 0x00, 0x93, 0xFF, 0xE1, 0x00, 0xB3, 0x00, 0x94, 0xFF, 0xE1, 0x00, 0xB4, 0x00, 0x95, 0xFF, 0xE1, 0x00, 0xB5, 
0x00, 0x96, 0xFF, 0xE1, 0x00, 0xB6, 0x00, 0x96, 0xFF, 0xE1, 0x00, 0xB7, 0x00, 0x97, 0xFF, 0xE0, 0x00, 0xB8, 0x00, 0x98, 
0xFF, 0xE0, 0x00, 0xB9, 0x00, 0x99, 0xFF, 0xE0, 0x00, 0xBA, 0x00, 0x9A, 0xFF, 0xE0, 0x00, 0xBB, 0x00, 0x9B, 0xFF, 0xE0, 
0x00, 0xBC, 0x00, 0x9B, 0xFF, 0xE0, 0x00, 0xBD, 0x00, 0x9C, 0xFF, 0xDF, 0x00, 0xBE, 0x00, 0x9D, 0xFF, 0xDF, 0x00, 0xBF, 
0x00, 0x9E, 0xFF, 0xDF, 0x00, 0xC0, 0x00, 0x9F, 0xFF, 0xDF, 0x00, 0xC1, 0x00, 0xA0, 0xFF, 0xDF, 0x00, 0xC2, 0x00, 0xA0, 
0xFF, 0xDF, 0x00, 0xC3, 0x00, 0xA1, 0xFF, 0xDE, 0x00, 0xC4, 0x00, 0xA2, 0xFF, 0xDE, 0x00, 0xC5, 0x00, 0xA3, 0xFF, 0xDE, 
0x00, 0xC6, 0x00, 0xA4, 0xFF, 0xDE, 0x00, 0xC7, 0x00, 0xA4, 0xFF, 0xDE, 0x00, 0xC8, 0x00, 0xA5, 0xFF, 0xDE, 0x00, 0xC9, 
0x00, 0xA6, 0xFF, 0xDD, 0x00, 0xCA, 0x00, 0xA7, 0xFF, 0xDD, 0x00, 0xCB, 0x00, 0xA8, 0xFF, 0xDD, 0x00, 0xCC, 0x00, 0xA9, 
0xFF, 0xDD, 0x00, 0xCD, 0x00, 0xA9, 0xFF, 0xDD, 0x00, 0xCE, 0x00, 0xAA, 0xFF, 0xDC, 0x00, 0xCF, 0x00, 0xAB, 0xFF, 0xDC, 
0x00, 0xD0, 0x00, 0xAC, 0xFF, 0xDC, 0x00, 0xD1, 0x00, 0xAD, 0xFF, 0xDC, 0x00, 0xD2, 0x00, 0xAE, 0xFF, 0xDC, 0x00, 0xD3, 
0x00, 0xAE, 0xFF, 0xDC, 0x00, 0xD4, 0x00, 0xAF, 0xFF, 0xDB, 0x00, 0xD5, 0x00, 0xB0, 0xFF, 0xDB, 0x00, 0xD6, 0x00, 0xB1, 
0xFF, 0xDB, 0x00, 0xD7, 0x00, 0xB2, 0xFF, 0xDB, 0x00, 0xD8, 0x00, 0xB2, 0xFF, 0xDB, 0x00, 0xD9, 0x00, 0xB3, 0xFF, 0xDB, 
0x00, 0xDA, 0x00, 0xB4, 0xFF, 0xDA, 0x00, 0xDB, 0x00, 0xB5, 0xFF, 0xDA, 0x00, 0xDC, 0x00, 0xB6, 0xFF, 0xDA, 0x00, 0xDD, 
0x00, 0xB7, 0xFF, 0xDA, 0x00, 0xDE, 0x00, 0xB7, 0xFF, 0xDA, 0x00, 0xDF, 0x00, 0xB8, 0xFF, 0xDA, 0x00, 0xE0, 0x00, 0xB9, 
0xFF, 0xD9, 0x00, 0xE1, 0x00, 0xBA, 0xFF, 0xD9, 0x00, 0xE2, 0x00, 0xBB, 0xFF, 0xD9, 0x00, 0xE3, 0x00, 0xBC, 0xFF, 0xD9, 
0x00, 0xE4, 0x00, 0xBC, 0xFF, 0xD9, 0x00, 0xE5, 0x00, 0xBD, 0xFF, 0xD9, 0x00, 0xE6, 0x00, 0xBE, 0xFF, 0xD8, 0x00, 0xE7, 
0x00, 0xBF, 0xFF, 0xD8, 0x00, 0xE8, 0x00, 0xC0, 0xFF, 0xD8, 0x00, 0xE9, 0x00, 0xC0, 0xFF, 0xD8, 0x00, 0xEA, 0x00, 0xC1, 
0xFF, 0xD8, 0x00, 0xEB, 0x00, 0xC2, 0xFF, 0xD8, 0x00, 0xEC, 0x00, 0xC3, 0xFF, 0xD7, 0x00, 0xED, 0x00, 0xC4, 0xFF, 0xD7, 
0x00, 0xEE, 0x00, 0xC5, 0xFF, 0xD7, 0x00, 0xEF, 0x00, 0xC5, 0xFF, 0xD7, 0x00, 0xF0, 0x00, 0xC6, 0xFF, 0xD7, 0x00, 0xF1, 
0x00, 0xC7, 0xFF, 0xD7, 0x00, 0xF2, 0x00, 0xC8, 0xFF, 0xD6, 0x00, 0xF3, 0x00, 0xC9, 0xFF, 0xD6, 0x00, 0xF4, 0x00, 0xCA, 
0xFF, 0xD6, 0x00, 0xF5, 0x00, 0xCA, 0xFF, 0xD6, 0x00, 0xF6, 0x00, 0xCB, 0xFF, 0xD6, 0x00, 0xF7, 0x00, 0xCC, 0xFF, 0xD6, 
0x00, 0xF8, 0x00, 0xCD, 0xFF, 0xD5, 0x00, 0xF9, 0x00, 0xCE, 0xFF, 0xD5, 0x00, 0xFA, 0x00, 0xCE, 0xFF, 0xD5, 0x00, 0xFB, 
0x00, 0xCF, 0xFF, 0xD5, 0x00, 0xFC, 0x00, 0xD0, 0xFF, 0xD5, 0x00, 0xFD, 0x00, 0xD1, 0xFF, 0xD4, 0x00, 0xFE, 0x00, 0xD2, 
0xFF, 0xD4, 0x00, 0xFF, 0x00, 0xD3, 0xFF, 0xD4, 0x00, 0x00, 0x00, 0x02, 0x00, 0x01, 0x00, 0x00, 0x00, 0x00, 0x00, 0x14, 
0x00, 0x03, 0x00, 0x01, 0x00, 0x00, 0x01, 0x1A, 0x00, 0x00, 0x01, 0x06, 0x00, 0x00, 0x01, 0x00, 0x00, 0x00, 0x00, 0x00, 
0x00, 0x00, 0x01, 0x03, 0x00, 0x00, 0x00, 0x03, 0x00, 0x00, 0x00, 0x00, 0x00, 0x00, 0x00, 0x00, 0x00, 0x00, 0x00, 0x00, 
0x00, 0x00, 0x00, 0x01, 0x00, 0x00, 0x03, 0x04, 0x05, 0x06, 0x07, 0x08, 0x09, 0x0A, 0x0B, 0x0C, 0x0D, 0x0E, 0x0F, 0x10, 
0x11, 0x12, 0x13, 0x14, 0x15, 0x16, 0x17, 0x18, 0x19, 0x1A, 0x1B, 0x1C, 0x1D, 0x1E, 0x1F, 0x20, 0x21, 0x22, 0x23, 0x24, 
0x25, 0x26, 0x27, 0x28, 0x29, 0x2A, 0x2B, 0x2C, 0x2D, 0x2E, 0x2F, 0x30, 0x31, 0x32, 0x33, 0x34, 0x35, 0x36, 0x37, 0x38, 
0x39, 0x3A, 0x3B, 0x3C, 0x3D, 0x3E, 0x3F, 0x40, 0x41, 0x42, 0x43, 0x44, 0x45, 0x46, 0x47, 0x48, 0x49, 0x4A, 0x4B, 0x4C, 
0x4D, 0x4E, 0x4F, 0x50, 0x51, 0x52, 0x53, 0x54, 0x55, 0x56, 0x57, 0x58, 0x59, 0x5A, 0x5B, 0x5C, 0x5D, 0x5E, 0x5F, 0x60, 
0x61, 0x00, 0xA1, 0xA2, 0xA4, 0xA6, 0xAE, 0xB3, 0xB9, 0xBE, 0xBD, 0xBF, 0xC1, 0xC0, 0xC2, 0xC4, 0xC6, 0xC5, 0xC7, 0xC8, 
0xCA, 0xC9, 0xCB, 0xCC, 0xCE, 0xD0, 0xCF, 0xD1, 0xD3, 0xD2, 0xD7, 0xD6, 0xD8, 0xD9, 0x68, 0x8D, 0x7F, 0x80, 0x84, 0x74, 
0x93, 0xBC, 0x8B, 0x86, 0x78, 0x91, 0x85, 0x00, 0xA3, 0xB5, 0x00, 0x8E, 0x00, 0x00, 0x82, 0x92, 0x00, 0x00, 0x00, 0x00, 
0x00, 0x87, 0x97, 0x00, 0xC3, 0xD5, 0x9C, 0x7E, 0x89, 0x00, 0x65, 0x00, 0x00, 0x88, 0x98, 0x67, 0x03, 0x9D, 0xA0, 0xB2, 
0x6E, 0x7B, 0x75, 0x76, 0x72, 0x73, 0x70, 0x71, 0xD4, 0x00, 0xDC, 0x7D, 0x00, 0x81, 0x6D, 0x7A, 0x00, 0x00, 0x69, 0x94, 
0x64, 0x66, 0x6B, 0x9F, 0xA7, 0x9E, 0xA8, 0xA5, 0xAA, 0xAB, 0xAC, 0xA9, 0xB0, 0xB1, 0x00, 0xAF, 0xB7, 0xB8, 0xB6, 0x00, 
0x6A, 0x77, 0x8C, 0x00, 0x00, 0x00, 0x95, 0x00, 0x00, 0x00, 0x00, 0x04, 0x00, 0xE4, 0x00, 0x00, 0x00, 0x2C, 0x00, 0x20, 
0x00, 0x04, 0x00, 0x0C, 0x00, 0x80, 0x00, 0x8E, 0x00, 0x9E, 0x00, 0xA0, 0x00, 0xFF, 0x01, 0x53, 0x01, 0x61, 0x01, 0x78, 
0x01, 0x7E, 0x01, 0x92, 0x02, 0xC6, 0x02, 0xDC, 0x20, 0x14, 0x20, 0x1A, 0x20, 0x1E, 0x20, 0x22, 0x20, 0x26, 0x20, 0x30, 
0x20, 0x3A, 0x20, 0xAC, 0x21, 0x22, 0xFF, 0xFF, 0x00, 0x00, 0x00, 0x20, 0x00, 0x8E, 0x00, 0x9E, 0x00, 0xA0, 0x00, 0xA1, 
0x01, 0x52, 0x01, 0x60, 0x01, 0x78, 0x01, 0x7D, 0x01, 0x92, 0x02, 0xC6, 0x02, 0xDC, 0x20, 0x13, 0x20, 0x18, 0x20, 0x1C, 
0x20, 0x20, 0x20, 0x26, 0x20, 0x30, 0x20, 0x39, 0x20, 0xAC, 0x21, 0x22, 0xFF, 0xFF, 0xFF, 0xE3, 0xFF, 0xE1, 0xFF, 0xDE, 
0x00, 0x00, 0xFF, 0xDD, 0x00, 0x00, 0x00, 0x00, 0xFF, 0x05, 0x00, 0x00, 0xFE, 0xD3, 0xFD, 0xA4, 0xFD, 0x9B, 0xE0, 0x62, 
0x00, 0x00, 0x00, 0x00, 0x00, 0x00, 0xE0, 0x41, 0xE0, 0x3B, 0x00, 0x00, 0xDF, 0xB7, 0xDF, 0x56, 0x00, 0x01, 0x00, 0x00, 
0x00, 0x00, 0x00, 0x00, 0x00, 0x26, 0x00, 0x00, 0x00, 0x24, 0x00, 0x26, 0x00, 0x00, 0x00, 0x26, 0x00, 0x00, 0x00, 0x00, 
0x00, 0x00, 0x00, 0x00, 0x00, 0x20, 0x00, 0x24, 0x00, 0x28, 0x00, 0x00, 0x00, 0x00, 0x00, 0x28, 0x00, 0x00, 0x00, 0x00, 
0x00, 0x00, 0x00, 0x03, 0x00, 0x6E, 0x00, 0x7B, 0x00, 0x6C, 0x00, 0x79, 0x00, 0x6F, 0x00, 0x7C, 0x00, 0x70, 0x00, 0x71, 
0x00, 0x64, 0x00, 0x72, 0x00, 0x73, 0x00, 0x66, 0x00, 0x68, 0x00, 0x69, 0x00, 0x74, 0x00, 0x6D, 0x00, 0x7A, 0x00, 0x00, 
0x00, 0x02, 0x00, 0x21, 0x00, 0x00, 0x03, 0xDE, 0x01, 0xF3, 0x00, 0x0C, 0x00, 0x12, 0x00, 0x00, 0x21, 0x35, 0x21, 0x35, 
0x21, 0x35, 0x27, 0x21, 0x15, 0x21, 0x17, 0x21, 0x11, 0x01, 0x21, 0x15, 0x33, 0x11, 0x33, 0x02, 0x74, 0xFE, 0x7E, 0x01, 
0x83, 0x61, 0xFE, 0x0E, 0x01, 0x4F, 0x1D, 0xFE, 0x93, 0x03, 0xBD, 0xFE, 0xC3, 0x6B, 0xD2, 0x80, 0x3F, 0x77, 0xBD, 0x80, 
0x3E, 0xFE, 0xCB, 0x01, 0xF3, 0x80, 0xFE, 0x8D, 0x00, 0x02, 0x00, 0x77, 0x00, 0x00, 0x02, 0x10, 0x02, 0x86, 0x00, 0x04, 
0x00, 0x08, 0x00, 0x00, 0x01, 0x03, 0x21, 0x13, 0x27, 0x03, 0x37, 0x21, 0x07, 0x02, 0x10, 0x55, 0xFE, 0xF1, 0x41, 0x5F, 
0x17, 0x22, 0x01, 0x11, 0x22, 0x02, 0x86, 0xFE, 0x6D, 0x01, 0x33, 0x60, 0xFD, 0x7A, 0xA0, 0xA0, 0x00, 0x02, 0x00, 0x8F, 
0x01, 0x72, 0x02, 0xFB, 0x02, 0x86, 0x00, 0x06, 0x00, 0x0D, 0x00, 0x00, 0x13, 0x33, 0x07, 0x33, 0x3F, 0x01, 0x21, 0x05, 
0x33, 0x07, 0x33, 0x3F, 0x01, 0x21, 0x8F, 0x81, 0x18, 0x2F, 0x79, 0x22, 0xFE, 0xEF, 0x01, 0x17, 0x81, 0x18, 0x2F, 0x79, 
0x22, 0xFE, 0xEF, 0x01, 0xE5, 0x73, 0x73, 0xA0, 0x9F, 0x73, 0x73, 0xA0, 0x00, 0x02, 0x00, 0x45, 0x00, 0x00, 0x04, 0x65, 
0x02, 0x86, 0x00, 0x1B, 0x00, 0x1F, 0x00, 0x00, 0x01, 0x07, 0x23, 0x37, 0x21, 0x07, 0x23, 0x07, 0x33, 0x07, 0x23, 0x07, 
0x33, 0x07, 0x21, 0x37, 0x33, 0x07, 0x21, 0x37, 0x33, 0x37, 0x23, 0x37, 0x33, 0x37, 0x23, 0x37, 0x01, 0x33, 0x07, 0x23, 
0x02, 0xF5, 0x1D, 0xB8, 0x1D, 0xFE, 0xF1, 0x1D, 0x7D, 0x22, 0x7D, 0x0B, 0x7D, 0x22, 0x7D, 0x1D, 0x01, 0x0F, 0x1D, 0xB8, 
0x1D, 0x01, 0x0F, 0x1D, 0x7E, 0x22, 0x7E, 0x0B, 0x7E, 0x22, 0x7E, 0x1D, 0xFD, 0xFA, 0xB8, 0x0B, 0xB8, 0x02, 0x86, 0x8B, 
0x8B, 0x8B, 0xA0, 0x32, 0xA0, 0x89, 0x89, 0x89, 0x89, 0xA0, 0x32, 0xA0, 0x8B, 0xFE, 0xD5, 0x32, 0x00, 0x01, 0x00, 0x78, 
0xFF, 0x56, 0x04, 0x40, 0x03, 0x30, 0x00, 0x14, 0x00, 0x00, 0x01, 0x07, 0x21, 0x17, 0x03, 0x21, 0x07, 0x21, 0x07, 0x21, 
0x07, 0x21, 0x37, 0x21, 0x13, 0x21, 0x37, 0x21, 0x37, 0x21, 0x37, 0x02, 0x3E, 0x24, 0xFE, 0x74, 0x5F, 0x41, 0x02, 0x30, 
0x12, 0xFD, 0xD0, 0x22, 0x01, 0x19, 0x24, 0x01, 0x0F, 0x24, 0x01, 0x17, 0x56, 0xFD, 0xD0, 0x11, 0x02, 0x30, 0x22, 0xFE, 
0xE9, 0x24, 0x03, 0x30, 0xAA, 0x60, 0xFE, 0xCD, 0x53, 0xA0, 0xAA, 0xAA, 0x01, 0x93, 0x52, 0xA1, 0xAA, 0x00, 0x00, 0x03, 
0x00, 0x2B, 0x00, 0x00, 0x03, 0xF4, 0x02, 0x86, 0x00, 0x0E, 0x00, 0x12, 0x00, 0x16, 0x00, 0x00, 0x13, 0x03, 0x21, 0x01, 
0x21, 0x37, 0x07, 0x21, 0x13, 0x21, 0x01, 0x21, 0x07, 0x37, 0x21, 0x01, 0x33, 0x07, 0x23, 0x01, 0x33, 0x07, 0x23, 0xBE, 
0x3A, 0x01, 0x04, 0xFE, 0xA3, 0x01, 0x0F, 0xA3, 0x20, 0x01, 0xA0, 0x45, 0xFE, 0xF5, 0x01, 0x5D, 0xFE, 0xF1, 0x9B, 0x1E, 
0xFE, 0x26, 0x02, 0x05, 0x49, 0x11, 0x49, 0xFE, 0xD8, 0x49, 0x12, 0x49, 0x02, 0x56, 0xFE, 0xED, 0xFE, 0xBD, 0x97, 0x97, 
0x01, 0x43, 0x01, 0x43, 0x90, 0x90, 0xFE, 0x44, 0x51, 0x01, 0x94, 0x51, 0x00, 0x02, 0x00, 0x78, 0x00, 0x00, 0x04, 0x57, 
0x02, 0x86, 0x00, 0x0A, 0x00, 0x0E, 0x00, 0x00, 0x01, 0x21, 0x37, 0x21, 0x17, 0x03, 0x21, 0x37, 0x33, 0x37, 0x21, 0x07, 
0x33, 0x07, 0x23, 0x01, 0xEE, 0x01, 0xB4, 0x22, 0xFC, 0xCA, 0x5F, 0x75, 0x03, 0x17, 0x34, 0x72, 0x22, 0xFD, 0x86, 0x22, 
0xF9, 0x12, 0xF9, 0x01, 0xE5, 0xA1, 0x60, 0xFD, 0xDA, 0xF3, 0xA0, 0xA0, 0x53, 0x00, 0x00, 0x01, 0x00, 0x8F, 0x01, 0x72, 
0x01, 0xC2, 0x02, 0x85, 0x00, 0x06, 0x00, 0x00, 0x13, 0x33, 0x07, 0x33, 0x3F, 0x01, 0x21, 0x8F, 0x81, 0x18, 0x2F, 0x79, 
0x22, 0xFE, 0xEF, 0x01, 0xE5, 0x73, 0x73, 0xA0, 0x00, 0x01, 0x00, 0x28, 0x00, 0x00, 0x02, 0x83, 0x02, 0x86, 0x00, 0x07, 
0x00, 0x00, 0x01, 0x03, 0x33, 0x07, 0x21, 0x13, 0x21, 0x07, 0x01, 0x9E, 0x45, 0xC3, 0x22, 0xFE, 0x2E, 0x89, 0x01, 0xD2, 
0x22, 0x01, 0xE5, 0xFE, 0xBB, 0xA0, 0x02, 0x86, 0xA1, 0x00, 0x00, 0x01, 0x00, 0x28, 0x00, 0x00, 0x02, 0x83, 0x02, 0x86, 
0x00, 0x07, 0x00, 0x00, 0x01, 0x03, 0x23, 0x07, 0x21, 0x13, 0x21, 0x07, 0x01, 0x52, 0x45, 0xC3, 0x22, 0x01, 0xD2, 0x89, 
0xFE, 0x2E, 0x22, 0x01, 0xE5, 0xFE, 0xBB, 0xA0, 0x02, 0x86, 0xA1, 0x00, 0x00, 0x01, 0x00, 0xA0, 0x02, 0x34, 0x01, 0xD3, 
0x02, 0xD4, 0x00, 0x03, 0x00, 0x00, 0x13, 0x21, 0x37, 0x21, 0xA0, 0x01, 0x11, 0x22, 0xFE, 0xEF, 0x02, 0x34, 0xA0, 0x00, 
0x00, 0x01, 0x00, 0x5C, 0x00, 0x57, 0x02, 0x55, 0x02, 0x2E, 0x00, 0x0B, 0x00, 0x00, 0x01, 0x23, 0x07, 0x23, 0x07, 0x33, 
0x07, 0x33, 0x37, 0x33, 0x37, 0x23, 0x01, 0xDA, 0xA0, 0x21, 0x9B, 0x22, 0x9B, 0x22, 0xA0, 0x22, 0x9C, 0x22, 0x9C, 0x02, 
0x2E, 0x9B, 0xA0, 0x9C, 0x9C, 0xA0, 0x00, 0x01, 0x00, 0x28, 0xFF, 0x8D, 0x01, 0x5B, 0x00, 0xA0, 0x00, 0x06, 0x00, 0x00, 
0x3B, 0x01, 0x07, 0x33, 0x3F, 0x01, 0x21, 0x28, 0x81, 0x18, 0x2F, 0x79, 0x22, 0xFE, 0xEF, 0x73, 0x73, 0xA0, 0x00, 0x01, 
0x00, 0x5C, 0x00, 0xF3, 0x02, 0x55, 0x01, 0x93, 0x00, 0x03, 0x00, 0x00, 0x13, 0x21, 0x07, 0x21, 0x7E, 0x01, 0xD7, 0x22, 
0xFE, 0x29, 0x01, 0x93, 0xA0, 0x00, 0x00, 0x01, 0x00, 0x28, 0x00, 0x00, 0x01, 0x5B, 0x00, 0xA0, 0x00, 0x03, 0x00, 0x00, 
0x33, 0x37, 0x21, 0x07, 0x28, 0x22, 0x01, 0x11, 0x22, 0xA0, 0xA0, 0x00, 0x00, 0x01, 0x00, 0x28, 0x00, 0x00, 0x03, 0xF1, 
0x02, 0x86, 0x00, 0x03, 0x00, 0x00, 0x01, 0x21, 0x01, 0x21, 0x02, 0xE2, 0x01, 0x0F, 0xFD, 0x46, 0xFE, 0xF1, 0x02, 0x86, 
0xFD, 0x7A, 0x00, 0x02, 0x00, 0x78, 0x00, 0x00, 0x04, 0x41, 0x02, 0x86, 0x00, 0x04, 0x00, 0x08, 0x00, 0x00, 0x13, 0x03, 
0x21, 0x13, 0x21, 0x05, 0x21, 0x03, 0x21, 0xED, 0x75, 0x03, 0x40, 0x89, 0xFC, 0x4D, 0x01, 0x60, 0x01, 0x22, 0x45, 0xFE, 
0xDE, 0x02, 0x26, 0xFD, 0xDA, 0x02, 0x86, 0xA1, 0xFE, 0xBB, 0x00, 0x01, 0x00, 0x3B, 0x00, 0x00, 0x02, 0x10, 0x02, 0x86, 
0x00, 0x08, 0x00, 0x00, 0x33, 0x37, 0x33, 0x13, 0x27, 0x21, 0x03, 0x33, 0x07, 0x3B, 0x22, 0x3D, 0x53, 0x5F, 0x01, 0x82, 
0x67, 0x3D, 0x22, 0xA0, 0x01, 0x86, 0x60, 0xFE, 0x1A, 0xA0, 0x00, 0x01, 0x00, 0x77, 0x00, 0x00, 0x04, 0x42, 0x02, 0x86, 
0x00, 0x0C, 0x00, 0x00, 0x01, 0x03, 0x21, 0x07, 0x21, 0x07, 0x21, 0x13, 0x21, 0x37, 0x21, 0x37, 0x27, 0x04, 0x42, 0x55, 
0xFD, 0xCD, 0x12, 0x02, 0x30, 0x22, 0xFC, 0xC1, 0x56, 0x02, 0x32, 0x11, 0xFD, 0xCF, 0x0E, 0x5F, 0x02, 0x86, 0xFE, 0x6D, 
0x53, 0xA0, 0x01, 0x93, 0x52, 0x41, 0x60, 0x00, 0x00, 0x01, 0x00, 0x77, 0x00, 0x00, 0x04, 0x42, 0x02, 0x86, 0x00, 0x0B, 
0x00, 0x00, 0x01, 0x03, 0x21, 0x37, 0x21, 0x37, 0x21, 0x37, 0x21, 0x37, 0x21, 0x27, 0x04, 0x42, 0x89, 0xFC, 0xBE, 0x22, 
0x02, 0x32, 0x12, 0xFD, 0xCE, 0x22, 0x02, 0x32, 0x11, 0xFE, 0x17, 0x99, 0x02, 0x86, 0xFD, 0x7A, 0xA0, 0x53, 0xA0, 0x52, 
0xA1, 0x00, 0x00, 0x01, 0x00, 0x8E, 0x00, 0x00, 0x04, 0x41, 0x02, 0x86, 0x00, 0x0A, 0x00, 0x00, 0x13, 0x03, 0x21, 0x07, 
0x21, 0x13, 0x21, 0x07, 0x21, 0x37, 0x21, 0xED, 0x41, 0x02, 0x31, 0x34, 0x01, 0x0F, 0x89, 0xFE, 0xF1, 0x33, 0xFE, 0xDE, 
0x33, 0xFE, 0x7E, 0x02, 0x26, 0xFE, 0xCD, 0xF3, 0x02, 0x86, 0xF3, 0xF3, 0x00, 0x01, 0x00, 0x78, 0x00, 0x00, 0x04, 0x0D, 
0x02, 0x86, 0x00, 0x0C, 0x00, 0x00, 0x21, 0x13, 0x21, 0x37, 0x21, 0x37, 0x21, 0x17, 0x03, 0x21, 0x07, 0x21, 0x07, 0x03, 
0xB7, 0x56, 0xFD, 0xD0, 0x11, 0x01, 0x9E, 0x22, 0xFC, 0xE0, 0x5F, 0x41, 0x02, 0x30, 0x12, 0xFD, 0xD0, 0x22, 0x01, 0x93, 
0x52, 0xA1, 0x60, 0xFE, 0xCD, 0x53, 0xA0, 0x00, 0x00, 0x02, 0x00, 0x78, 0x00, 0x00, 0x04, 0x41, 0x02, 0x86, 0x00, 0x08, 
0x00, 0x0C, 0x00, 0x00, 0x01, 0x07, 0x21, 0x03, 0x21, 0x13, 0x27, 0x21, 0x07, 0x05, 0x07, 0x21, 0x37, 0x01, 0xEE, 0x11, 
0x02, 0x31, 0x56, 0xFC, 0xC0, 0x75, 0x5F, 0x03, 0xB3, 0x22, 0xFD, 0x9C, 0x12, 0x01, 0x22, 0x12, 0x01, 0xE5, 0x52, 0xFE, 
0x6D, 0x02, 0x26, 0x60, 0xA1, 0xF2, 0x53, 0x53, 0x00, 0x01, 0x00, 0x77, 0x00, 0x00, 0x04, 0x3F, 0x02, 0x86, 0x00, 0x06, 
0x00, 0x00, 0x01, 0x07, 0x01, 0x21, 0x01, 0x21, 0x27, 0x04, 0x3F, 0x22, 0xFD, 0xCD, 0xFE, 0x8D, 0x02, 0x30, 0xFE, 0x85, 
0x9E, 0x02, 0x86, 0xA1, 0xFE, 0x1B, 0x01, 0xE5, 0xA1, 0x00, 0x00, 0x03, 0x00, 0x78, 0x00, 0x00, 0x04, 0x41, 0x02, 0x86, 
0x00, 0x04, 0x00, 0x08, 0x00, 0x0C, 0x00, 0x00, 0x33, 0x13, 0x27, 0x21, 0x03, 0x01, 0x07, 0x21, 0x37, 0x05, 0x07, 0x21, 
0x37, 0x78, 0x75, 0x5F, 0x03, 0xB3, 0x89, 0xFE, 0x36, 0x11, 0x01, 0x22, 0x11, 0xFE, 0xAB, 0x12, 0x01, 0x22, 0x12, 0x02, 
0x26, 0x60, 0xFD, 0x7A, 0x01, 0xE5, 0x52, 0x52, 0xF2, 0x53, 0x53, 0x00, 0x00, 0x02, 0x00, 0x78, 0x00, 0x00, 0x04, 0x41, 
0x02, 0x86, 0x00, 0x08, 0x00, 0x0C, 0x00, 0x00, 0x25, 0x21, 0x13, 0x27, 0x21, 0x03, 0x21, 0x37, 0x21, 0x03, 0x07, 0x21, 
0x37, 0x02, 0xDD, 0xFD, 0xCF, 0x41, 0x5F, 0x03, 0xB3, 0x89, 0xFC, 0xC0, 0x22, 0x02, 0x31, 0xDD, 0x11, 0x01, 0x22, 0x11, 
0xF3, 0x01, 0x33, 0x60, 0xFD, 0x7A, 0xA0, 0x01, 0x45, 0x52, 0x52, 0x00, 0x00, 0x02, 0x00, 0x29, 0x00, 0x00, 0x01, 0xA0, 
0x01, 0xE5, 0x00, 0x03, 0x00, 0x07, 0x00, 0x00, 0x33, 0x37, 0x21, 0x07, 0x03, 0x37, 0x21, 0x07, 0x29, 0x22, 0x01, 0x11, 
0x22, 0xCD, 0x22, 0x01, 0x11, 0x22, 0xA0, 0xA0, 0x01, 0x45, 0xA0, 0xA0, 0x00, 0x02, 0x00, 0x29, 0xFF, 0x8D, 0x01, 0xA0, 
0x01, 0xE5, 0x00, 0x03, 0x00, 0x0A, 0x00, 0x00, 0x01, 0x37, 0x21, 0x07, 0x03, 0x33, 0x07, 0x33, 0x3F, 0x01, 0x21, 0x01, 
0x7E, 0x22, 0xFE, 0xEF, 0x22, 0x44, 0x81, 0x18, 0x2F, 0x79, 0x22, 0xFE, 0xEF, 0x01, 0x45, 0xA0, 0xA0, 0xFE, 0xBB, 0x73, 
0x73, 0xA0, 0x00, 0x01, 0x00, 0x6D, 0x00, 0x00, 0x02, 0xD9, 0x02, 0x86, 0x00, 0x05, 0x00, 0x00, 0x09, 0x01, 0x13, 0x21, 
0x03, 0x01, 0x01, 0xCA, 0xFE, 0xA3, 0xD4, 0x01, 0x0F, 0xD4, 0x01, 0x5D, 0x02, 0x86, 0xFE, 0xBD, 0xFE, 0xBD, 0x01, 0x43, 
0x01, 0x43, 0x00, 0x02, 0x00, 0x45, 0x00, 0x89, 0x02, 0x9B, 0x01, 0xFB, 0x00, 0x03, 0x00, 0x07, 0x00, 0x00, 0x13, 0x21, 
0x07, 0x21, 0x13, 0x21, 0x07, 0x21, 0x67, 0x02, 0x07, 0x22, 0xFD, 0xF9, 0x4F, 0x02, 0x07, 0x22, 0xFD, 0xF9, 0x01, 0x29, 
0xA0, 0x01, 0x72, 0xA0, 0x00, 0x01, 0x00, 0x28, 0x00, 0x00, 0x02, 0x95, 0x02, 0x86, 0x00, 0x05, 0x00, 0x00, 0x01, 0x13, 
0x01, 0x21, 0x01, 0x03, 0x01, 0xC0, 0xD5, 0xFE, 0xA2, 0xFE, 0xF1, 0x01, 0x5E, 0xD5, 0x02, 0x86, 0xFE, 0xBD, 0xFE, 0xBD, 
0x01, 0x43, 0x01, 0x43, 0x00, 0x02, 0x00, 0x77, 0x00, 0x00, 0x04, 0x42, 0x02, 0x86, 0x00, 0x08, 0x00, 0x0C, 0x00, 0x00, 
0x01, 0x03, 0x21, 0x37, 0x21, 0x37, 0x21, 0x37, 0x27, 0x03, 0x37, 0x21, 0x07, 0x04, 0x42, 0x55, 0xFC, 0xBE, 0x22, 0x02, 
0x32, 0x11, 0xFD, 0xCF, 0x0E, 0x5F, 0x17, 0x22, 0x01, 0x11, 0x22, 0x02, 0x86, 0xFE, 0x6D, 0xA0, 0x52, 0x41, 0x60, 0xFD, 
0x7A, 0xA0, 0xA0, 0x00, 0x00, 0x02, 0x00, 0x15, 0xFF, 0xA5, 0x05, 0x0B, 0x02, 0xDE, 0x00, 0x0D, 0x00, 0x11, 0x00, 0x00, 
0x01, 0x03, 0x23, 0x37, 0x21, 0x03, 0x21, 0x13, 0x21, 0x03, 0x21, 0x37, 0x21, 0x13, 0x17, 0x33, 0x07, 0x23, 0x03, 0xDA, 
0x3E, 0x44, 0x2A, 0xFE, 0x60, 0x44, 0x02, 0xF3, 0x7A, 0xFB, 0xB9, 0xAF, 0x03, 0x38, 0x22, 0xFD, 0xD7, 0x6B, 0xC3, 0x49, 
0x12, 0x49, 0x02, 0x3D, 0xFE, 0xDB, 0xC9, 0xFE, 0xBD, 0x02, 0x40, 0xFC, 0xC7, 0xA0, 0x01, 0xF8, 0xD5, 0x51, 0x00, 0x02, 
0x00, 0x78, 0x00, 0x00, 0x04, 0x41, 0x02, 0x86, 0x00, 0x08, 0x00, 0x0C, 0x00, 0x00, 0x01, 0x03, 0x21, 0x37, 0x21, 0x07, 
0x21, 0x13, 0x27, 0x05, 0x07, 0x21, 0x37, 0x04, 0x41, 0x89, 0xFE, 0xF1, 0x2C, 0xFE, 0xDE, 0x2C, 0xFE, 0xF1, 0x75, 0x5F, 
0x01, 0x60, 0x19, 0x01, 0x22, 0x19, 0x02, 0x86, 0xFD, 0x7A, 0xCF, 0xCF, 0x02, 0x26, 0x60, 0xA1, 0x76, 0x76, 0x00, 0x03, 
0x00, 0x78, 0x00, 0x00, 0x04, 0x41, 0x02, 0x86, 0x00, 0x07, 0x00, 0x0B, 0x00, 0x0F, 0x00, 0x00, 0x33, 0x13, 0x27, 0x21, 
0x0F, 0x01, 0x33, 0x03, 0x25, 0x07, 0x21, 0x37, 0x27, 0x33, 0x37, 0x23, 0x78, 0x75, 0x5F, 0x03, 0xB3, 0x2C, 0xAB, 0x91, 
0x44, 0xFE, 0x04, 0x12, 0x01, 0x21, 0x12, 0xFF, 0x8E, 0x7B, 0xF8, 0x02, 0x26, 0x60, 0xD1, 0x73, 0xFE, 0xBE, 0xF3, 0x53, 
0x53, 0xA0, 0x52, 0x00, 0x00, 0x01, 0x00, 0x78, 0x00, 0x00, 0x04, 0x3E, 0x02, 0x86, 0x00, 0x08, 0x00, 0x00, 0x01, 0x03, 
0x21, 0x07, 0x21, 0x13, 0x27, 0x21, 0x07, 0x01, 0xEE, 0x45, 0x02, 0x2E, 0x22, 0xFC, 0xC3, 0x75, 0x5F, 0x03, 0xB0, 0x22, 
0x01, 0xE5, 0xFE, 0xBB, 0xA0, 0x02, 0x26, 0x60, 0xA1, 0x00, 0x00, 0x02, 0x00, 0x78, 0x00, 0x00, 0x04, 0x41, 0x02, 0x86, 
0x00, 0x05, 0x00, 0x0A, 0x00, 0x00, 0x33, 0x13, 0x27, 0x21, 0x03, 0x05, 0x13, 0x21, 0x03, 0x33, 0x37, 0x78, 0x75, 0x5F, 
0x03, 0xB3, 0x60, 0xFE, 0xDE, 0x51, 0xFE, 0xDE, 0x45, 0x92, 0xAA, 0x02, 0x26, 0x60, 0xFE, 0x3D, 0xC3, 0x01, 0xE5, 0xFE, 
0xBB, 0x78, 0x00, 0x01, 0x00, 0x78, 0x00, 0x00, 0x04, 0x41, 0x02, 0x86, 0x00, 0x0C, 0x00, 0x00, 0x01, 0x07, 0x21, 0x07, 
0x21, 0x07, 0x21, 0x07, 0x21, 0x13, 0x27, 0x21, 0x07, 0x01, 0xEE, 0x11, 0x02, 0x31, 0x22, 0xFD, 0xCF, 0x12, 0x02, 0x31, 
0x22, 0xFC, 0xC0, 0x75, 0x5F, 0x03, 0xB3, 0x22, 0x01, 0xE5, 0x52, 0xA0, 0x53, 0xA0, 0x02, 0x26, 0x60, 0xA1, 0x00, 0x01, 
0x00, 0x78, 0x00, 0x00, 0x04, 0x40, 0x02, 0x86, 0x00, 0x0A, 0x00, 0x00, 0x01, 0x07, 0x21, 0x07, 0x21, 0x07, 0x21, 0x13, 
0x27, 0x21, 0x07, 0x01, 0xEE, 0x11, 0x02, 0x30, 0x22, 0xFD, 0xD0, 0x34, 0xFE, 0xF1, 0x75, 0x5F, 0x03, 0xB2, 0x22, 0x01, 
0xE5, 0x52, 0xA0, 0xF3, 0x02, 0x26, 0x60, 0xA1, 0x00, 0x01, 0x00, 0x78, 0x00, 0x00, 0x04, 0x40, 0x02, 0x86, 0x00, 0x0C, 
0x00, 0x00, 0x29, 0x01, 0x13, 0x27, 0x21, 0x07, 0x21, 0x03, 0x21, 0x37, 0x23, 0x37, 0x21, 0x03, 0xB7, 0xFC, 0xC1, 0x75, 
0x5F, 0x03, 0xB2, 0x22, 0xFD, 0xD0, 0x45, 0x01, 0x21, 0x12, 0x88, 0x22, 0x01, 0x97, 0x02, 0x26, 0x60, 0xA1, 0xFE, 0xBB, 
0x53, 0xA0, 0x00, 0x01, 0x00, 0x78, 0x00, 0x00, 0x04, 0x41, 0x02, 0x86, 0x00, 0x0C, 0x00, 0x00, 0x13, 0x27, 0x21, 0x07, 
0x21, 0x37, 0x21, 0x03, 0x21, 0x37, 0x21, 0x07, 0x21, 0xED, 0x5F, 0x01, 0x82, 0x33, 0x01, 0x22, 0x33, 0x01, 0x0F, 0x89, 
0xFE, 0xF1, 0x34, 0xFE, 0xDE, 0x34, 0xFE, 0xF1, 0x02, 0x26, 0x60, 0xF3, 0xF3, 0xFD, 0x7A, 0xF3, 0xF3, 0x00, 0x00, 0x01, 
0x00, 0x78, 0x00, 0x00, 0x02, 0x10, 0x02, 0x86, 0x00, 0x04, 0x00, 0x00, 0x13, 0x27, 0x21, 0x03, 0x21, 0xED, 0x5F, 0x01, 
0x82, 0x89, 0xFE, 0xF1, 0x02, 0x26, 0x60, 0xFD, 0x7A, 0x00, 0x00, 0x01, 0x00, 0x5B, 0x00, 0x00, 0x04, 0x41, 0x02, 0x86, 
0x00, 0x09, 0x00, 0x00, 0x01, 0x03, 0x21, 0x37, 0x21, 0x17, 0x03, 0x21, 0x13, 0x21, 0x03, 0x1E, 0x53, 0xFE, 0xDE, 0x34, 
0xFE, 0x7E, 0x5E, 0x41, 0x03, 0x40, 0x89, 0xFE, 0x7E, 0x02, 0x26, 0xFE, 0x7A, 0xF3, 0x60, 0xFE, 0xCD, 0x02, 0x86, 0x00, 
0x00, 0x01, 0x00, 0x78, 0x00, 0x00, 0x04, 0x41, 0x02, 0x86, 0x00, 0x11, 0x00, 0x00, 0x13, 0x27, 0x21, 0x07, 0x33, 0x3F, 
0x01, 0x21, 0x0F, 0x01, 0x17, 0x07, 0x21, 0x37, 0x27, 0x23, 0x07, 0x21, 0xED, 0x5F, 0x01, 0x82, 0x33, 0x8E, 0xAD, 0x1A, 
0x01, 0x0F, 0x2C, 0xAB, 0x79, 0x2C, 0xFE, 0xF1, 0x1B, 0x79, 0x8F, 0x34, 0xFE, 0xF1, 0x02, 0x26, 0x60, 0xF3, 0x75, 0x7E, 
0xD1, 0x73, 0x71, 0xD1, 0x7E, 0x75, 0xF3, 0x00, 0x00, 0x01, 0x00, 0x78, 0x00, 0x00, 0x03, 0xAF, 0x02, 0x86, 0x00, 0x06, 
0x00, 0x00, 0x01, 0x03, 0x21, 0x07, 0x21, 0x13, 0x27, 0x02, 0x10, 0x67, 0x02, 0x06, 0x22, 0xFC, 0xEB, 0x75, 0x5F, 0x02, 
0x86, 0xFE, 0x1A, 0xA0, 0x02, 0x26, 0x60, 0x00, 0x00, 0x01, 0x00, 0x78, 0x00, 0x00, 0x05, 0x93, 0x02, 0x86, 0x00, 0x0C, 
0x00, 0x00, 0x13, 0x27, 0x21, 0x03, 0x21, 0x13, 0x23, 0x03, 0x21, 0x13, 0x23, 0x03, 0x21, 0xED, 0x5F, 0x05, 0x05, 0x89, 
0xFE, 0xF1, 0x67, 0xB3, 0x67, 0xFE, 0xF1, 0x67, 0xB2, 0x67, 0xFE, 0xF1, 0x02, 0x26, 0x60, 0xFD, 0x7A, 0x01, 0xE6, 0xFE, 
0x1A, 0x01, 0xE6, 0xFE, 0x1A, 0x00, 0x00, 0x01, 0x00, 0x78, 0x00, 0x00, 0x04, 0x41, 0x02, 0x86, 0x00, 0x0A, 0x00, 0x00, 
0x13, 0x27, 0x21, 0x1B, 0x01, 0x21, 0x03, 0x21, 0x0B, 0x01, 0x21, 0xED, 0x5F, 0x01, 0x7E, 0xE9, 0x3D, 0x01, 0x0F, 0x89, 
0xFE, 0xF5, 0xE9, 0x3D, 0xFE, 0xF1, 0x02, 0x26, 0x60, 0xFE, 0xDF, 0x01, 0x21, 0xFD, 0x7A, 0x01, 0x21, 0xFE, 0xDF, 0x00, 
0x00, 0x02, 0x00, 0x78, 0x00, 0x00, 0x04, 0x41, 0x02, 0x86, 0x00, 0x04, 0x00, 0x08, 0x00, 0x00, 0x13, 0x03, 0x21, 0x13, 
0x21, 0x05, 0x21, 0x03, 0x21, 0xED, 0x75, 0x03, 0x40, 0x89, 0xFC, 0x4D, 0x01, 0x60, 0x01, 0x22, 0x45, 0xFE, 0xDE, 0x02, 
0x26, 0xFD, 0xDA, 0x02, 0x86, 0xA1, 0xFE, 0xBB, 0x00, 0x02, 0x00, 0x78, 0x00, 0x00, 0x04, 0x41, 0x02, 0x86, 0x00, 0x06, 
0x00, 0x0A, 0x00, 0x00, 0x01, 0x03, 0x21, 0x07, 0x21, 0x13, 0x27, 0x05, 0x07, 0x21, 0x37, 0x04, 0x41, 0x5D, 0xFD, 0xCF, 
0x2C, 0xFE, 0xF1, 0x75, 0x5F, 0x01, 0x60, 0x19, 0x01, 0x22, 0x19, 0x02, 0x86, 0xFE, 0x49, 0xCF, 0x02, 0x26, 0x60, 0xA1, 
0x76, 0x76, 0x00, 0x02, 0x00, 0x78, 0xFF, 0x7A, 0x04, 0x41, 0x02, 0x86, 0x00, 0x08, 0x00, 0x0C, 0x00, 0x00, 0x33, 0x13, 
0x27, 0x21, 0x03, 0x23, 0x17, 0x21, 0x27, 0x13, 0x21, 0x03, 0x25, 0x78, 0x75, 0x5F, 0x03, 0xB3, 0x89, 0x54, 0x3D, 0xFE, 
0xF0, 0x3F, 0xBE, 0xFE, 0xDE, 0x45, 0x01, 0x3B, 0x02, 0x26, 0x60, 0xFD, 0x7A, 0x86, 0x86, 0x01, 0xE5, 0xFE, 0xBB, 0x74, 
0x00, 0x02, 0x00, 0x78, 0x00, 0x00, 0x04, 0x41, 0x02, 0x86, 0x00, 0x0A, 0x00, 0x0E, 0x00, 0x00, 0x01, 0x03, 0x23, 0x17, 
0x21, 0x27, 0x23, 0x07, 0x21, 0x13, 0x27, 0x05, 0x07, 0x21, 0x37, 0x04, 0x41, 0x59, 0x95, 0x64, 0xFE, 0xF0, 0x68, 0x88, 
0x30, 0xFE, 0xF1, 0x75, 0x5F, 0x01, 0x60, 0x15, 0x01, 0x22, 0x15, 0x02, 0x86, 0xFE, 0x5A, 0xE0, 0xE0, 0xE0, 0x02, 0x26, 
0x60, 0xA1, 0x65, 0x65, 0x00, 0x01, 0x00, 0x78, 0x00, 0x00, 0x04, 0x40, 0x02, 0x86, 0x00, 0x0C, 0x00, 0x00, 0x29, 0x01, 
0x37, 0x21, 0x37, 0x21, 0x13, 0x27, 0x21, 0x07, 0x21, 0x07, 0x21, 0x03, 0xB7, 0xFC, 0xC1, 0x22, 0x02, 0x30, 0x12, 0xFD, 
0xD0, 0x41, 0x5F, 0x03, 0xB2, 0x22, 0xFD, 0xD0, 0x11, 0x02, 0x30, 0xA0, 0x53, 0x01, 0x33, 0x60, 0xA1, 0x52, 0x00, 0x01, 
0x00, 0x8E, 0x00, 0x00, 0x04, 0x16, 0x02, 0x86, 0x00, 0x07, 0x00, 0x00, 0x01, 0x27, 0x21, 0x07, 0x21, 0x03, 0x21, 0x13, 
0x01, 0x26, 0x98, 0x03, 0x88, 0x22, 0xFE, 0xF6, 0x67, 0xFE, 0xF1, 0x67, 0x01, 0xE5, 0xA1, 0xA1, 0xFE, 0x1B, 0x01, 0xE5, 
0x00, 0x01, 0x00, 0x78, 0x00, 0x00, 0x04, 0x41, 0x02, 0x86, 0x00, 0x08, 0x00, 0x00, 0x13, 0x27, 0x21, 0x03, 0x21, 0x13, 
0x21, 0x03, 0x21, 0xED, 0x5F, 0x01, 0x82, 0x67, 0x01, 0x22, 0x67, 0x01, 0x0F, 0x89, 0xFC, 0xC0, 0x02, 0x26, 0x60, 0xFE, 
0x1A, 0x01, 0xE6, 0xFD, 0x7A, 0x00, 0x00, 0x01, 0x00, 0x9B, 0xFF, 0x79, 0x04, 0x28, 0x02, 0x86, 0x00, 0x0A, 0x00, 0x00, 
0x01, 0x03, 0x09, 0x01, 0x13, 0x27, 0x21, 0x03, 0x17, 0x37, 0x13, 0x04, 0x28, 0x68, 0xFE, 0x25, 0xFE, 0xBD, 0x52, 0x59, 
0x01, 0x73, 0x56, 0x70, 0xA7, 0x55, 0x02, 0x86, 0xFE, 0x3F, 0xFE, 0xB4, 0x01, 0x4C, 0x01, 0x61, 0x60, 0xFE, 0x92, 0x77, 
0x77, 0x01, 0x6E, 0x00, 0x00, 0x01, 0x00, 0x78, 0x00, 0x00, 0x05, 0x93, 0x02, 0x86, 0x00, 0x0C, 0x00, 0x00, 0x33, 0x13, 
0x27, 0x21, 0x03, 0x33, 0x13, 0x21, 0x03, 0x33, 0x13, 0x21, 0x03, 0x78, 0x75, 0x5F, 0x01, 0x82, 0x67, 0xB2, 0x67, 0x01, 
0x0F, 0x67, 0xB3, 0x67, 0x01, 0x0F, 0x89, 0x02, 0x26, 0x60, 0xFE, 0x1A, 0x01, 0xE6, 0xFE, 0x1A, 0x01, 0xE6, 0xFD, 0x7A, 
0x00, 0x01, 0x00, 0x77, 0x00, 0x00, 0x04, 0x41, 0x02, 0x86, 0x00, 0x14, 0x00, 0x00, 0x29, 0x01, 0x37, 0x27, 0x0F, 0x01, 
0x21, 0x3F, 0x01, 0x27, 0x37, 0x27, 0x21, 0x07, 0x17, 0x3F, 0x01, 0x21, 0x0F, 0x01, 0x17, 0x03, 0xB7, 0xFE, 0xF1, 0x1B, 
0x77, 0xAC, 0x1A, 0xFE, 0xF1, 0x2C, 0xAB, 0x79, 0x18, 0x5F, 0x01, 0x82, 0x1A, 0x76, 0xAC, 0x1A, 0x01, 0x0F, 0x2C, 0xAB, 
0x79, 0x7E, 0x76, 0x78, 0x7C, 0xCF, 0x74, 0x74, 0x6F, 0x60, 0x7C, 0x78, 0x76, 0x7E, 0xD1, 0x73, 0x71, 0x00, 0x00, 0x01, 
0x00, 0x8E, 0x00, 0x00, 0x04, 0x41, 0x02, 0x86, 0x00, 0x0D, 0x00, 0x00, 0x01, 0x07, 0x05, 0x07, 0x21, 0x37, 0x27, 0x37, 
0x27, 0x21, 0x07, 0x17, 0x3F, 0x01, 0x04, 0x41, 0x2C, 0xFE, 0xB8, 0x2E, 0xFE, 0xF1, 0x2E, 0xE9, 0x18, 0x5F, 0x01, 0x82, 
0x1A, 0x78, 0xAA, 0x1A, 0x02, 0x86, 0xD1, 0xDE, 0xD7, 0xD7, 0xDE, 0x71, 0x60, 0x7C, 0x77, 0x77, 0x7C, 0x00, 0x00, 0x01, 
0x00, 0x77, 0x00, 0x00, 0x04, 0x3F, 0x02, 0x86, 0x00, 0x09, 0x00, 0x00, 0x01, 0x07, 0x01, 0x21, 0x07, 0x21, 0x37, 0x01, 
0x21, 0x27, 0x04, 0x3F, 0x22, 0xFD, 0xF3, 0x01, 0xC8, 0x22, 0xFC, 0xC1, 0x22, 0x02, 0x0E, 0xFE, 0x85, 0x9E, 0x02, 0x86, 
0xA1, 0xFE, 0xBB, 0xA0, 0xA1, 0x01, 0x44, 0xA1, 0x00, 0x01, 0x00, 0x15, 0xFF, 0xA5, 0x02, 0x96, 0x02, 0xDE, 0x00, 0x07, 
0x00, 0x00, 0x01, 0x03, 0x33, 0x07, 0x21, 0x13, 0x21, 0x07, 0x01, 0xB1, 0x6B, 0xC3, 0x22, 0xFE, 0x2E, 0xAF, 0x01, 0xD2, 
0x22, 0x02, 0x3D, 0xFE, 0x08, 0xA0, 0x03, 0x39, 0xA1, 0x00, 0x00, 0x01, 0x00, 0xB1, 0x00, 0x00, 0x03, 0x68, 0x02, 0x86, 
0x00, 0x03, 0x00, 0x00, 0x01, 0x21, 0x01, 0x21, 0x01, 0xC0, 0xFE, 0xF1, 0x01, 0xA8, 0x01, 0x0F, 0x02, 0x86, 0xFD, 0x7A, 
0x00, 0x01, 0x00, 0x15, 0xFF, 0xA5, 0x02, 0x96, 0x02, 0xDE, 0x00, 0x07, 0x00, 0x00, 0x01, 0x03, 0x23, 0x07, 0x21, 0x13, 
0x21, 0x07, 0x01, 0x65, 0x6B, 0xC3, 0x22, 0x01, 0xD2, 0xAF, 0xFE, 0x2E, 0x22, 0x02, 0x3D, 0xFE, 0x08, 0xA0, 0x03, 0x39, 
0xA1, 0x00, 0x00, 0x01, 0x00, 0x92, 0x01, 0x83, 0x02, 0x51, 0x02, 0xD4, 0x00, 0x05, 0x00, 0x00, 0x01, 0x05, 0x17, 0x37, 
0x17, 0x37, 0x01, 0xA2, 0xFE, 0xF0, 0x59, 0x87, 0x56, 0x89, 0x02, 0xD4, 0xE0, 0x71, 0x6F, 0x6F, 0x71, 0x00, 0x00, 0x01, 
0x00, 0x28, 0x00, 0x00, 0x02, 0x51, 0x00, 0xA0, 0x00, 0x03, 0x00, 0x00, 0x37, 0x21, 0x07, 0x21, 0x4A, 0x02, 0x07, 0x22, 
0xFD, 0xF9, 0xA0, 0xA0, 0x00, 0x01, 0x00, 0xC2, 0x02, 0x58, 0x01, 0xD7, 0x02, 0xD4, 0x00, 0x03, 0x00, 0x00, 0x13, 0x33, 
0x17, 0x23, 0xC2, 0xDA, 0x3B, 0xD7, 0x02, 0xD4, 0x7C, 0x00, 0x00, 0x02, 0x00, 0x78, 0x00, 0x00, 0x04, 0x41, 0x02, 0x86, 
0x00, 0x08, 0x00, 0x0C, 0x00, 0x00, 0x01, 0x03, 0x21, 0x37, 0x21, 0x07, 0x21, 0x13, 0x27, 0x05, 0x07, 0x21, 0x37, 0x04, 
0x41, 0x89, 0xFE, 0xF1, 0x2C, 0xFE, 0xDE, 0x2C, 0xFE, 0xF1, 0x75, 0x5F, 0x01, 0x60, 0x19, 0x01, 0x22, 0x19, 0x02, 0x86, 
0xFD, 0x7A, 0xCF, 0xCF, 0x02, 0x26, 0x60, 0xA1, 0x76, 0x76, 0x00, 0x03, 0x00, 0x78, 0x00, 0x00, 0x04, 0x41, 0x02, 0x86, 
0x00, 0x07, 0x00, 0x0B, 0x00, 0x0F, 0x00, 0x00, 0x33, 0x13, 0x27, 0x21, 0x0F, 0x01, 0x33, 0x03, 0x25, 0x07, 0x21, 0x37, 
0x27, 0x33, 0x37, 0x23, 0x78, 0x75, 0x5F, 0x03, 0xB3, 0x2C, 0xAB, 0x91, 0x44, 0xFE, 0x04, 0x12, 0x01, 0x21, 0x12, 0xFF, 
0x8E, 0x7B, 0xF8, 0x02, 0x26, 0x60, 0xD1, 0x73, 0xFE, 0xBE, 0xF3, 0x53, 0x53, 0xA0, 0x52, 0x00, 0x00, 0x01, 0x00, 0x78, 
0x00, 0x00, 0x04, 0x16, 0x02, 0x86, 0x00, 0x08, 0x00, 0x00, 0x01, 0x03, 0x21, 0x07, 0x21, 0x13, 0x27, 0x21, 0x07, 0x01, 
0xEE, 0x45, 0x02, 0x06, 0x22, 0xFC, 0xEB, 0x75, 0x5F, 0x03, 0x88, 0x22, 0x01, 0xE5, 0xFE, 0xBB, 0xA0, 0x02, 0x26, 0x60, 
0xA1, 0x00, 0x00, 0x02, 0x00, 0x78, 0x00, 0x00, 0x04, 0x41, 0x02, 0x86, 0x00, 0x05, 0x00, 0x0A, 0x00, 0x00, 0x33, 0x13, 
0x27, 0x21, 0x03, 0x05, 0x13, 0x21, 0x03, 0x33, 0x37, 0x78, 0x75, 0x5F, 0x03, 0xB3, 0x60, 0xFE, 0xDE, 0x51, 0xFE, 0xDE, 
0x45, 0x92, 0xAA, 0x02, 0x26, 0x60, 0xFE, 0x3D, 0xC3, 0x01, 0xE5, 0xFE, 0xBB, 0x78, 0x00, 0x01, 0x00, 0x78, 0x00, 0x00, 
0x04, 0x16, 0x02, 0x86, 0x00, 0x0C, 0x00, 0x00, 0x01, 0x07, 0x21, 0x07, 0x21, 0x07, 0x21, 0x07, 0x21, 0x13, 0x27, 0x21, 
0x07, 0x01, 0xEE, 0x11, 0x02, 0x06, 0x22, 0xFD, 0xFA, 0x12, 0x02, 0x06, 0x22, 0xFC, 0xEB, 0x75, 0x5F, 0x03, 0x88, 0x22, 
0x01, 0xE5, 0x52, 0xA0, 0x53, 0xA0, 0x02, 0x26, 0x60, 0xA1, 0x00, 0x01, 0x00, 0x78, 0x00, 0x00, 0x04, 0x16, 0x02, 0x86, 
0x00, 0x0A, 0x00, 0x00, 0x01, 0x07, 0x21, 0x07, 0x21, 0x07, 0x21, 0x13, 0x27, 0x21, 0x07, 0x01, 0xEE, 0x11, 0x02, 0x06, 
0x22, 0xFD, 0xFA, 0x34, 0xFE, 0xF1, 0x75, 0x5F, 0x03, 0x88, 0x22, 0x01, 0xE5, 0x52, 0xA0, 0xF3, 0x02, 0x26, 0x60, 0xA1, 
0x00, 0x01, 0x00, 0x78, 0x00, 0x00, 0x04, 0x40, 0x02, 0x86, 0x00, 0x0C, 0x00, 0x00, 0x29, 0x01, 0x13, 0x27, 0x21, 0x07, 
0x21, 0x03, 0x21, 0x37, 0x23, 0x37, 0x21, 0x03, 0xB7, 0xFC, 0xC1, 0x75, 0x5F, 0x03, 0xB2, 0x22, 0xFD, 0xD0, 0x45, 0x01, 
0x21, 0x12, 0x88, 0x22, 0x01, 0x97, 0x02, 0x26, 0x60, 0xA1, 0xFE, 0xBB, 0x53, 0xA0, 0x00, 0x01, 0x00, 0x78, 0x00, 0x00, 
0x04, 0x41, 0x02, 0x86, 0x00, 0x0C, 0x00, 0x00, 0x13, 0x27, 0x21, 0x07, 0x21, 0x37, 0x21, 0x03, 0x21, 0x37, 0x21, 0x07, 
0x21, 0xED, 0x5F, 0x01, 0x82, 0x33, 0x01, 0x22, 0x33, 0x01, 0x0F, 0x89, 0xFE, 0xF1, 0x34, 0xFE, 0xDE, 0x34, 0xFE, 0xF1, 
0x02, 0x26, 0x60, 0xF3, 0xF3, 0xFD, 0x7A, 0xF3, 0xF3, 0x00, 0x00, 0x01, 0x00, 0x78, 0x00, 0x00, 0x02, 0x10, 0x02, 0x86, 
0x00, 0x04, 0x00, 0x00, 0x13, 0x27, 0x21, 0x03, 0x21, 0xED, 0x5F, 0x01, 0x82, 0x89, 0xFE, 0xF1, 0x02, 0x26, 0x60, 0xFD, 
0x7A, 0x00, 0x00, 0x01, 0x00, 0x5B, 0x00, 0x00, 0x04, 0x41, 0x02, 0x86, 0x00, 0x08, 0x00, 0x00, 0x13, 0x27, 0x21, 0x07, 
0x21, 0x13, 0x21, 0x03, 0x21, 0xB9, 0x5E, 0x01, 0x82, 0x34, 0x01, 0x22, 0x67, 0x01, 0x0F, 0x89, 0xFC, 0xC0, 0x01, 0x33, 
0x60, 0xF3, 0x01, 0xE6, 0xFD, 0x7A, 0x00, 0x01, 0x00, 0x78, 0x00, 0x00, 0x04, 0x41, 0x02, 0x86, 0x00, 0x11, 0x00, 0x00, 
0x13, 0x27, 0x21, 0x07, 0x33, 0x3F, 0x01, 0x21, 0x0F, 0x01, 0x17, 0x07, 0x21, 0x37, 0x27, 0x23, 0x07, 0x21, 0xED, 0x5F, 
0x01, 0x82, 0x33, 0x8E, 0xAD, 0x1A, 0x01, 0x0F, 0x2C, 0xAB, 0x79, 0x2C, 0xFE, 0xF1, 0x1B, 0x79, 0x8F, 0x34, 0xFE, 0xF1, 
0x02, 0x26, 0x60, 0xF3, 0x75, 0x7E, 0xD1, 0x73, 0x71, 0xD1, 0x7E, 0x75, 0xF3, 0x00, 0x00, 0x01, 0x00, 0x78, 0x00, 0x00, 
0x03, 0xAF, 0x02, 0x86, 0x00, 0x06, 0x00, 0x00, 0x01, 0x03, 0x21, 0x07, 0x21, 0x13, 0x27, 0x02, 0x10, 0x67, 0x02, 0x06, 
0x22, 0xFC, 0xEB, 0x75, 0x5F, 0x02, 0x86, 0xFE, 0x1A, 0xA0, 0x02, 0x26, 0x60, 0x00, 0x00, 0x01, 0x00, 0x78, 0x00, 0x00, 
0x05, 0x93, 0x02, 0x86, 0x00, 0x0C, 0x00, 0x00, 0x13, 0x27, 0x21, 0x03, 0x21, 0x13, 0x23, 0x03, 0x21, 0x13, 0x23, 0x03, 
0x21, 0xED, 0x5F, 0x05, 0x05, 0x89, 0xFE, 0xF1, 0x67, 0xB3, 0x67, 0xFE, 0xF1, 0x67, 0xB2, 0x67, 0xFE, 0xF1, 0x02, 0x26, 
0x60, 0xFD, 0x7A, 0x01, 0xE6, 0xFE, 0x1A, 0x01, 0xE6, 0xFE, 0x1A, 0x00, 0x00, 0x01, 0x00, 0x78, 0x00, 0x00, 0x04, 0x41, 
0x02, 0x86, 0x00, 0x0A, 0x00, 0x00, 0x13, 0x27, 0x21, 0x1B, 0x01, 0x21, 0x03, 0x21, 0x0B, 0x01, 0x21, 0xED, 0x5F, 0x01, 
0x77, 0xEE, 0x3F, 0x01, 0x0F, 0x89, 0xFE, 0xFC, 0xEE, 0x3F, 0xFE, 0xF1, 0x02, 0x26, 0x60, 0xFE, 0xD8, 0x01, 0x28, 0xFD, 
0x7A, 0x01, 0x27, 0xFE, 0xD9, 0x00, 0x00, 0x02, 0x00, 0x78, 0x00, 0x00, 0x04, 0x41, 0x02, 0x86, 0x00, 0x04, 0x00, 0x08, 
0x00, 0x00, 0x13, 0x03, 0x21, 0x13, 0x21, 0x05, 0x21, 0x03, 0x21, 0xED, 0x75, 0x03, 0x40, 0x89, 0xFC, 0x4D, 0x01, 0x60, 
0x01, 0x22, 0x45, 0xFE, 0xDE, 0x02, 0x26, 0xFD, 0xDA, 0x02, 0x86, 0xA1, 0xFE, 0xBB, 0x00, 0x02, 0x00, 0x78, 0x00, 0x00, 
0x04, 0x41, 0x02, 0x86, 0x00, 0x06, 0x00, 0x0A, 0x00, 0x00, 0x01, 0x03, 0x21, 0x07, 0x21, 0x13, 0x27, 0x05, 0x07, 0x21, 
0x37, 0x04, 0x41, 0x5D, 0xFD, 0xCF, 0x2C, 0xFE, 0xF1, 0x75, 0x5F, 0x01, 0x60, 0x19, 0x01, 0x22, 0x19, 0x02, 0x86, 0xFE, 
0x49, 0xCF, 0x02, 0x26, 0x60, 0xA1, 0x76, 0x76, 0x00, 0x02, 0x00, 0x78, 0xFF, 0x7A, 0x04, 0x41, 0x02, 0x86, 0x00, 0x08, 
0x00, 0x0C, 0x00, 0x00, 0x33, 0x13, 0x27, 0x21, 0x03, 0x23, 0x17, 0x21, 0x27, 0x13, 0x21, 0x03, 0x25, 0x78, 0x75, 0x5F, 
0x03, 0xB3, 0x89, 0x54, 0x3D, 0xFE, 0xF0, 0x3F, 0xBE, 0xFE, 0xDE, 0x45, 0x01, 0x3B, 0x02, 0x26, 0x60, 0xFD, 0x7A, 0x86, 
0x86, 0x01, 0xE5, 0xFE, 0xBB, 0x74, 0x00, 0x02, 0x00, 0x78, 0x00, 0x00, 0x04, 0x41, 0x02, 0x86, 0x00, 0x0A, 0x00, 0x0E, 
0x00, 0x00, 0x01, 0x03, 0x23, 0x17, 0x21, 0x27, 0x23, 0x07, 0x21, 0x13, 0x27, 0x05, 0x07, 0x21, 0x37, 0x04, 0x41, 0x59, 
0x60, 0x64, 0xFE, 0xF0, 0x68, 0xBD, 0x30, 0xFE, 0xF1, 0x75, 0x5F, 0x01, 0x60, 0x15, 0x01, 0x22, 0x15, 0x02, 0x86, 0xFE, 
0x5A, 0xE0, 0xE0, 0xE0, 0x02, 0x26, 0x60, 0xA1, 0x65, 0x65, 0x00, 0x01, 0x00, 0x78, 0x00, 0x00, 0x04, 0x40, 0x02, 0x86, 
0x00, 0x0C, 0x00, 0x00, 0x29, 0x01, 0x37, 0x21, 0x37, 0x21, 0x13, 0x27, 0x21, 0x07, 0x21, 0x07, 0x21, 0x03, 0xB7, 0xFC, 
0xC1, 0x22, 0x02, 0x30, 0x12, 0xFD, 0xD0, 0x41, 0x5F, 0x03, 0xB2, 0x22, 0xFD, 0xD0, 0x11, 0x02, 0x30, 0xA0, 0x53, 0x01, 
0x33, 0x60, 0xA1, 0x52, 0x00, 0x01, 0x00, 0x8F, 0x00, 0x00, 0x03, 0xF1, 0x02, 0x86, 0x00, 0x07, 0x00, 0x00, 0x13, 0x37, 
0x21, 0x07, 0x21, 0x03, 0x21, 0x13, 0x8F, 0x22, 0x03, 0x40, 0x22, 0xFE, 0xE8, 0x67, 0xFE, 0xF1, 0x67, 0x01, 0xE5, 0xA1, 
0xA1, 0xFE, 0x1B, 0x01, 0xE5, 0x00, 0x00, 0x01, 0x00, 0x78, 0x00, 0x00, 0x04, 0x41, 0x02, 0x86, 0x00, 0x08, 0x00, 0x00, 
0x13, 0x27, 0x21, 0x03, 0x21, 0x13, 0x21, 0x03, 0x21, 0xED, 0x5F, 0x01, 0x82, 0x67, 0x01, 0x22, 0x67, 0x01, 0x0F, 0x89, 
0xFC, 0xC0, 0x02, 0x26, 0x60, 0xFE, 0x1A, 0x01, 0xE6, 0xFD, 0x7A, 0x00, 0x00, 0x01, 0x00, 0x8E, 0x00, 0x00, 0x04, 0x41, 
0x02, 0x86, 0x00, 0x0B, 0x00, 0x00, 0x01, 0x03, 0x05, 0x21, 0x27, 0x13, 0x27, 0x21, 0x03, 0x17, 0x37, 0x13, 0x04, 0x41, 
0x5F, 0xFE, 0xDD, 0xFE, 0xB2, 0xCF, 0x4B, 0x5F, 0x01, 0x82, 0x4D, 0x77, 0xAB, 0x4D, 0x02, 0x86, 0xFE, 0x3F, 0xC5, 0xC5, 
0x01, 0x61, 0x60, 0xFE, 0x92, 0x77, 0x77, 0x01, 0x6E, 0x00, 0x00, 0x01, 0x00, 0x78, 0x00, 0x00, 0x05, 0x93, 0x02, 0x86, 
0x00, 0x0C, 0x00, 0x00, 0x33, 0x13, 0x27, 0x21, 0x03, 0x33, 0x13, 0x21, 0x03, 0x33, 0x13, 0x21, 0x03, 0x78, 0x75, 0x5F, 
0x01, 0x82, 0x67, 0xB2, 0x67, 0x01, 0x0F, 0x67, 0xB3, 0x67, 0x01, 0x0F, 0x89, 0x02, 0x26, 0x60, 0xFE, 0x1A, 0x01, 0xE6, 
0xFE, 0x1A, 0x01, 0xE6, 0xFD, 0x7A, 0x00, 0x01, 0x00, 0x77, 0x00, 0x00, 0x04, 0x41, 0x02, 0x86, 0x00, 0x14, 0x00, 0x00, 
0x29, 0x01, 0x37, 0x27, 0x0F, 0x01, 0x21, 0x3F, 0x01, 0x27, 0x37, 0x27, 0x21, 0x07, 0x17, 0x3F, 0x01, 0x21, 0x0F, 0x01, 
0x17, 0x03, 0xB7, 0xFE, 0xF1, 0x1B, 0x77, 0xAC, 0x1A, 0xFE, 0xF1, 0x2C, 0xAB, 0x79, 0x18, 0x5F, 0x01, 0x82, 0x1A, 0x76, 
0xAC, 0x1A, 0x01, 0x0F, 0x2C, 0xAB, 0x79, 0x7E, 0x76, 0x78, 0x7C, 0xCF, 0x74, 0x74, 0x6F, 0x60, 0x7C, 0x78, 0x76, 0x7E, 
0xD1, 0x73, 0x71, 0x00, 0x00, 0x01, 0x00, 0x8E, 0x00, 0x00, 0x04, 0x41, 0x02, 0x86, 0x00, 0x0D, 0x00, 0x00, 0x01, 0x07, 
0x05, 0x07, 0x21, 0x37, 0x27, 0x37, 0x27, 0x21, 0x07, 0x17, 0x3F, 0x01, 0x04, 0x41, 0x2C, 0xFE, 0xB8, 0x2E, 0xFE, 0xF1, 
0x2E, 0xE9, 0x18, 0x5F, 0x01, 0x82, 0x1A, 0x78, 0xAA, 0x1A, 0x02, 0x86, 0xD1, 0xDE, 0xD7, 0xD7, 0xDE, 0x71, 0x60, 0x7C, 
0x77, 0x77, 0x7C, 0x00, 0x00, 0x01, 0x00, 0x28, 0x00, 0x00, 0x03, 0xF0, 0x02, 0x86, 0x00, 0x09, 0x00, 0x00, 0x01, 0x07, 
0x01, 0x21, 0x07, 0x21, 0x37, 0x01, 0x21, 0x37, 0x03, 0xF0, 0x22, 0xFD, 0xF3, 0x01, 0xC8, 0x22, 0xFC, 0xC1, 0x22, 0x02, 
0x0E, 0xFE, 0x38, 0x22, 0x02, 0x86, 0xA1, 0xFE, 0xBB, 0xA0, 0xA1, 0x01, 0x44, 0xA1, 0x00, 0x01, 0x00, 0x5C, 0xFF, 0xA5, 
0x03, 0x37, 0x02, 0xDE, 0x00, 0x0B, 0x00, 0x00, 0x13, 0x07, 0x33, 0x03, 0x21, 0x37, 0x23, 0x13, 0x33, 0x37, 0x21, 0x03, 
0x7E, 0x22, 0xA1, 0x47, 0x01, 0xD2, 0x22, 0xC3, 0x6B, 0xC3, 0x22, 0xFE, 0x2E, 0x46, 0x01, 0x93, 0xA0, 0xFE, 0xB2, 0xA0, 
0x01, 0xF8, 0xA1, 0xFE, 0xB5, 0x00, 0x00, 0x01, 0x00, 0x04, 0xFF, 0x56, 0x01, 0xE4, 0x03, 0x30, 0x00, 0x03, 0x00, 0x00, 
0x13, 0x21, 0x03, 0x21, 0xD5, 0x01, 0x0F, 0xD1, 0xFE, 0xF1, 0x03, 0x30, 0xFC, 0x26, 0x00, 0x01, 0x00, 0x15, 0xFF, 0xA5, 
0x02, 0xF1, 0x02, 0xDE, 0x00, 0x0B, 0x00, 0x00, 0x01, 0x07, 0x23, 0x03, 0x21, 0x37, 0x33, 0x13, 0x23, 0x37, 0x21, 0x03, 
0x02, 0xF1, 0x22, 0xA1, 0x47, 0xFE, 0x2E, 0x22, 0xC3, 0x6B, 0xC3, 0x22, 0x01, 0xD2, 0x46, 0x01, 0x93, 0xA0, 0xFE, 0xB2, 
0xA0, 0x01, 0xF8, 0xA1, 0xFE, 0xB5, 0x00, 0x01, 0x00, 0x5B, 0x00, 0xF1, 0x02, 0x6F, 0x01, 0x93, 0x00, 0x09, 0x00, 0x00, 
0x01, 0x23, 0x07, 0x33, 0x37, 0x17, 0x33, 0x37, 0x23, 0x07, 0x01, 0x91, 0xDB, 0x5B, 0x90, 0x3E, 0x10, 0xDB, 0x5B, 0x8F, 
0x3E, 0x01, 0x93, 0xA2, 0x6D, 0x6D, 0xA2, 0x6C, 0x00, 0x01, 0x00, 0x54, 0x00, 0x00, 0x04, 0x3E, 0x02, 0x86, 0x00, 0x18, 
0x00, 0x00, 0x13, 0x07, 0x33, 0x07, 0x23, 0x07, 0x33, 0x07, 0x21, 0x37, 0x21, 0x37, 0x21, 0x37, 0x21, 0x37, 0x21, 0x37, 
0x21, 0x37, 0x21, 0x37, 0x21, 0x17, 0x07, 0x85, 0x15, 0x50, 0x07, 0x50, 0x15, 0x50, 0x2C, 0x03, 0x3D, 0x22, 0xFD, 0xD2, 
0x0A, 0x01, 0x2C, 0x15, 0xFE, 0xD4, 0x07, 0x01, 0x2C, 0x15, 0xFE, 0xD4, 0x0A, 0x02, 0x2E, 0x22, 0xFC, 0x50, 0x5F, 0x18, 
0x01, 0xB7, 0x62, 0x22, 0x63, 0xD0, 0xA0, 0x30, 0x63, 0x22, 0x62, 0x2E, 0xA1, 0x60, 0x6F, 0x00, 0x00, 0x01, 0x00, 0x28, 
0xFF, 0x8D, 0x01, 0x5B, 0x00, 0xA0, 0x00, 0x06, 0x00, 0x00, 0x3B, 0x01, 0x07, 0x33, 0x3F, 0x01, 0x21, 0x28, 0x81, 0x18, 
0x2F, 0x79, 0x22, 0xFE, 0xEF, 0x73, 0x73, 0xA0, 0x00, 0x01, 0x00, 0x28, 0x00, 0x00, 0x03, 0xF2, 0x02, 0x86, 0x00, 0x13, 
0x00, 0x00, 0x29, 0x01, 0x37, 0x27, 0x0F, 0x01, 0x21, 0x3F, 0x01, 0x27, 0x37, 0x21, 0x07, 0x17, 0x3F, 0x01, 0x21, 0x0F, 
0x01, 0x17, 0x03, 0x68, 0xFE, 0xF1, 0x1B, 0x77, 0xAC, 0x1A, 0xFE, 0xF1, 0x2C, 0xAB, 0x79, 0x2C, 0x01, 0x0F, 0x1A, 0x76, 
0xAC, 0x1A, 0x01, 0x0F, 0x2C, 0xAB, 0x79, 0x7E, 0x76, 0x78, 0x7C, 0xCF, 0x74, 0x74, 0xCF, 0x7C, 0x78, 0x76, 0x7E, 0xD1, 
0x73, 0x71, 0x00, 0x02, 0x00, 0x28, 0xFF, 0x8D, 0x02, 0x90, 0x00, 0xA0, 0x00, 0x06, 0x00, 0x0D, 0x00, 0x00, 0x3B, 0x01, 
0x07, 0x33, 0x3F, 0x01, 0x21, 0x05, 0x33, 0x07, 0x33, 0x3F, 0x01, 0x21, 0x28, 0x81, 0x18, 0x2F, 0x79, 0x22, 0xFE, 0xEF, 
0x01, 0x13, 0x81, 0x18, 0x2F, 0x79, 0x22, 0xFE, 0xEF, 0x73, 0x73, 0xA0, 0xA0, 0x73, 0x73, 0xA0, 0x00, 0x03, 0x00, 0x28, 
0x00, 0x00, 0x03, 0xCE, 0x00, 0xA0, 0x00, 0x03, 0x00, 0x07, 0x00, 0x0B, 0x00, 0x00, 0x21, 0x37, 0x21, 0x07, 0x21, 0x37, 
0x21, 0x07, 0x21, 0x37, 0x21, 0x07, 0x02, 0x9B, 0x22, 0x01, 0x11, 0x22, 0xFD, 0xB5, 0x22, 0x01, 0x11, 0x22, 0xFD, 0xB6, 
0x22, 0x01, 0x11, 0x22, 0xA0, 0xA0, 0xA0, 0xA0, 0xA0, 0xA0, 0x00, 0x01, 0x00, 0x72, 0x00, 0x00, 0x02, 0x9E, 0x02, 0x86, 
0x00, 0x0B, 0x00, 0x00, 0x01, 0x07, 0x23, 0x07, 0x33, 0x03, 0x21, 0x13, 0x33, 0x37, 0x23, 0x37, 0x01, 0x2E, 0x1D, 0x7D, 
0x22, 0x7D, 0x4A, 0x01, 0x0F, 0x4A, 0x7E, 0x22, 0x7E, 0x1D, 0x02, 0x86, 0x8B, 0xA0, 0xFE, 0xA5, 0x01, 0x5B, 0xA0, 0x8B, 
0x00, 0x01, 0x00, 0x45, 0x00, 0x00, 0x02, 0x9E, 0x02, 0x86, 0x00, 0x13, 0x00, 0x00, 0x01, 0x07, 0x23, 0x07, 0x33, 0x07, 
0x23, 0x07, 0x33, 0x07, 0x21, 0x37, 0x33, 0x37, 0x23, 0x37, 0x33, 0x37, 0x23, 0x37, 0x01, 0x2E, 0x1D, 0x7D, 0x22, 0x7D, 
0x0B, 0x7D, 0x22, 0x7D, 0x1D, 0x01, 0x0F, 0x1D, 0x7E, 0x22, 0x7E, 0x0B, 0x7E, 0x22, 0x7E, 0x1D, 0x02, 0x86, 0x8B, 0xA0, 
0x32, 0xA0, 0x89, 0x89, 0xA0, 0x32, 0xA0, 0x8B, 0x00, 0x01, 0x00, 0xA8, 0x02, 0x58, 0x02, 0xCB, 0x02, 0xD4, 0x00, 0x06, 
0x00, 0x00, 0x01, 0x33, 0x27, 0x21, 0x07, 0x33, 0x37, 0x01, 0xF5, 0xD6, 0x3C, 0xFE, 0x88, 0x6F, 0xD7, 0x4C, 0x02, 0x58, 
0x7C, 0x7C, 0x53, 0x00, 0x00, 0x05, 0x00, 0x2B, 0x00, 0x00, 0x05, 0x4E, 0x02, 0x86, 0x00, 0x0E, 0x00, 0x12, 0x00, 0x16, 
0x00, 0x1A, 0x00, 0x1E, 0x00, 0x00, 0x13, 0x03, 0x21, 0x01, 0x21, 0x37, 0x07, 0x21, 0x13, 0x21, 0x01, 0x21, 0x07, 0x37, 
0x21, 0x01, 0x33, 0x07, 0x23, 0x01, 0x33, 0x07, 0x23, 0x01, 0x21, 0x13, 0x21, 0x17, 0x33, 0x07, 0x23, 0xBE, 0x3A, 0x01, 
0x04, 0xFE, 0xA3, 0x01, 0x0F, 0xA3, 0x20, 0x01, 0xA0, 0x45, 0xFE, 0xF5, 0x01, 0x5D, 0xFE, 0xF1, 0x9B, 0x1E, 0xFE, 0x26, 
0x02, 0x05, 0x49, 0x11, 0x49, 0xFE, 0xD8, 0x49, 0x12, 0x49, 0x02, 0x21, 0x01, 0xA0, 0x45, 0xFE, 0x60, 0x91, 0x49, 0x11, 
0x49, 0x02, 0x56, 0xFE, 0xED, 0xFE, 0xBD, 0x97, 0x97, 0x01, 0x43, 0x01, 0x43, 0x90, 0x90, 0xFE, 0x44, 0x51, 0x01, 0x94, 
0x51, 0xFE, 0x44, 0x01, 0x43, 0x79, 0x51, 0x00, 0x00, 0x02, 0x00, 0x78, 0x00, 0x00, 0x04, 0x40, 0x03, 0x38, 0x00, 0x0C, 
0x00, 0x13, 0x00, 0x00, 0x01, 0x21, 0x37, 0x21, 0x37, 0x21, 0x17, 0x03, 0x21, 0x07, 0x21, 0x07, 0x21, 0x01, 0x23, 0x17, 
0x21, 0x37, 0x23, 0x07, 0x04, 0x0D, 0xFD, 0xD0, 0x11, 0x02, 0x30, 0x22, 0xFC, 0x4E, 0x5F, 0x41, 0x02, 0x30, 0x12, 0xFD, 
0xD0, 0x22, 0x03, 0x3F, 0xFE, 0xD1, 0xD6, 0x3C, 0x01, 0x78, 0x6F, 0xD7, 0x4C, 0x01, 0x93, 0x52, 0xA1, 0x60, 0xFE, 0xCD, 
0x53, 0xA0, 0x03, 0x38, 0x7C, 0x7C, 0x53, 0x00, 0x00, 0x01, 0x00, 0x6D, 0x00, 0x63, 0x01, 0xD3, 0x02, 0x21, 0x00, 0x05, 
0x00, 0x00, 0x01, 0x27, 0x05, 0x17, 0x37, 0x27, 0x01, 0xD3, 0x59, 0xFE, 0xF3, 0xAF, 0x89, 0x56, 0x01, 0xB0, 0x71, 0xDE, 
0xE0, 0x71, 0x6F, 0x00, 0x00, 0x02, 0x00, 0x78, 0x00, 0x00, 0x06, 0x39, 0x02, 0x86, 0x00, 0x0C, 0x00, 0x10, 0x00, 0x00, 
0x01, 0x21, 0x37, 0x21, 0x17, 0x03, 0x21, 0x37, 0x21, 0x37, 0x21, 0x37, 0x21, 0x25, 0x21, 0x03, 0x21, 0x04, 0x11, 0x02, 
0x06, 0x22, 0xFA, 0x55, 0x5F, 0x75, 0x05, 0x38, 0x22, 0xFD, 0xFA, 0x12, 0x02, 0x06, 0x22, 0xFD, 0xFA, 0xFD, 0xEE, 0x01, 
0x14, 0x45, 0xFE, 0xEC, 0x01, 0xE5, 0xA1, 0x60, 0xFD, 0xDA, 0xA0, 0x53, 0xA0, 0x52, 0xFE, 0xBB, 0x00, 0x02, 0x00, 0x77, 
0x00, 0x00, 0x04, 0x3F, 0x03, 0x38, 0x00, 0x09, 0x00, 0x10, 0x00, 0x00, 0x13, 0x17, 0x21, 0x01, 0x07, 0x21, 0x37, 0x21, 
0x01, 0x37, 0x25, 0x23, 0x17, 0x21, 0x37, 0x23, 0x07, 0x8E, 0x9E, 0x01, 0x7B, 0xFD, 0xF2, 0x22, 0x03, 0x3F, 0x22, 0xFE, 
0x38, 0x02, 0x0D, 0x22, 0xFE, 0x49, 0xD6, 0x3C, 0x01, 0x78, 0x6F, 0xD7, 0x4C, 0x02, 0x86, 0xA1, 0xFE, 0xBC, 0xA1, 0xA0, 
0x01, 0x45, 0xA1, 0xB2, 0x7C, 0x7C, 0x53, 0x00, 0x00, 0x01, 0x00, 0x6F, 0x01, 0x71, 0x01, 0xA2, 0x02, 0x84, 0x00, 0x06, 
0x00, 0x00, 0x01, 0x23, 0x37, 0x23, 0x0F, 0x01, 0x21, 0x01, 0xA2, 0x81, 0x19, 0x2F, 0x7A, 0x22, 0x01, 0x11, 0x02, 0x11, 
0x73, 0x73, 0xA0, 0x00, 0x00, 0x01, 0x00, 0x89, 0x01, 0x72, 0x01, 0xBC, 0x02, 0x85, 0x00, 0x06, 0x00, 0x00, 0x13, 0x33, 
0x07, 0x33, 0x3F, 0x01, 0x21, 0x89, 0x81, 0x18, 0x2F, 0x79, 0x22, 0xFE, 0xEF, 0x01, 0xE5, 0x73, 0x73, 0xA0, 0x00, 0x02, 
0x00, 0x77, 0x01, 0x72, 0x02, 0xE3, 0x02, 0x86, 0x00, 0x06, 0x00, 0x0D, 0x00, 0x00, 0x01, 0x23, 0x37, 0x23, 0x0F, 0x01, 
0x21, 0x25, 0x23, 0x37, 0x23, 0x0F, 0x01, 0x21, 0x02, 0xE3, 0x81, 0x18, 0x2F, 0x79, 0x22, 0x01, 0x11, 0xFE, 0xE9, 0x81, 
0x18, 0x2F, 0x79, 0x22, 0x01, 0x11, 0x02, 0x13, 0x73, 0x73, 0xA0, 0x9F, 0x73, 0x73, 0xA0, 0x00, 0x00, 0x02, 0x00, 0x8F, 
0x01, 0x72, 0x02, 0xFB, 0x02, 0x86, 0x00, 0x06, 0x00, 0x0D, 0x00, 0x00, 0x13, 0x33, 0x07, 0x33, 0x3F, 0x01, 0x21, 0x05, 
0x33, 0x07, 0x33, 0x3F, 0x01, 0x21, 0x8F, 0x81, 0x18, 0x2F, 0x79, 0x22, 0xFE, 0xEF, 0x01, 0x17, 0x81, 0x18, 0x2F, 0x79, 
0x22, 0xFE, 0xEF, 0x01, 0xE5, 0x73, 0x73, 0xA0, 0x9F, 0x73, 0x73, 0xA0, 0x00, 0x01, 0x00, 0x78, 0x00, 0x00, 0x04, 0x41, 
0x02, 0x86, 0x00, 0x04, 0x00, 0x00, 0x13, 0x03, 0x21, 0x13, 0x21, 0xED, 0x75, 0x03, 0x40, 0x89, 0xFC, 0x4D, 0x02, 0x26, 
0xFD, 0xDA, 0x02, 0x86, 0x00, 0x01, 0x00, 0x5C, 0x00, 0xF3, 0x02, 0x55, 0x01, 0x93, 0x00, 0x03, 0x00, 0x00, 0x13, 0x21, 
0x07, 0x21, 0x7E, 0x01, 0xD7, 0x22, 0xFE, 0x29, 0x01, 0x93, 0xA0, 0x00, 0x00, 0x01, 0x00, 0x5C, 0x00, 0xF3, 0x02, 0xCB, 
0x01, 0x93, 0x00, 0x03, 0x00, 0x00, 0x13, 0x21, 0x07, 0x21, 0x7E, 0x02, 0x4D, 0x22, 0xFD, 0xB3, 0x01, 0x93, 0xA0, 0x00, 
0x00, 0x01, 0x00, 0xA8, 0x02, 0x58, 0x03, 0x84, 0x02, 0xD4, 0x00, 0x09, 0x00, 0x00, 0x01, 0x21, 0x07, 0x33, 0x37, 0x17, 
0x21, 0x37, 0x23, 0x07, 0x02, 0x37, 0xFE, 0xE0, 0x6F, 0xD7, 0x4C, 0x2A, 0x01, 0x20, 0x6F, 0xD7, 0x4D, 0x02, 0xD4, 0x7C, 
0x53, 0x53, 0x7C, 0x53, 0x00, 0x02, 0x00, 0xBC, 0x02, 0x2C, 0x02, 0x06, 0x02, 0xD3, 0x00, 0x07, 0x00, 0x2D, 0x00, 0x00, 
0x13, 0x23, 0x37, 0x33, 0x07, 0x23, 0x07, 0x23, 0x37, 0x36, 0x33, 0x32, 0x35, 0x27, 0x22, 0x36, 0x33, 0x32, 0x16, 0x17, 
0x15, 0x1E, 0x01, 0x17, 0x3E, 0x01, 0x37, 0x3E, 0x01, 0x3B, 0x01, 0x07, 0x23, 0x37, 0x27, 0x07, 0x0E, 0x01, 0x23, 0x22, 
0x26, 0x2F, 0x01, 0x0F, 0x01, 0x23, 0xF6, 0x3A, 0x05, 0x8C, 0x05, 0x39, 0x1E, 0x19, 0x90, 0x06, 0x02, 0x07, 0x02, 0x01, 
0x02, 0x02, 0x06, 0x16, 0x03, 0x02, 0x03, 0x01, 0x08, 0x0B, 0x08, 0x14, 0x21, 0x12, 0x07, 0x23, 0x12, 0x17, 0x04, 0x41, 
0x05, 0x03, 0x08, 0x04, 0x04, 0x02, 0x11, 0x0A, 0x17, 0x11, 0x02, 0xB8, 0x1A, 0x1A, 0x8C, 0xA1, 0x02, 0x02, 0x01, 0x01, 
0x1F, 0x10, 0x09, 0x16, 0x1E, 0x0B, 0x0E, 0x19, 0x12, 0x24, 0x19, 0xA6, 0x6C, 0x0C, 0x6E, 0x08, 0x02, 0x02, 0x08, 0x6B, 
0x09, 0x6C, 0x00, 0x02, 0x00, 0x78, 0x00, 0x00, 0x04, 0x40, 0x03, 0x38, 0x00, 0x0C, 0x00, 0x13, 0x00, 0x00, 0x01, 0x21, 
0x37, 0x21, 0x37, 0x21, 0x17, 0x03, 0x21, 0x07, 0x21, 0x07, 0x21, 0x01, 0x23, 0x17, 0x21, 0x37, 0x23, 0x07, 0x04, 0x0D, 
0xFD, 0xD0, 0x11, 0x02, 0x30, 0x22, 0xFC, 0x4E, 0x5F, 0x41, 0x02, 0x30, 0x12, 0xFD, 0xD0, 0x22, 0x03, 0x3F, 0xFE, 0xD1, 
0xD6, 0x3C, 0x01, 0x78, 0x6F, 0xD7, 0x4C, 0x01, 0x93, 0x52, 0xA1, 0x60, 0xFE, 0xCD, 0x53, 0xA0, 0x03, 0x38, 0x7C, 0x7C, 
0x53, 0x00, 0x00, 0x01, 0x00, 0x55, 0x00, 0x63, 0x01, 0xBD, 0x02, 0x21, 0x00, 0x05, 0x00, 0x00, 0x13, 0x37, 0x17, 0x05, 
0x27, 0x37, 0x85, 0x89, 0xAF, 0xFE, 0xF1, 0x59, 0x86, 0x01, 0xB0, 0x71, 0xDE, 0xE0, 0x71, 0x6F, 0x00, 0x02, 0x00, 0x78, 
0x00, 0x00, 0x06, 0x39, 0x02, 0x86, 0x00, 0x0C, 0x00, 0x10, 0x00, 0x00, 0x01, 0x21, 0x37, 0x21, 0x17, 0x03, 0x21, 0x37, 
0x21, 0x37, 0x21, 0x37, 0x21, 0x25, 0x21, 0x03, 0x21, 0x04, 0x11, 0x02, 0x06, 0x22, 0xFA, 0x55, 0x5F, 0x75, 0x05, 0x38, 
0x22, 0xFD, 0xFA, 0x12, 0x02, 0x06, 0x22, 0xFD, 0xFA, 0xFD, 0xEE, 0x01, 0x14, 0x45, 0xFE, 0xEC, 0x01, 0xE5, 0xA1, 0x60, 
0xFD, 0xDA, 0xA0, 0x53, 0xA0, 0x52, 0xFE, 0xBB, 0x00, 0x02, 0x00, 0x28, 0x00, 0x00, 0x03, 0xF0, 0x03, 0x38, 0x00, 0x09, 
0x00, 0x10, 0x00, 0x00, 0x13, 0x07, 0x21, 0x01, 0x07, 0x21, 0x37, 0x21, 0x01, 0x37, 0x25, 0x23, 0x17, 0x21, 0x37, 0x23, 
0x07, 0xB2, 0x22, 0x01, 0xC8, 0xFD, 0xF2, 0x22, 0x03, 0x3F, 0x22, 0xFE, 0x38, 0x02, 0x0D, 0x22, 0xFE, 0x4F, 0xD6, 0x3C, 
0x01, 0x78, 0x6F, 0xD7, 0x4C, 0x02, 0x86, 0xA1, 0xFE, 0xBC, 0xA1, 0xA0, 0x01, 0x45, 0xA1, 0xB2, 0x7C, 0x7C, 0x53, 0x00, 
0x00, 0x03, 0x00, 0x8E, 0x00, 0x00, 0x04, 0x41, 0x03, 0x38, 0x00, 0x0D, 0x00, 0x11, 0x00, 0x15, 0x00, 0x00, 0x01, 0x07, 
0x05, 0x07, 0x21, 0x37, 0x27, 0x37, 0x27, 0x21, 0x07, 0x17, 0x3F, 0x01, 0x25, 0x37, 0x33, 0x07, 0x33, 0x37, 0x33, 0x07, 
0x04, 0x41, 0x2C, 0xFE, 0xB8, 0x2E, 0xFE, 0xF1, 0x2E, 0xE9, 0x18, 0x5F, 0x01, 0x82, 0x1A, 0x78, 0xAA, 0x1A, 0xFE, 0x69, 
0x1A, 0xD7, 0x1A, 0x75, 0x1A, 0xD7, 0x1A, 0x02, 0x86, 0xD1, 0xDE, 0xD7, 0xD7, 0xDE, 0x71, 0x60, 0x7C, 0x77, 0x77, 0x7C, 
0x36, 0x7C, 0x7C, 0x7C, 0x7C, 0x00, 0x00, 0x02, 0x00, 0x77, 0x00, 0x00, 0x02, 0x10, 0x02, 0x86, 0x00, 0x04, 0x00, 0x08, 
0x00, 0x00, 0x01, 0x07, 0x21, 0x37, 0x27, 0x03, 0x13, 0x21, 0x03, 0x02, 0x10, 0x22, 0xFE, 0xF1, 0x0E, 0x5F, 0x17, 0x56, 
0x01, 0x11, 0x56, 0x02, 0x86, 0xA0, 0x40, 0x60, 0xFD, 0x7A, 0x01, 0x93, 0xFE, 0x6D, 0x00, 0x02, 0x00, 0x78, 0xFF, 0x56, 
0x04, 0x16, 0x03, 0x30, 0x00, 0x10, 0x00, 0x14, 0x00, 0x00, 0x01, 0x07, 0x21, 0x17, 0x03, 0x21, 0x07, 0x21, 0x37, 0x33, 
0x37, 0x23, 0x13, 0x33, 0x37, 0x23, 0x37, 0x01, 0x33, 0x03, 0x23, 0x02, 0x86, 0x24, 0xFE, 0x2C, 0x5F, 0x75, 0x01, 0x61, 
0x24, 0x01, 0x02, 0x24, 0xB2, 0x22, 0xB2, 0x45, 0xB2, 0x22, 0xB2, 0x24, 0xFE, 0x66, 0x52, 0x45, 0x52, 0x03, 0x30, 0xAA, 
0x60, 0xFD, 0xDA, 0xAA, 0xAA, 0xA0, 0x01, 0x45, 0xA1, 0xAA, 0xFE, 0xB5, 0xFE, 0xBB, 0x00, 0x01, 0x00, 0x28, 0x00, 0x00, 
0x03, 0x93, 0x02, 0x86, 0x00, 0x12, 0x00, 0x00, 0x13, 0x07, 0x33, 0x07, 0x23, 0x07, 0x21, 0x37, 0x21, 0x37, 0x21, 0x37, 
0x21, 0x37, 0x33, 0x37, 0x21, 0x17, 0x07, 0x7E, 0x22, 0x73, 0x12, 0x73, 0x22, 0x03, 0x49, 0x22, 0xFE, 0x39, 0x12, 0x01, 
0x31, 0x22, 0xFE, 0xCF, 0x11, 0xB4, 0x22, 0xFD, 0xCA, 0x5F, 0x1F, 0x01, 0x93, 0xA0, 0x53, 0xA0, 0xA0, 0x53, 0xA0, 0x52, 
0xA1, 0x60, 0x93, 0x00, 0x00, 0x02, 0x00, 0x77, 0x00, 0x00, 0x04, 0x41, 0x02, 0x86, 0x00, 0x16, 0x00, 0x1A, 0x00, 0x00, 
0x25, 0x27, 0x3F, 0x01, 0x21, 0x0F, 0x01, 0x23, 0x27, 0x37, 0x21, 0x17, 0x07, 0x17, 0x0F, 0x01, 0x21, 0x3F, 0x01, 0x33, 
0x17, 0x07, 0x21, 0x01, 0x33, 0x07, 0x23, 0x03, 0xE3, 0x79, 0xAB, 0x2C, 0xFE, 0xF1, 0x1A, 0x2F, 0xD1, 0x22, 0x1A, 0xFE, 
0x7E, 0x5F, 0x18, 0x79, 0xAB, 0x2C, 0x01, 0x0F, 0x1A, 0x3B, 0xC0, 0x28, 0x1B, 0x01, 0x0F, 0xFE, 0x86, 0x49, 0x11, 0x49, 
0xD1, 0x71, 0x73, 0xD1, 0x7E, 0x20, 0x22, 0x7C, 0x60, 0x6F, 0x74, 0x74, 0xCF, 0x7C, 0x29, 0x27, 0x7E, 0x01, 0x6F, 0x51, 
0x00, 0x01, 0x00, 0x8E, 0x00, 0x00, 0x04, 0x41, 0x02, 0x86, 0x00, 0x1B, 0x00, 0x00, 0x01, 0x07, 0x33, 0x07, 0x23, 0x07, 
0x33, 0x07, 0x21, 0x37, 0x33, 0x37, 0x23, 0x37, 0x33, 0x37, 0x23, 0x3F, 0x01, 0x21, 0x0F, 0x01, 0x27, 0x37, 0x21, 0x17, 
0x07, 0x17, 0x01, 0x13, 0x15, 0xBF, 0x06, 0xBF, 0x15, 0xBF, 0x12, 0x01, 0x0F, 0x12, 0xC1, 0x15, 0xC1, 0x06, 0xC1, 0x15, 
0x46, 0xB9, 0x2C, 0xFE, 0xF1, 0x1A, 0xAA, 0x78, 0x1A, 0xFE, 0x7E, 0x5F, 0x18, 0x82, 0x01, 0x38, 0x62, 0x1F, 0x63, 0x54, 
0x54, 0x63, 0x1F, 0x62, 0x7D, 0xD1, 0x7C, 0x77, 0x77, 0x7C, 0x60, 0x71, 0x7D, 0x00, 0x00, 0x02, 0x00, 0x77, 0x00, 0x00, 
0x02, 0x10, 0x02, 0x86, 0x00, 0x04, 0x00, 0x08, 0x00, 0x00, 0x01, 0x03, 0x21, 0x37, 0x27, 0x03, 0x13, 0x21, 0x03, 0x02, 
0x10, 0x3B, 0xFE, 0xF1, 0x27, 0x5F, 0x17, 0x3D, 0x01, 0x11, 0x3D, 0x02, 0x86, 0xFE, 0xEA, 0xB6, 0x60, 0xFD, 0x7A, 0x01, 
0x1D, 0xFE, 0xE3, 0x00, 0x00, 0x02, 0x00, 0x28, 0x00, 0x00, 0x03, 0xF2, 0x02, 0x86, 0x00, 0x0D, 0x00, 0x11, 0x00, 0x00, 
0x01, 0x3F, 0x01, 0x21, 0x0F, 0x01, 0x21, 0x0F, 0x02, 0x21, 0x3F, 0x01, 0x21, 0x25, 0x33, 0x07, 0x23, 0x03, 0x1B, 0xAB, 
0x2C, 0xFE, 0xF1, 0x1A, 0x2F, 0xFE, 0x88, 0x23, 0xAB, 0x2C, 0x01, 0x0F, 0x1A, 0x3B, 0x01, 0x6E, 0xFE, 0xF4, 0x49, 0x11, 
0x49, 0x01, 0x42, 0x73, 0xD1, 0x7E, 0x20, 0xA5, 0x74, 0xCF, 0x7C, 0x29, 0xCA, 0x51, 0x00, 0x02, 0x00, 0xA8, 0x02, 0x58, 
0x02, 0xE5, 0x02, 0xD4, 0x00, 0x03, 0x00, 0x07, 0x00, 0x00, 0x13, 0x37, 0x33, 0x07, 0x33, 0x37, 0x33, 0x07, 0xA8, 0x1A, 
0xD7, 0x1A, 0x75, 0x1A, 0xD7, 0x1A, 0x02, 0x58, 0x7C, 0x7C, 0x7C, 0x7C, 0x00, 0x03, 0x00, 0xA4, 0x01, 0xF2, 0x01, 0x92, 
0x02, 0xD3, 0x00, 0x1B, 0x00, 0x35, 0x00, 0x47, 0x00, 0x00, 0x01, 0x30, 0x06, 0x07, 0x06, 0x07, 0x06, 0x17, 0x1E, 0x01, 
0x17, 0x16, 0x33, 0x30, 0x36, 0x3F, 0x01, 0x3E, 0x01, 0x37, 0x3E, 0x01, 0x37, 0x36, 0x27, 0x26, 0x27, 0x26, 0x07, 0x33, 
0x32, 0x1E, 0x02, 0x0F, 0x01, 0x0E, 0x01, 0x07, 0x06, 0x23, 0x32, 0x36, 0x31, 0x36, 0x2F, 0x01, 0x26, 0x27, 0x26, 0x37, 
0x36, 0x37, 0x36, 0x17, 0x06, 0x23, 0x22, 0x37, 0x36, 0x33, 0x32, 0x17, 0x37, 0x26, 0x23, 0x22, 0x07, 0x06, 0x33, 0x32, 
0x37, 0x01, 0x34, 0x1E, 0x1D, 0x42, 0x0D, 0x06, 0x09, 0x08, 0x0D, 0x0C, 0x18, 0x1E, 0x1C, 0x1D, 0x08, 0x0D, 0x13, 0x0A, 
0x0B, 0x10, 0x03, 0x05, 0x0C, 0x05, 0x1B, 0x17, 0x1F, 0x04, 0x10, 0x1D, 0x14, 0x09, 0x03, 0x01, 0x05, 0x26, 0x17, 0x2A, 
0x06, 0x02, 0x02, 0x01, 0x2C, 0x08, 0x14, 0x05, 0x09, 0x06, 0x05, 0x12, 0x24, 0x43, 0x0D, 0x1D, 0x28, 0x0B, 0x09, 0x29, 
0x16, 0x06, 0x12, 0x02, 0x29, 0x3C, 0x0D, 0x0E, 0x3C, 0x2B, 0x13, 0x02, 0xD3, 0x07, 0x07, 0x25, 0x3E, 0x1D, 0x1B, 0x0E, 
0x10, 0x0B, 0x0F, 0x04, 0x0B, 0x05, 0x08, 0x0E, 0x0E, 0x10, 0x1C, 0x0C, 0x1B, 0x1C, 0x18, 0x14, 0x0E, 0x12, 0x10, 0x19, 
0x21, 0x10, 0x05, 0x15, 0x30, 0x0C, 0x0B, 0x01, 0x01, 0x08, 0x01, 0x11, 0x13, 0x13, 0x1A, 0x1B, 0x15, 0x2F, 0x70, 0x1C, 
0x2D, 0x30, 0x17, 0x04, 0x23, 0x40, 0x41, 0x2B, 0x00, 0x02, 0x00, 0x28, 0x00, 0x00, 0x03, 0xF3, 0x02, 0x86, 0x00, 0x07, 
0x00, 0x0B, 0x00, 0x00, 0x13, 0x03, 0x21, 0x13, 0x21, 0x07, 0x21, 0x07, 0x05, 0x21, 0x07, 0x21, 0x7E, 0x56, 0x03, 0x42, 
0x89, 0xFC, 0xBE, 0x22, 0x02, 0x32, 0x11, 0xFE, 0xBB, 0x01, 0x23, 0x12, 0xFE, 0xDD, 0x01, 0x93, 0xFE, 0x6D, 0x02, 0x86, 
0xA1, 0x52, 0xA0, 0x53, 0x00, 0x02, 0x00, 0x6D, 0x00, 0x63, 0x02, 0xF0, 0x02, 0x21, 0x00, 0x05, 0x00, 0x0B, 0x00, 0x00, 
0x01, 0x27, 0x05, 0x17, 0x37, 0x2F, 0x02, 0x05, 0x17, 0x37, 0x27, 0x02, 0xF0, 0x59, 0xFE, 0xF3, 0xAF, 0x89, 0x56, 0x99, 
0x59, 0xFE, 0xF3, 0xAF, 0x89, 0x56, 0x01, 0xB0, 0x71, 0xDE, 0xE0, 0x71, 0x6F, 0x6D, 0x71, 0xDE, 0xE0, 0x71, 0x6F, 0x00, 
0x00, 0x01, 0x00, 0x5C, 0x00, 0x57, 0x02, 0x55, 0x01, 0x93, 0x00, 0x05, 0x00, 0x00, 0x13, 0x07, 0x21, 0x07, 0x33, 0x13, 
0x7E, 0x22, 0x01, 0x37, 0x22, 0xA0, 0x44, 0x01, 0x93, 0xA0, 0x9C, 0x01, 0x3C, 0x00, 0x00, 0x01, 0x00, 0x5C, 0x00, 0xF3, 
0x02, 0x03, 0x01, 0x93, 0x00, 0x03, 0x00, 0x00, 0x13, 0x21, 0x07, 0x21, 0x7E, 0x01, 0x85, 0x22, 0xFE, 0x7B, 0x01, 0x93, 
0xA0, 0x00, 0x00, 0x04, 0x00, 0xA3, 0x01, 0xF1, 0x01, 0x92, 0x02, 0xD2, 0x00, 0x1B, 0x00, 0x38, 0x00, 0x51, 0x00, 0x5B, 
0x00, 0x00, 0x01, 0x22, 0x07, 0x06, 0x0F, 0x01, 0x0E, 0x01, 0x07, 0x06, 0x17, 0x16, 0x17, 0x16, 0x33, 0x30, 0x36, 0x37, 
0x36, 0x37, 0x3E, 0x01, 0x37, 0x36, 0x27, 0x26, 0x27, 0x26, 0x07, 0x33, 0x32, 0x1E, 0x02, 0x0F, 0x01, 0x30, 0x06, 0x07, 
0x0E, 0x01, 0x23, 0x22, 0x06, 0x07, 0x30, 0x26, 0x2F, 0x01, 0x26, 0x27, 0x2E, 0x01, 0x31, 0x36, 0x37, 0x36, 0x07, 0x33, 
0x37, 0x33, 0x32, 0x17, 0x1E, 0x01, 0x1F, 0x01, 0x33, 0x27, 0x2E, 0x01, 0x27, 0x36, 0x37, 0x36, 0x27, 0x2E, 0x01, 0x27, 
0x26, 0x2B, 0x01, 0x17, 0x37, 0x33, 0x32, 0x15, 0x16, 0x07, 0x0E, 0x01, 0x23, 0x01, 0x33, 0x1F, 0x1C, 0x1F, 0x15, 0x01, 
0x0A, 0x0B, 0x05, 0x06, 0x0A, 0x0B, 0x16, 0x15, 0x21, 0x1F, 0x1A, 0x23, 0x0F, 0x0B, 0x10, 0x02, 0x06, 0x0C, 0x05, 0x1C, 
0x14, 0x22, 0x04, 0x11, 0x1D, 0x13, 0x09, 0x03, 0x01, 0x0B, 0x0C, 0x1F, 0x1E, 0x0C, 0x04, 0x08, 0x05, 0x13, 0x14, 0x08, 
0x15, 0x04, 0x02, 0x02, 0x06, 0x13, 0x25, 0x1D, 0x13, 0x0B, 0x0B, 0x0B, 0x03, 0x03, 0x07, 0x07, 0x03, 0x19, 0x0A, 0x07, 
0x06, 0x08, 0x25, 0x06, 0x02, 0x06, 0x02, 0x04, 0x05, 0x03, 0x1C, 0x28, 0x08, 0x08, 0x15, 0x13, 0x0B, 0x02, 0x02, 0x0F, 
0x11, 0x02, 0xD2, 0x0F, 0x0F, 0x1C, 0x02, 0x0E, 0x15, 0x12, 0x22, 0x16, 0x1B, 0x0E, 0x0F, 0x04, 0x0B, 0x11, 0x18, 0x10, 
0x1C, 0x0C, 0x1A, 0x1D, 0x1B, 0x10, 0x0F, 0x13, 0x0F, 0x19, 0x20, 0x11, 0x05, 0x1C, 0x12, 0x1D, 0x0F, 0x01, 0x01, 0x04, 
0x05, 0x02, 0x15, 0x0E, 0x16, 0x18, 0x19, 0x17, 0x2E, 0x9C, 0x33, 0x05, 0x01, 0x0D, 0x0C, 0x14, 0x18, 0x0E, 0x0C, 0x05, 
0x01, 0x21, 0x08, 0x0A, 0x03, 0x03, 0x03, 0x05, 0x36, 0x26, 0x01, 0x05, 0x0C, 0x0A, 0x0A, 0x00, 0x00, 0x01, 0x00, 0x8F, 
0x01, 0xE5, 0x02, 0xB7, 0x02, 0x86, 0x00, 0x03, 0x00, 0x00, 0x13, 0x37, 0x21, 0x07, 0x8F, 0x22, 0x02, 0x06, 0x22, 0x01, 
0xE5, 0xA1, 0xA1, 0x00, 0x00, 0x02, 0x00, 0xA8, 0x02, 0x58, 0x01, 0x99, 0x02, 0xD4, 0x00, 0x03, 0x00, 0x07, 0x00, 0x00, 
0x01, 0x37, 0x23, 0x07, 0x3F, 0x01, 0x33, 0x07, 0x01, 0x7F, 0x1A, 0xD7, 0x1A, 0x54, 0x07, 0x42, 0x07, 0x02, 0x58, 0x7C, 
0x7C, 0x2D, 0x22, 0x22, 0x00, 0x02, 0x00, 0x29, 0x00, 0x00, 0x02, 0x69, 0x02, 0x86, 0x00, 0x0B, 0x00, 0x0F, 0x00, 0x00, 
0x01, 0x23, 0x07, 0x23, 0x07, 0x33, 0x07, 0x33, 0x37, 0x33, 0x37, 0x23, 0x01, 0x07, 0x21, 0x37, 0x01, 0xEC, 0xA0, 0x1F, 
0x9B, 0x21, 0x9B, 0x20, 0xA0, 0x20, 0x9C, 0x21, 0x9C, 0xFE, 0x7E, 0x22, 0x01, 0xD7, 0x22, 0x02, 0x86, 0x95, 0x99, 0x98, 
0x98, 0x99, 0xFE, 0xAF, 0xA0, 0xA0, 0x00, 0x01, 0x00, 0x28, 0x00, 0x00, 0x03, 0x5F, 0x02, 0x86, 0x00, 0x05, 0x00, 0x00, 
0x01, 0x03, 0x21, 0x07, 0x21, 0x13, 0x01, 0xC0, 0x67, 0x02, 0x06, 0x22, 0xFC, 0xEB, 0x89, 0x02, 0x86, 0xFE, 0x1A, 0xA0, 
0x02, 0x86, 0x00, 0x01, 0x00, 0x52, 0x00, 0x00, 0x03, 0xF1, 0x02, 0x86, 0x00, 0x0A, 0x00, 0x00, 0x01, 0x03, 0x05, 0x21, 
0x27, 0x13, 0x21, 0x03, 0x17, 0x37, 0x13, 0x03, 0xF1, 0x5F, 0xFE, 0xDD, 0xFE, 0xB2, 0xCF, 0x5F, 0x01, 0x0F, 0x4D, 0x77, 
0xAB, 0x4D, 0x02, 0x86, 0xFE, 0x3F, 0xC5, 0xC5, 0x01, 0xC1, 0xFE, 0x92, 0x77, 0x77, 0x01, 0x6E, 0x00, 0x01, 0x00, 0xA7, 
0x02, 0x58, 0x01, 0xF0, 0x02, 0xD4, 0x00, 0x03, 0x00, 0x00, 0x01, 0x23, 0x07, 0x33, 0x01, 0xF0, 0xDA, 0x6F, 0xD7, 0x02, 
0xD4, 0x7C, 0x00, 0x01, 0x00, 0x85, 0x00, 0x00, 0x03, 0xF1, 0x02, 0x86, 0x00, 0x0C, 0x00, 0x00, 0x01, 0x07, 0x05, 0x07, 
0x21, 0x37, 0x27, 0x37, 0x21, 0x07, 0x17, 0x3F, 0x01, 0x03, 0xF1, 0x2C, 0xFE, 0xB8, 0x2E, 0xFE, 0xF1, 0x2E, 0xE9, 0x2C, 
0x01, 0x0F, 0x1A, 0x78, 0xAA, 0x1A, 0x02, 0x86, 0xD1, 0xDE, 0xD7, 0xD7, 0xDE, 0xD1, 0x7C, 0x77, 0x77, 0x7C, 0x00, 0x02, 
0x00, 0x78, 0x00, 0x00, 0x04, 0x41, 0x02, 0x86, 0x00, 0x0A, 0x00, 0x0E, 0x00, 0x00, 0x01, 0x03, 0x23, 0x17, 0x21, 0x27, 
0x23, 0x07, 0x21, 0x13, 0x27, 0x05, 0x07, 0x21, 0x37, 0x04, 0x41, 0x59, 0x8D, 0xDA, 0xFE, 0xD2, 0xF0, 0x60, 0x30, 0xFE, 
0xF1, 0x75, 0x5F, 0x01, 0x60, 0x15, 0x01, 0x22, 0x15, 0x02, 0x86, 0xFE, 0x5A, 0xE0, 0xE0, 0xE0, 0x02, 0x26, 0x60, 0xA1, 
0x65, 0x65, 0x00, 0x01, 0x00, 0x4A, 0x00, 0xA0, 0x01, 0xB1, 0x01, 0xE5, 0x00, 0x03, 0x00, 0x00, 0x13, 0x21, 0x03, 0x21, 
0x8F, 0x01, 0x22, 0x45, 0xFE, 0xDE, 0x01, 0xE5, 0xFE, 0xBB, 0x00, 0x01, 0xFF, 0x85, 0xFF, 0x57, 0x00, 0xBA, 0x00, 0x00, 
0x00, 0x05, 0x00, 0x00, 0x0F, 0x01, 0x21, 0x37, 0x23, 0x07, 0x63, 0x18, 0x01, 0x11, 0x24, 0x90, 0x0C, 0x3A, 0x6F, 0xA9, 
0x3A, 0x00, 0x00, 0x01, 0x00, 0x28, 0x00, 0x00, 0x01, 0xC0, 0x02, 0x86, 0x00, 0x03, 0x00, 0x00, 0x13, 0x21, 0x03, 0x21, 
0xB1, 0x01, 0x0F, 0x89, 0xFE, 0xF1, 0x02, 0x86, 0xFD, 0x7A, 0x00, 0x02, 0x00, 0x94, 0x01, 0x91, 0x02, 0x79, 0x02, 0xD4, 
0x00, 0x04, 0x00, 0x08, 0x00, 0x00, 0x13, 0x03, 0x21, 0x13, 0x21, 0x17, 0x33, 0x07, 0x23, 0xCF, 0x3B, 0x01, 0xA0, 0x45, 
0xFE, 0x26, 0xCB, 0x49, 0x11, 0x49, 0x02, 0xA4, 0xFE, 0xED, 0x01, 0x43, 0x79, 0x51, 0x00, 0x02, 0x00, 0x55, 0x00, 0x63, 
0x02, 0xDA, 0x02, 0x21, 0x00, 0x05, 0x00, 0x0B, 0x00, 0x00, 0x13, 0x37, 0x17, 0x05, 0x27, 0x3F, 0x02, 0x17, 0x05, 0x27, 
0x37, 0x85, 0x89, 0xAF, 0xFE, 0xF1, 0x59, 0x86, 0xC7, 0x89, 0xAF, 0xFE, 0xF1, 0x59, 0x86, 0x01, 0xB0, 0x71, 0xDE, 0xE0, 
0x71, 0x6F, 0x6D, 0x71, 0xDE, 0xE0, 0x71, 0x6F, 0x00, 0x0C, 0x00, 0x5D, 0x00, 0x0C, 0x04, 0x5A, 0x01, 0xED, 0x00, 0x2C, 
0x00, 0x30, 0x00, 0x34, 0x00, 0x3D, 0x00, 0x4A, 0x00, 0x4E, 0x00, 0x57, 0x00, 0x63, 0x00, 0x7D, 0x00, 0x81, 0x00, 0x84, 
0x00, 0x94, 0x00, 0x00, 0x01, 0x07, 0x16, 0x07, 0x30, 0x06, 0x07, 0x27, 0x07, 0x27, 0x07, 0x27, 0x07, 0x37, 0x27, 0x07, 
0x37, 0x27, 0x37, 0x27, 0x37, 0x27, 0x37, 0x27, 0x37, 0x17, 0x37, 0x16, 0x33, 0x32, 0x3F, 0x01, 0x17, 0x37, 0x17, 0x07, 
0x37, 0x07, 0x33, 0x07, 0x1F, 0x01, 0x23, 0x07, 0x17, 0x2F, 0x01, 0x07, 0x17, 0x07, 0x27, 0x07, 0x17, 0x27, 0x37, 0x27, 
0x07, 0x27, 0x07, 0x3F, 0x01, 0x16, 0x27, 0x37, 0x26, 0x23, 0x22, 0x07, 0x06, 0x07, 0x33, 0x36, 0x33, 0x32, 0x17, 0x27, 
0x0F, 0x01, 0x37, 0x07, 0x37, 0x27, 0x07, 0x27, 0x07, 0x3F, 0x01, 0x16, 0x27, 0x26, 0x2B, 0x01, 0x06, 0x07, 0x16, 0x33, 
0x32, 0x36, 0x37, 0x32, 0x27, 0x06, 0x0F, 0x01, 0x06, 0x16, 0x15, 0x16, 0x33, 0x32, 0x36, 0x3F, 0x01, 0x06, 0x23, 0x22, 
0x37, 0x36, 0x37, 0x36, 0x33, 0x32, 0x07, 0x30, 0x16, 0x17, 0x27, 0x0F, 0x01, 0x37, 0x25, 0x23, 0x37, 0x05, 0x0E, 0x01, 
0x07, 0x06, 0x23, 0x22, 0x3F, 0x01, 0x36, 0x33, 0x32, 0x17, 0x06, 0x15, 0x14, 0x04, 0x5A, 0x5B, 0x2F, 0x04, 0x03, 0x02, 
0x5A, 0x1A, 0x54, 0x58, 0x38, 0x9B, 0x0D, 0x11, 0xB6, 0x1E, 0xC1, 0x41, 0xA4, 0x56, 0x6B, 0x5B, 0x25, 0x02, 0x57, 0x22, 
0x24, 0x1B, 0x0C, 0x07, 0x5B, 0x2F, 0x8C, 0x0E, 0x04, 0xBE, 0x18, 0xBD, 0x40, 0x9B, 0x06, 0x09, 0x4A, 0x66, 0x7C, 0x1D, 
0x17, 0x15, 0x06, 0x11, 0x12, 0x0C, 0x1C, 0x18, 0x15, 0x15, 0x36, 0x18, 0x16, 0x0C, 0x1F, 0x56, 0x12, 0x06, 0x15, 0x0F, 
0x03, 0x36, 0x16, 0x1B, 0x15, 0x0E, 0x11, 0x09, 0x4C, 0x19, 0x25, 0x1F, 0x38, 0x18, 0x12, 0x16, 0x39, 0x19, 0x17, 0x0C, 
0x23, 0x42, 0x02, 0x28, 0x0F, 0x34, 0x10, 0x07, 0x20, 0x05, 0x0A, 0x07, 0x23, 0x52, 0x5F, 0x0A, 0x02, 0x01, 0x01, 0x01, 
0x24, 0x06, 0x09, 0x0C, 0x03, 0x08, 0x11, 0x1A, 0x05, 0x06, 0x16, 0x17, 0x0E, 0x07, 0x01, 0x03, 0x04, 0x61, 0x16, 0x26, 
0x1C, 0x01, 0xFD, 0x27, 0x1F, 0xFE, 0xE6, 0x02, 0x05, 0x08, 0x13, 0x10, 0x13, 0x06, 0x02, 0x15, 0x15, 0x0D, 0x08, 0x01, 
0x01, 0x03, 0x07, 0x3E, 0x10, 0x02, 0x05, 0x0E, 0x5C, 0x1B, 0x4F, 0x28, 0x41, 0x19, 0x19, 0x1D, 0x2C, 0x07, 0x24, 0x24, 
0x21, 0x3A, 0x05, 0x3A, 0x1C, 0x08, 0x5C, 0x1B, 0x04, 0x4B, 0x27, 0x3A, 0x05, 0x27, 0x19, 0x2D, 0x27, 0x21, 0x0D, 0x13, 
0x36, 0x23, 0x05, 0x58, 0x02, 0x24, 0x08, 0x0C, 0x0E, 0x19, 0x72, 0x05, 0x51, 0x4C, 0x73, 0x02, 0x38, 0x39, 0x01, 0x54, 
0x25, 0x04, 0x39, 0x39, 0x1B, 0x1B, 0x73, 0x05, 0x73, 0x07, 0x0B, 0x72, 0x05, 0x4E, 0x49, 0x74, 0x04, 0x36, 0x38, 0x51, 
0x26, 0x1D, 0x4A, 0x12, 0x01, 0x01, 0x7A, 0x0C, 0x36, 0x08, 0x02, 0x04, 0x01, 0x34, 0x04, 0x02, 0x13, 0x03, 0x17, 0x1C, 
0x13, 0x11, 0x01, 0x01, 0x02, 0x19, 0x03, 0x76, 0x09, 0x37, 0x26, 0x24, 0x0B, 0x0D, 0x0A, 0x0A, 0x1C, 0x08, 0x24, 0x0E, 
0x03, 0x06, 0x04, 0x00, 0x00, 0x0D, 0x00, 0x5F, 0xFF, 0xF8, 0x04, 0x8D, 0x02, 0x03, 0x00, 0x3E, 0x00, 0x6B, 0x00, 0x6F, 
0x00, 0x73, 0x00, 0x7C, 0x00, 0x89, 0x00, 0x8D, 0x00, 0x96, 0x00, 0xA2, 0x00, 0xBC, 0x00, 0xC0, 0x00, 0xC3, 0x00, 0xD3, 
0x00, 0x00, 0x01, 0x36, 0x27, 0x36, 0x3F, 0x01, 0x27, 0x36, 0x37, 0x27, 0x23, 0x37, 0x27, 0x07, 0x27, 0x37, 0x27, 0x07, 
0x27, 0x0E, 0x01, 0x07, 0x27, 0x23, 0x22, 0x07, 0x27, 0x07, 0x17, 0x07, 0x1F, 0x01, 0x07, 0x06, 0x33, 0x17, 0x0F, 0x01, 
0x17, 0x07, 0x17, 0x37, 0x07, 0x17, 0x37, 0x17, 0x3F, 0x01, 0x17, 0x1E, 0x01, 0x33, 0x32, 0x3F, 0x01, 0x17, 0x36, 0x3F, 
0x01, 0x2F, 0x01, 0x33, 0x37, 0x0F, 0x01, 0x16, 0x07, 0x30, 0x06, 0x07, 0x27, 0x07, 0x27, 0x07, 0x27, 0x07, 0x37, 0x27, 
0x07, 0x37, 0x27, 0x37, 0x27, 0x37, 0x27, 0x37, 0x27, 0x37, 0x17, 0x37, 0x16, 0x33, 0x32, 0x3F, 0x01, 0x17, 0x37, 0x17, 
0x07, 0x37, 0x07, 0x33, 0x07, 0x1F, 0x01, 0x23, 0x07, 0x17, 0x2F, 0x01, 0x07, 0x17, 0x07, 0x27, 0x07, 0x17, 0x27, 0x37, 
0x27, 0x07, 0x27, 0x07, 0x3F, 0x01, 0x16, 0x27, 0x37, 0x26, 0x23, 0x22, 0x07, 0x06, 0x07, 0x33, 0x36, 0x33, 0x32, 0x17, 
0x27, 0x0F, 0x01, 0x37, 0x07, 0x37, 0x27, 0x07, 0x27, 0x07, 0x3F, 0x01, 0x16, 0x27, 0x26, 0x2B, 0x01, 0x06, 0x07, 0x16, 
0x33, 0x32, 0x36, 0x37, 0x32, 0x27, 0x06, 0x0F, 0x01, 0x06, 0x16, 0x15, 0x16, 0x33, 0x32, 0x36, 0x3F, 0x01, 0x06, 0x23, 
0x22, 0x37, 0x36, 0x37, 0x36, 0x33, 0x32, 0x07, 0x30, 0x16, 0x17, 0x27, 0x0F, 0x01, 0x37, 0x25, 0x23, 0x37, 0x05, 0x0E, 
0x01, 0x07, 0x06, 0x23, 0x22, 0x3F, 0x01, 0x36, 0x33, 0x32, 0x17, 0x06, 0x15, 0x14, 0x04, 0x89, 0x04, 0x56, 0x35, 0x06, 
0x02, 0x86, 0x1C, 0x06, 0x0C, 0xA6, 0x0F, 0x31, 0x94, 0x01, 0x07, 0x15, 0x8C, 0x38, 0x17, 0x2B, 0x23, 0x48, 0x04, 0x22, 
0x14, 0x50, 0x0C, 0x1E, 0x51, 0x01, 0x47, 0x33, 0x05, 0x15, 0x6E, 0x1A, 0x05, 0xB3, 0x0F, 0x13, 0xB5, 0x08, 0x14, 0x94, 
0x24, 0x24, 0x53, 0x08, 0x11, 0x1A, 0x11, 0x15, 0x08, 0x19, 0x43, 0x16, 0x05, 0x01, 0x01, 0x1D, 0x3E, 0x14, 0x17, 0x5B, 
0x2F, 0x04, 0x03, 0x02, 0x5A, 0x1A, 0x54, 0x58, 0x38, 0x9B, 0x0D, 0x11, 0xB6, 0x1E, 0xC1, 0x41, 0xA4, 0x56, 0x6B, 0x5B, 
0x25, 0x02, 0x57, 0x22, 0x24, 0x1B, 0x0C, 0x07, 0x5B, 0x2F, 0x8C, 0x0E, 0x04, 0xBE, 0x18, 0xBD, 0x40, 0x9B, 0x06, 0x09, 
0x4A, 0x66, 0x7C, 0x1D, 0x17, 0x15, 0x06, 0x11, 0x12, 0x0C, 0x1C, 0x18, 0x15, 0x15, 0x36, 0x18, 0x16, 0x0C, 0x1F, 0x56, 
0x12, 0x06, 0x15, 0x0F, 0x03, 0x36, 0x16, 0x1B, 0x15, 0x0E, 0x11, 0x09, 0x4C, 0x19, 0x25, 0x1F, 0x38, 0x18, 0x12, 0x16, 
0x39, 0x19, 0x17, 0x0C, 0x23, 0x42, 0x02, 0x28, 0x0F, 0x34, 0x10, 0x07, 0x20, 0x05, 0x0A, 0x07, 0x23, 0x52, 0x5F, 0x0A, 
0x02, 0x01, 0x01, 0x01, 0x24, 0x06, 0x09, 0x0C, 0x03, 0x08, 0x11, 0x1A, 0x05, 0x06, 0x16, 0x17, 0x0E, 0x07, 0x01, 0x03, 
0x04, 0x61, 0x16, 0x26, 0x1C, 0x01, 0xFD, 0x27, 0x1F, 0xFE, 0xE6, 0x02, 0x05, 0x08, 0x13, 0x10, 0x13, 0x06, 0x02, 0x15, 
0x15, 0x0D, 0x08, 0x01, 0x01, 0x0C, 0x12, 0x21, 0x06, 0x1E, 0x08, 0x24, 0x01, 0x23, 0x0E, 0x27, 0x05, 0x1A, 0x07, 0x13, 
0x16, 0x3B, 0x25, 0x08, 0x22, 0x22, 0x18, 0x5C, 0x08, 0x26, 0x30, 0x0C, 0x1F, 0x22, 0x20, 0x1A, 0x14, 0x16, 0x17, 0x0F, 
0x20, 0x0C, 0x19, 0x25, 0x08, 0x40, 0x26, 0x06, 0x46, 0x02, 0x0B, 0x0B, 0x0E, 0x4E, 0x0F, 0x07, 0x15, 0x05, 0x09, 0x32, 
0x1C, 0x08, 0x07, 0x3E, 0x10, 0x02, 0x05, 0x0E, 0x5C, 0x1B, 0x4F, 0x28, 0x41, 0x19, 0x19, 0x1D, 0x2C, 0x07, 0x24, 0x24, 
0x21, 0x3A, 0x05, 0x3A, 0x1C, 0x08, 0x5C, 0x1B, 0x04, 0x4B, 0x27, 0x3A, 0x05, 0x27, 0x19, 0x2D, 0x27, 0x21, 0x0D, 0x13, 
0x36, 0x23, 0x05, 0x58, 0x02, 0x24, 0x08, 0x0C, 0x0E, 0x19, 0x72, 0x05, 0x51, 0x4C, 0x73, 0x02, 0x38, 0x39, 0x01, 0x54, 
0x25, 0x04, 0x39, 0x39, 0x1B, 0x1B, 0x73, 0x05, 0x73, 0x07, 0x0B, 0x72, 0x05, 0x4E, 0x49, 0x74, 0x04, 0x36, 0x38, 0x51, 
0x26, 0x1D, 0x4A, 0x12, 0x01, 0x01, 0x7A, 0x0C, 0x36, 0x08, 0x02, 0x04, 0x01, 0x34, 0x04, 0x02, 0x13, 0x03, 0x17, 0x1C, 
0x13, 0x11, 0x01, 0x01, 0x02, 0x19, 0x03, 0x76, 0x09, 0x37, 0x26, 0x24, 0x0B, 0x0D, 0x0A, 0x0A, 0x1C, 0x08, 0x24, 0x0E, 
0x03, 0x06, 0x04, 0x00, 0x00, 0x0B, 0x00, 0x4F, 0x00, 0xA7, 0x03, 0x40, 0x01, 0x3A, 0x00, 0x03, 0x00, 0x07, 0x00, 0x10, 
0x00, 0x1D, 0x00, 0x21, 0x00, 0x2A, 0x00, 0x36, 0x00, 0x50, 0x00, 0x54, 0x00, 0x57, 0x00, 0x67, 0x00, 0x00, 0x01, 0x27, 
0x07, 0x17, 0x07, 0x27, 0x07, 0x17, 0x27, 0x37, 0x27, 0x07, 0x27, 0x07, 0x3F, 0x01, 0x16, 0x27, 0x37, 0x26, 0x23, 0x22, 
0x07, 0x06, 0x07, 0x33, 0x36, 0x33, 0x32, 0x17, 0x27, 0x0F, 0x01, 0x37, 0x07, 0x37, 0x27, 0x07, 0x27, 0x07, 0x3F, 0x01, 
0x16, 0x27, 0x26, 0x2B, 0x01, 0x06, 0x07, 0x16, 0x33, 0x32, 0x36, 0x37, 0x32, 0x27, 0x06, 0x0F, 0x01, 0x06, 0x16, 0x15, 
0x16, 0x33, 0x32, 0x36, 0x3F, 0x01, 0x06, 0x23, 0x22, 0x37, 0x36, 0x37, 0x36, 0x33, 0x32, 0x07, 0x30, 0x16, 0x17, 0x27, 
0x0F, 0x01, 0x37, 0x25, 0x23, 0x37, 0x05, 0x0E, 0x01, 0x07, 0x06, 0x23, 0x22, 0x3F, 0x01, 0x36, 0x33, 0x32, 0x17, 0x06, 
0x15, 0x14, 0x03, 0x40, 0x1D, 0x17, 0x15, 0x06, 0x11, 0x12, 0x0C, 0x1C, 0x18, 0x15, 0x15, 0x36, 0x18, 0x16, 0x0C, 0x1F, 
0x56, 0x12, 0x06, 0x15, 0x0F, 0x03, 0x36, 0x16, 0x1B, 0x15, 0x0E, 0x11, 0x09, 0x4C, 0x19, 0x25, 0x1F, 0x38, 0x18, 0x12, 
0x16, 0x39, 0x19, 0x17, 0x0C, 0x23, 0x42, 0x02, 0x28, 0x0F, 0x34, 0x10, 0x07, 0x20, 0x05, 0x0A, 0x07, 0x23, 0x52, 0x5F, 
0x0A, 0x02, 0x01, 0x01, 0x01, 0x24, 0x06, 0x09, 0x0C, 0x03, 0x08, 0x11, 0x1A, 0x05, 0x06, 0x16, 0x17, 0x0E, 0x07, 0x01, 
0x03, 0x04, 0x61, 0x16, 0x26, 0x1C, 0x01, 0xFD, 0x27, 0x1F, 0xFE, 0xE6, 0x02, 0x05, 0x08, 0x13, 0x10, 0x13, 0x06, 0x02, 
0x15, 0x15, 0x0D, 0x08, 0x01, 0x01, 0x32, 0x05, 0x58, 0x02, 0x24, 0x08, 0x0C, 0x0E, 0x19, 0x72, 0x05, 0x51, 0x4C, 0x73, 
0x02, 0x38, 0x39, 0x01, 0x54, 0x25, 0x04, 0x39, 0x39, 0x1B, 0x1B, 0x73, 0x05, 0x73, 0x07, 0x0B, 0x72, 0x05, 0x4E, 0x49, 
0x74, 0x04, 0x36, 0x38, 0x51, 0x26, 0x1D, 0x4A, 0x12, 0x01, 0x01, 0x7A, 0x0C, 0x36, 0x08, 0x02, 0x04, 0x01, 0x34, 0x04, 
0x02, 0x13, 0x03, 0x17, 0x1C, 0x13, 0x11, 0x01, 0x01, 0x02, 0x19, 0x03, 0x76, 0x09, 0x37, 0x26, 0x24, 0x0B, 0x0D, 0x0A, 
0x0A, 0x1C, 0x08, 0x24, 0x0E, 0x03, 0x06, 0x04, 0x00, 0x02, 0x00, 0x28, 0x00, 0x00, 0x03, 0xF2, 0x02, 0x86, 0x00, 0x07, 
0x00, 0x0B, 0x00, 0x00, 0x33, 0x13, 0x21, 0x07, 0x21, 0x07, 0x21, 0x07, 0x13, 0x07, 0x21, 0x37, 0x28, 0x56, 0x03, 0x42, 
0x22, 0xFD, 0xCE, 0x12, 0x02, 0x31, 0x22, 0x89, 0x22, 0xFE, 0xF1, 0x22, 0x01, 0x93, 0xA0, 0x52, 0xA1, 0x02, 0x86, 0xA0, 
0xA0, 0x00, 0x00, 0x03, 0x00, 0x78, 0x00, 0x00, 0x04, 0x41, 0x03, 0x38, 0x00, 0x08, 0x00, 0x0C, 0x00, 0x10, 0x00, 0x00, 
0x01, 0x03, 0x21, 0x37, 0x21, 0x07, 0x21, 0x13, 0x27, 0x05, 0x07, 0x21, 0x37, 0x03, 0x33, 0x17, 0x23, 0x04, 0x41, 0x89, 
0xFE, 0xF1, 0x2C, 0xFE, 0xDE, 0x2C, 0xFE, 0xF1, 0x75, 0x5F, 0x01, 0x60, 0x19, 0x01, 0x22, 0x19, 0xE8, 0xDA, 0x3B, 0xD7, 
0x02, 0x86, 0xFD, 0x7A, 0xCF, 0xCF, 0x02, 0x26, 0x60, 0xA1, 0x76, 0x76, 0x01, 0x53, 0x7C, 0x00, 0x00, 0x03, 0x00, 0x78, 
0x00, 0x00, 0x04, 0x41, 0x03, 0x38, 0x00, 0x08, 0x00, 0x0C, 0x00, 0x10, 0x00, 0x00, 0x01, 0x03, 0x21, 0x37, 0x21, 0x07, 
0x21, 0x13, 0x27, 0x05, 0x07, 0x21, 0x37, 0x27, 0x23, 0x37, 0x33, 0x04, 0x41, 0x89, 0xFE, 0xF1, 0x2C, 0xFE, 0xDE, 0x2C, 
0xFE, 0xF1, 0x75, 0x5F, 0x01, 0x60, 0x19, 0x01, 0x22, 0x19, 0x22, 0xD7, 0x6F, 0xDA, 0x02, 0x86, 0xFD, 0x7A, 0xCF, 0xCF, 
0x02, 0x26, 0x60, 0xA1, 0x76, 0x76, 0xD7, 0x7C, 0x00, 0x03, 0x00, 0x78, 0x00, 0x00, 0x04, 0x41, 0x03, 0x38, 0x00, 0x03, 
0x00, 0x0C, 0x00, 0x13, 0x00, 0x00, 0x01, 0x07, 0x21, 0x37, 0x25, 0x17, 0x03, 0x21, 0x37, 0x21, 0x07, 0x21, 0x13, 0x25, 
0x33, 0x27, 0x21, 0x07, 0x33, 0x37, 0x03, 0x10, 0x19, 0xFE, 0xDE, 0x19, 0xFE, 0xA0, 0x5F, 0x75, 0x01, 0x0F, 0x2C, 0x01, 
0x22, 0x2C, 0x01, 0x0F, 0x89, 0xFE, 0xA7, 0xD6, 0x3C, 0xFE, 0x88, 0x6F, 0xD7, 0x4C, 0x01, 0xE5, 0x76, 0x76, 0xA1, 0x60, 
0xFD, 0xDA, 0xCF, 0xCF, 0x02, 0x86, 0x36, 0x7C, 0x7C, 0x53, 0x00, 0x03, 0x00, 0x78, 0x00, 0x00, 0x04, 0x41, 0x03, 0x38, 
0x00, 0x03, 0x00, 0x0C, 0x00, 0x16, 0x00, 0x00, 0x01, 0x07, 0x21, 0x37, 0x25, 0x17, 0x03, 0x21, 0x37, 0x21, 0x07, 0x21, 
0x13, 0x25, 0x21, 0x07, 0x33, 0x37, 0x17, 0x21, 0x37, 0x23, 0x07, 0x03, 0x10, 0x19, 0xFE, 0xDE, 0x19, 0xFE, 0xA0, 0x5F, 
0x75, 0x01, 0x0F, 0x2C, 0x01, 0x22, 0x2C, 0x01, 0x0F, 0x89, 0xFE, 0x9F, 0xFE, 0xE0, 0x6F, 0xD7, 0x4C, 0x2A, 0x01, 0x20, 
0x6F, 0xD7, 0x4C, 0x01, 0xE5, 0x76, 0x76, 0xA1, 0x60, 0xFD, 0xDA, 0xCF, 0xCF, 0x02, 0x86, 0xB2, 0x7C, 0x53, 0x53, 0x7C, 
0x53, 0x00, 0x00, 0x04, 0x00, 0x78, 0x00, 0x00, 0x04, 0x41, 0x03, 0x38, 0x00, 0x08, 0x00, 0x0C, 0x00, 0x10, 0x00, 0x14, 
0x00, 0x00, 0x01, 0x03, 0x21, 0x37, 0x21, 0x07, 0x21, 0x13, 0x27, 0x05, 0x07, 0x21, 0x37, 0x25, 0x37, 0x33, 0x07, 0x33, 
0x37, 0x33, 0x07, 0x04, 0x41, 0x89, 0xFE, 0xF1, 0x2C, 0xFE, 0xDE, 0x2C, 0xFE, 0xF1, 0x75, 0x5F, 0x01, 0x60, 0x19, 0x01, 
0x22, 0x19, 0xFE, 0x8B, 0x1A, 0xD7, 0x1A, 0x75, 0x1A, 0xD7, 0x1A, 0x02, 0x86, 0xFD, 0x7A, 0xCF, 0xCF, 0x02, 0x26, 0x60, 
0xA1, 0x76, 0x76, 0xD7, 0x7C, 0x7C, 0x7C, 0x7C, 0x00, 0x04, 0x00, 0x78, 0x00, 0x00, 0x04, 0x41, 0x03, 0x38, 0x00, 0x03, 
0x00, 0x07, 0x00, 0x10, 0x00, 0x14, 0x00, 0x00, 0x01, 0x37, 0x23, 0x07, 0x17, 0x07, 0x21, 0x37, 0x25, 0x17, 0x03, 0x21, 
0x37, 0x21, 0x07, 0x21, 0x13, 0x25, 0x37, 0x33, 0x07, 0x03, 0x15, 0x1A, 0xD7, 0x1A, 0xD2, 0x19, 0xFE, 0xDE, 0x19, 0xFE, 
0xA0, 0x5F, 0x75, 0x01, 0x0F, 0x2C, 0x01, 0x22, 0x2C, 0x01, 0x0F, 0x89, 0xFE, 0x51, 0x08, 0x42, 0x08, 0x02, 0xBC, 0x7C, 
0x7C, 0xD7, 0x76, 0x76, 0xA1, 0x60, 0xFD, 0xDA, 0xCF, 0xCF, 0x02, 0x86, 0x63, 0x22, 0x22, 0x00, 0x00, 0x02, 0x00, 0x78, 
0x00, 0x00, 0x06, 0x46, 0x02, 0x86, 0x00, 0x10, 0x00, 0x14, 0x00, 0x00, 0x21, 0x37, 0x21, 0x37, 0x21, 0x37, 0x21, 0x37, 
0x21, 0x37, 0x21, 0x17, 0x03, 0x21, 0x37, 0x21, 0x07, 0x03, 0x21, 0x07, 0x21, 0x05, 0xBD, 0x22, 0xFD, 0xFB, 0x12, 0x02, 
0x05, 0x22, 0xFD, 0xFB, 0x11, 0x02, 0x05, 0x22, 0xFA, 0x48, 0x5F, 0x75, 0x01, 0x0F, 0x2C, 0x01, 0x21, 0x2C, 0xBA, 0x01, 
0x21, 0x19, 0xFE, 0xDF, 0xA0, 0x53, 0xA0, 0x52, 0xA1, 0x60, 0xFD, 0xDA, 0xCF, 0xCF, 0x01, 0xE5, 0x76, 0x00, 0x00, 0x01, 
0x00, 0x78, 0xFF, 0x57, 0x04, 0x16, 0x02, 0x86, 0x00, 0x0E, 0x00, 0x00, 0x05, 0x07, 0x21, 0x37, 0x21, 0x37, 0x21, 0x13, 
0x21, 0x37, 0x21, 0x17, 0x03, 0x21, 0x07, 0x01, 0x61, 0x18, 0x01, 0x11, 0x24, 0x01, 0x0F, 0x22, 0xFD, 0xFA, 0x45, 0x02, 
0x06, 0x22, 0xFC, 0x78, 0x5F, 0x75, 0x01, 0x76, 0x0C, 0x3A, 0x6F, 0xA9, 0xA0, 0x01, 0x45, 0xA1, 0x60, 0xFD, 0xDA, 0x3A, 
0x00, 0x02, 0x00, 0x78, 0x00, 0x00, 0x04, 0x41, 0x03, 0x38, 0x00, 0x0C, 0x00, 0x10, 0x00, 0x00, 0x01, 0x07, 0x21, 0x07, 
0x21, 0x07, 0x21, 0x07, 0x21, 0x13, 0x27, 0x21, 0x07, 0x01, 0x33, 0x17, 0x23, 0x01, 0xEE, 0x11, 0x02, 0x31, 0x22, 0xFD, 
0xCF, 0x12, 0x02, 0x31, 0x22, 0xFC, 0xC0, 0x75, 0x5F, 0x03, 0xB3, 0x22, 0xFE, 0x09, 0xDA, 0x3B, 0xD7, 0x01, 0xE5, 0x52, 
0xA0, 0x53, 0xA0, 0x02, 0x26, 0x60, 0xA1, 0x01, 0x53, 0x7C, 0x00, 0x02, 0x00, 0x78, 0x00, 0x00, 0x04, 0x41, 0x03, 0x38, 
0x00, 0x0C, 0x00, 0x10, 0x00, 0x00, 0x01, 0x37, 0x21, 0x17, 0x03, 0x21, 0x37, 0x21, 0x37, 0x21, 0x37, 0x21, 0x37, 0x01, 
0x23, 0x07, 0x33, 0x04, 0x1F, 0x22, 0xFC, 0x4D, 0x5F, 0x75, 0x03, 0x40, 0x22, 0xFD, 0xCF, 0x12, 0x02, 0x31, 0x22, 0xFD, 
0xCF, 0x11, 0x01, 0x72, 0xDA, 0x6F, 0xD7, 0x01, 0xE5, 0xA1, 0x60, 0xFD, 0xDA, 0xA0, 0x53, 0xA0, 0x52, 0x01, 0x53, 0x7C, 
0x00, 0x02, 0x00, 0x78, 0x00, 0x00, 0x04, 0x41, 0x03, 0x38, 0x00, 0x0C, 0x00, 0x13, 0x00, 0x00, 0x01, 0x37, 0x21, 0x17, 
0x03, 0x21, 0x37, 0x21, 0x37, 0x21, 0x37, 0x21, 0x3F, 0x01, 0x33, 0x27, 0x21, 0x07, 0x33, 0x37, 0x04, 0x1F, 0x22, 0xFC, 
0x4D, 0x5F, 0x75, 0x03, 0x40, 0x22, 0xFD, 0xCF, 0x12, 0x02, 0x31, 0x22, 0xFD, 0xCF, 0x11, 0xFA, 0xD6, 0x3C, 0xFE, 0x88, 
0x6F, 0xD7, 0x4C, 0x01, 0xE5, 0xA1, 0x60, 0xFD, 0xDA, 0xA0, 0x53, 0xA0, 0x52, 0xD7, 0x7C, 0x7C, 0x53, 0x00, 0x00, 0x03, 
0x00, 0x78, 0x00, 0x00, 0x04, 0x41, 0x03, 0x38, 0x00, 0x0C, 0x00, 0x10, 0x00, 0x14, 0x00, 0x00, 0x01, 0x07, 0x21, 0x07, 
0x21, 0x07, 0x21, 0x07, 0x21, 0x13, 0x27, 0x21, 0x07, 0x25, 0x37, 0x33, 0x07, 0x33, 0x37, 0x33, 0x07, 0x01, 0xEE, 0x11, 
0x02, 0x31, 0x22, 0xFD, 0xCF, 0x12, 0x02, 0x31, 0x22, 0xFC, 0xC0, 0x75, 0x5F, 0x03, 0xB3, 0x22, 0xFD, 0x7C, 0x1A, 0xD7, 
0x1A, 0x75, 0x1A, 0xD7, 0x1A, 0x01, 0xE5, 0x52, 0xA0, 0x53, 0xA0, 0x02, 0x26, 0x60, 0xA1, 0xD7, 0x7C, 0x7C, 0x7C, 0x7C, 
0x00, 0x02, 0x00, 0x78, 0x00, 0x00, 0x02, 0x10, 0x03, 0x38, 0x00, 0x04, 0x00, 0x08, 0x00, 0x00, 0x13, 0x27, 0x21, 0x03, 
0x21, 0x13, 0x33, 0x17, 0x23, 0xED, 0x5F, 0x01, 0x82, 0x89, 0xFE, 0xF1, 0x74, 0xDA, 0x3B, 0xD7, 0x02, 0x26, 0x60, 0xFD, 
0x7A, 0x03, 0x38, 0x7C, 0x00, 0x02, 0x00, 0x78, 0x00, 0x00, 0x02, 0x35, 0x03, 0x38, 0x00, 0x04, 0x00, 0x08, 0x00, 0x00, 
0x13, 0x27, 0x21, 0x03, 0x21, 0x01, 0x23, 0x37, 0x33, 0xED, 0x5F, 0x01, 0x82, 0x89, 0xFE, 0xF1, 0x01, 0x4B, 0xD7, 0x6F, 
0xDA, 0x02, 0x26, 0x60, 0xFD, 0x7A, 0x02, 0xBC, 0x7C, 0x00, 0x00, 0x02, 0x00, 0x6D, 0x00, 0x00, 0x02, 0x90, 0x03, 0x38, 
0x00, 0x04, 0x00, 0x0B, 0x00, 0x00, 0x33, 0x21, 0x13, 0x21, 0x17, 0x37, 0x33, 0x27, 0x21, 0x07, 0x33, 0x37, 0x78, 0x01, 
0x0F, 0x89, 0xFE, 0x7E, 0x5F, 0xCD, 0xD6, 0x3C, 0xFE, 0x88, 0x6F, 0xD7, 0x4C, 0x02, 0x86, 0x60, 0x96, 0x7C, 0x7C, 0x53, 
0x00, 0x03, 0x00, 0x6E, 0x00, 0x00, 0x02, 0xAB, 0x03, 0x38, 0x00, 0x04, 0x00, 0x08, 0x00, 0x0C, 0x00, 0x00, 0x13, 0x27, 
0x21, 0x03, 0x21, 0x03, 0x37, 0x33, 0x07, 0x33, 0x37, 0x33, 0x07, 0xED, 0x5F, 0x01, 0x82, 0x89, 0xFE, 0xF1, 0x0A, 0x1A, 
0xD7, 0x1A, 0x75, 0x1A, 0xD7, 0x1A, 0x02, 0x26, 0x60, 0xFD, 0x7A, 0x02, 0xBC, 0x7C, 0x7C, 0x7C, 0x7C, 0x00, 0x00, 0x02, 
0x00, 0x5C, 0x00, 0x00, 0x04, 0x41, 0x02, 0x86, 0x00, 0x09, 0x00, 0x12, 0x00, 0x00, 0x13, 0x07, 0x33, 0x07, 0x21, 0x25, 
0x13, 0x21, 0x17, 0x07, 0x25, 0x0F, 0x01, 0x23, 0x37, 0x33, 0x37, 0x23, 0x37, 0x7E, 0x22, 0x50, 0x34, 0x02, 0x47, 0x01, 
0x22, 0x60, 0xFC, 0x4D, 0x5F, 0x1F, 0x02, 0x42, 0x2B, 0xAC, 0x90, 0x12, 0x78, 0x22, 0x78, 0x11, 0x01, 0x93, 0xA0, 0xF3, 
0xC3, 0x01, 0xC3, 0x60, 0x93, 0x52, 0xCD, 0x78, 0x53, 0xA0, 0x52, 0x00, 0x00, 0x02, 0x00, 0x78, 0x00, 0x00, 0x04, 0x41, 
0x03, 0x38, 0x00, 0x0A, 0x00, 0x14, 0x00, 0x00, 0x33, 0x21, 0x1B, 0x01, 0x21, 0x13, 0x21, 0x0B, 0x01, 0x21, 0x17, 0x01, 
0x21, 0x07, 0x33, 0x37, 0x17, 0x21, 0x37, 0x23, 0x07, 0x78, 0x01, 0x0F, 0x3D, 0xE5, 0x01, 0x0F, 0x89, 0xFE, 0xF1, 0x3D, 
0xE5, 0xFE, 0x7E, 0x5F, 0x01, 0xF3, 0xFE, 0xE0, 0x6F, 0xD7, 0x4C, 0x2A, 0x01, 0x20, 0x6F, 0xD7, 0x4C, 0x01, 0x1F, 0xFE, 
0xE1, 0x02, 0x86, 0xFE, 0xE1, 0x01, 0x1F, 0x60, 0x01, 0x12, 0x7C, 0x53, 0x53, 0x7C, 0x53, 0x00, 0x00, 0x03, 0x00, 0x78, 
0x00, 0x00, 0x04, 0x41, 0x03, 0x38, 0x00, 0x03, 0x00, 0x07, 0x00, 0x0C, 0x00, 0x00, 0x01, 0x33, 0x17, 0x23, 0x03, 0x21, 
0x13, 0x21, 0x25, 0x21, 0x03, 0x21, 0x13, 0x02, 0x28, 0xDA, 0x3B, 0xD7, 0xBD, 0x01, 0x22, 0x45, 0xFE, 0xDE, 0xFE, 0xA0, 
0x03, 0xB3, 0x89, 0xFC, 0xC0, 0x75, 0x03, 0x38, 0x7C, 0xFD, 0xE4, 0x01, 0x45, 0xA1, 0xFD, 0x7A, 0x02, 0x26, 0x00, 0x03, 
0x00, 0x78, 0x00, 0x00, 0x04, 0x41, 0x03, 0x38, 0x00, 0x04, 0x00, 0x08, 0x00, 0x0C, 0x00, 0x00, 0x13, 0x03, 0x21, 0x13, 
0x21, 0x05, 0x21, 0x03, 0x21, 0x01, 0x23, 0x07, 0x33, 0xED, 0x75, 0x03, 0x40, 0x89, 0xFC, 0x4D, 0x01, 0x60, 0x01, 0x22, 
0x45, 0xFE, 0xDE, 0x01, 0xB7, 0xDA, 0x6F, 0xD7, 0x02, 0x26, 0xFD, 0xDA, 0x02, 0x86, 0xA1, 0xFE, 0xBB, 0x02, 0x98, 0x7C, 
0x00, 0x03, 0x00, 0x78, 0x00, 0x00, 0x04, 0x41, 0x03, 0x38, 0x00, 0x04, 0x00, 0x08, 0x00, 0x0F, 0x00, 0x00, 0x13, 0x17, 
0x03, 0x21, 0x13, 0x01, 0x13, 0x21, 0x03, 0x13, 0x33, 0x27, 0x21, 0x07, 0x33, 0x37, 0x8E, 0x5F, 0x75, 0x03, 0x40, 0x89, 
0xFD, 0x68, 0x45, 0x01, 0x22, 0x45, 0x1D, 0xD6, 0x3C, 0xFE, 0x88, 0x6F, 0xD7, 0x4C, 0x02, 0x86, 0x60, 0xFD, 0xDA, 0x02, 
0x86, 0xFE, 0x1A, 0x01, 0x45, 0xFE, 0xBB, 0x02, 0x1C, 0x7C, 0x7C, 0x53, 0x00, 0x03, 0x00, 0x78, 0x00, 0x00, 0x04, 0x41, 
0x03, 0x38, 0x00, 0x04, 0x00, 0x08, 0x00, 0x12, 0x00, 0x00, 0x13, 0x17, 0x03, 0x21, 0x13, 0x01, 0x13, 0x21, 0x03, 0x13, 
0x21, 0x07, 0x33, 0x37, 0x17, 0x21, 0x37, 0x23, 0x07, 0x8E, 0x5F, 0x75, 0x03, 0x40, 0x89, 0xFD, 0x68, 0x45, 0x01, 0x22, 
0x45, 0x15, 0xFE, 0xE0, 0x6F, 0xD7, 0x4C, 0x2A, 0x01, 0x20, 0x6F, 0xD7, 0x4C, 0x02, 0x86, 0x60, 0xFD, 0xDA, 0x02, 0x86, 
0xFE, 0x1A, 0x01, 0x45, 0xFE, 0xBB, 0x02, 0x98, 0x7C, 0x53, 0x53, 0x7C, 0x53, 0x00, 0x00, 0x04, 0x00, 0x78, 0x00, 0x00, 
0x04, 0x41, 0x03, 0x38, 0x00, 0x03, 0x00, 0x08, 0x00, 0x0C, 0x00, 0x10, 0x00, 0x00, 0x25, 0x21, 0x13, 0x21, 0x25, 0x21, 
0x03, 0x21, 0x13, 0x3F, 0x01, 0x33, 0x07, 0x33, 0x37, 0x33, 0x07, 0x01, 0xA9, 0x01, 0x22, 0x45, 0xFE, 0xDE, 0xFE, 0xA0, 
0x03, 0xB3, 0x89, 0xFC, 0xC0, 0x75, 0xAE, 0x1A, 0xD7, 0x1A, 0x75, 0x1A, 0xD7, 0x1A, 0xA0, 0x01, 0x45, 0xA1, 0xFD, 0x7A, 
0x02, 0x26, 0x96, 0x7C, 0x7C, 0x7C, 0x7C, 0x00, 0x00, 0x01, 0x00, 0x55, 0x00, 0x63, 0x02, 0x42, 0x02, 0x21, 0x00, 0x0B, 
0x00, 0x00, 0x01, 0x27, 0x07, 0x27, 0x07, 0x17, 0x07, 0x17, 0x37, 0x17, 0x37, 0x27, 0x02, 0x42, 0x59, 0x84, 0x57, 0x89, 
0x57, 0x87, 0x59, 0x87, 0x56, 0x89, 0x56, 0x01, 0xB0, 0x71, 0x6D, 0x6D, 0x71, 0x6D, 0x6F, 0x71, 0x6F, 0x6F, 0x71, 0x6F, 
0x00, 0x03, 0x00, 0x78, 0x00, 0x00, 0x04, 0x41, 0x02, 0x86, 0x00, 0x04, 0x00, 0x07, 0x00, 0x0A, 0x00, 0x00, 0x13, 0x17, 
0x03, 0x21, 0x13, 0x01, 0x07, 0x23, 0x13, 0x07, 0x37, 0x8E, 0x5F, 0x75, 0x03, 0x40, 0x89, 0xFE, 0xB0, 0x26, 0x99, 0x53, 
0xBC, 0x25, 0x02, 0x86, 0x60, 0xFD, 0xDA, 0x02, 0x86, 0xFE, 0xCB, 0xB1, 0x01, 0x45, 0xB0, 0xB0, 0x00, 0x02, 0x00, 0x78, 
0x00, 0x00, 0x04, 0x41, 0x03, 0x38, 0x00, 0x08, 0x00, 0x0C, 0x00, 0x00, 0x13, 0x27, 0x21, 0x03, 0x21, 0x13, 0x21, 0x03, 
0x21, 0x01, 0x33, 0x17, 0x23, 0xED, 0x5F, 0x01, 0x82, 0x67, 0x01, 0x22, 0x67, 0x01, 0x0F, 0x89, 0xFC, 0xC0, 0x01, 0xB0, 
0xDA, 0x3B, 0xD7, 0x02, 0x26, 0x60, 0xFE, 0x1A, 0x01, 0xE6, 0xFD, 0x7A, 0x03, 0x38, 0x7C, 0x00, 0x00, 0x02, 0x00, 0x78, 
0x00, 0x00, 0x04, 0x41, 0x03, 0x38, 0x00, 0x08, 0x00, 0x0C, 0x00, 0x00, 0x33, 0x21, 0x13, 0x21, 0x03, 0x21, 0x13, 0x21, 
0x17, 0x01, 0x23, 0x07, 0x33, 0x78, 0x03, 0x40, 0x89, 0xFE, 0xF1, 0x67, 0xFE, 0xDE, 0x67, 0xFE, 0x7E, 0x5F, 0x02, 0x73, 
0xDA, 0x6F, 0xD7, 0x02, 0x86, 0xFE, 0x1A, 0x01, 0xE6, 0x60, 0x01, 0x12, 0x7C, 0x00, 0x00, 0x02, 0x00, 0x78, 0x00, 0x00, 
0x04, 0x41, 0x03, 0x38, 0x00, 0x08, 0x00, 0x0F, 0x00, 0x00, 0x33, 0x21, 0x13, 0x21, 0x03, 0x21, 0x13, 0x21, 0x17, 0x25, 
0x33, 0x27, 0x21, 0x07, 0x33, 0x37, 0x78, 0x03, 0x40, 0x89, 0xFE, 0xF1, 0x67, 0xFE, 0xDE, 0x67, 0xFE, 0x7E, 0x5F, 0x01, 
0xFB, 0xD6, 0x3C, 0xFE, 0x88, 0x6F, 0xD7, 0x4C, 0x02, 0x86, 0xFE, 0x1A, 0x01, 0xE6, 0x60, 0x96, 0x7C, 0x7C, 0x53, 0x00, 
0x00, 0x03, 0x00, 0x78, 0x00, 0x00, 0x04, 0x41, 0x03, 0x38, 0x00, 0x08, 0x00, 0x0C, 0x00, 0x10, 0x00, 0x00, 0x13, 0x27, 
0x21, 0x03, 0x21, 0x13, 0x21, 0x03, 0x21, 0x01, 0x37, 0x33, 0x07, 0x33, 0x37, 0x33, 0x07, 0xED, 0x5F, 0x01, 0x82, 0x67, 
0x01, 0x22, 0x67, 0x01, 0x0F, 0x89, 0xFC, 0xC0, 0x01, 0x23, 0x1A, 0xD7, 0x1A, 0x75, 0x1A, 0xD7, 0x1A, 0x02, 0x26, 0x60, 
0xFE, 0x1A, 0x01, 0xE6, 0xFD, 0x7A, 0x02, 0xBC, 0x7C, 0x7C, 0x7C, 0x7C, 0x00, 0x02, 0x00, 0x8E, 0x00, 0x00, 0x04, 0x41, 
0x03, 0x38, 0x00, 0x0D, 0x00, 0x11, 0x00, 0x00, 0x01, 0x07, 0x05, 0x07, 0x21, 0x37, 0x27, 0x37, 0x27, 0x21, 0x07, 0x17, 
0x3F, 0x01, 0x27, 0x23, 0x37, 0x33, 0x04, 0x41, 0x2C, 0xFE, 0xB8, 0x2E, 0xFE, 0xF1, 0x2E, 0xE9, 0x18, 0x5F, 0x01, 0x82, 
0x1A, 0x78, 0xAA, 0x1A, 0x44, 0xD7, 0x6F, 0xDA, 0x02, 0x86, 0xD1, 0xDE, 0xD7, 0xD7, 0xDE, 0x71, 0x60, 0x7C, 0x77, 0x77, 
0x7C, 0x36, 0x7C, 0x00, 0x00, 0x02, 0x00, 0x78, 0x00, 0x00, 0x04, 0x2C, 0x02, 0x86, 0x00, 0x08, 0x00, 0x0C, 0x00, 0x00, 
0x13, 0x03, 0x21, 0x37, 0x21, 0x13, 0x21, 0x37, 0x21, 0x01, 0x21, 0x07, 0x21, 0xED, 0x75, 0x01, 0x0F, 0x16, 0x02, 0x31, 
0x5E, 0xFD, 0xCF, 0x15, 0xFE, 0x7E, 0x01, 0x4A, 0x01, 0x22, 0x19, 0xFE, 0xDE, 0x02, 0x26, 0xFD, 0xDA, 0x69, 0x01, 0xB7, 
0x66, 0xFE, 0xF9, 0x76, 0x00, 0x01, 0x00, 0x54, 0xFF, 0x58, 0x04, 0x42, 0x02, 0x86, 0x00, 0x0E, 0x00, 0x00, 0x01, 0x21, 
0x17, 0x03, 0x21, 0x13, 0x21, 0x07, 0x23, 0x07, 0x33, 0x07, 0x23, 0x07, 0x21, 0x04, 0x42, 0xFC, 0x4C, 0x5E, 0x98, 0x01, 
0x0F, 0x8B, 0x01, 0x22, 0x11, 0xC9, 0x22, 0xC9, 0x12, 0xC9, 0x22, 0x01, 0xD9, 0x02, 0x86, 0x63, 0xFD, 0x35, 0x02, 0x8D, 
0x52, 0xA0, 0x53, 0xA0, 0x00, 0x03, 0x00, 0x78, 0x00, 0x00, 0x04, 0x41, 0x03, 0x38, 0x00, 0x08, 0x00, 0x0C, 0x00, 0x10, 
0x00, 0x00, 0x01, 0x03, 0x21, 0x37, 0x21, 0x07, 0x21, 0x13, 0x27, 0x05, 0x07, 0x21, 0x37, 0x03, 0x33, 0x17, 0x23, 0x04, 
0x41, 0x89, 0xFE, 0xF1, 0x2C, 0xFE, 0xDE, 0x2C, 0xFE, 0xF1, 0x75, 0x5F, 0x01, 0x60, 0x19, 0x01, 0x22, 0x19, 0xE8, 0xDA, 
0x3B, 0xD7, 0x02, 0x86, 0xFD, 0x7A, 0xCF, 0xCF, 0x02, 0x26, 0x60, 0xA1, 0x76, 0x76, 0x01, 0x53, 0x7C, 0x00, 0x00, 0x03, 
0x00, 0x78, 0x00, 0x00, 0x04, 0x41, 0x03, 0x38, 0x00, 0x08, 0x00, 0x0C, 0x00, 0x10, 0x00, 0x00, 0x01, 0x03, 0x21, 0x37, 
0x21, 0x07, 0x21, 0x13, 0x27, 0x05, 0x07, 0x21, 0x37, 0x27, 0x23, 0x37, 0x33, 0x04, 0x41, 0x89, 0xFE, 0xF1, 0x2C, 0xFE, 
0xDE, 0x2C, 0xFE, 0xF1, 0x75, 0x5F, 0x01, 0x60, 0x19, 0x01, 0x22, 0x19, 0x22, 0xD7, 0x6F, 0xDA, 0x02, 0x86, 0xFD, 0x7A, 
0xCF, 0xCF, 0x02, 0x26, 0x60, 0xA1, 0x76, 0x76, 0xD7, 0x7C, 0x00, 0x03, 0x00, 0x78, 0x00, 0x00, 0x04, 0x41, 0x03, 0x38, 
0x00, 0x03, 0x00, 0x0C, 0x00, 0x13, 0x00, 0x00, 0x01, 0x07, 0x21, 0x37, 0x25, 0x17, 0x03, 0x21, 0x37, 0x21, 0x07, 0x21, 
0x13, 0x25, 0x33, 0x27, 0x21, 0x07, 0x33, 0x37, 0x03, 0x10, 0x19, 0xFE, 0xDE, 0x19, 0xFE, 0xA0, 0x5F, 0x75, 0x01, 0x0F, 
0x2C, 0x01, 0x22, 0x2C, 0x01, 0x0F, 0x89, 0xFE, 0xA7, 0xD6, 0x3C, 0xFE, 0x88, 0x6F, 0xD7, 0x4C, 0x01, 0xE5, 0x76, 0x76, 
0xA1, 0x60, 0xFD, 0xDA, 0xCF, 0xCF, 0x02, 0x86, 0x36, 0x7C, 0x7C, 0x53, 0x00, 0x03, 0x00, 0x78, 0x00, 0x00, 0x04, 0x41, 
0x03, 0x38, 0x00, 0x03, 0x00, 0x0C, 0x00, 0x16, 0x00, 0x00, 0x01, 0x07, 0x21, 0x37, 0x25, 0x17, 0x03, 0x21, 0x37, 0x21, 
0x07, 0x21, 0x13, 0x25, 0x21, 0x07, 0x33, 0x37, 0x17, 0x21, 0x37, 0x23, 0x07, 0x03, 0x10, 0x19, 0xFE, 0xDE, 0x19, 0xFE, 
0xA0, 0x5F, 0x75, 0x01, 0x0F, 0x2C, 0x01, 0x22, 0x2C, 0x01, 0x0F, 0x89, 0xFE, 0x9F, 0xFE, 0xE0, 0x6F, 0xD7, 0x4C, 0x2A, 
0x01, 0x20, 0x6F, 0xD7, 0x4C, 0x01, 0xE5, 0x76, 0x76, 0xA1, 0x60, 0xFD, 0xDA, 0xCF, 0xCF, 0x02, 0x86, 0xB2, 0x7C, 0x53, 
0x53, 0x7C, 0x53, 0x00, 0x00, 0x04, 0x00, 0x78, 0x00, 0x00, 0x04, 0x41, 0x03, 0x38, 0x00, 0x08, 0x00, 0x0C, 0x00, 0x10, 
0x00, 0x14, 0x00, 0x00, 0x01, 0x03, 0x21, 0x37, 0x21, 0x07, 0x21, 0x13, 0x27, 0x05, 0x07, 0x21, 0x37, 0x25, 0x37, 0x33, 
0x07, 0x33, 0x37, 0x33, 0x07, 0x04, 0x41, 0x89, 0xFE, 0xF1, 0x2C, 0xFE, 0xDE, 0x2C, 0xFE, 0xF1, 0x75, 0x5F, 0x01, 0x60, 
0x19, 0x01, 0x22, 0x19, 0xFE, 0x8B, 0x1A, 0xD7, 0x1A, 0x75, 0x1A, 0xD7, 0x1A, 0x02, 0x86, 0xFD, 0x7A, 0xCF, 0xCF, 0x02, 
0x26, 0x60, 0xA1, 0x76, 0x76, 0xD7, 0x7C, 0x7C, 0x7C, 0x7C, 0x00, 0x04, 0x00, 0x78, 0x00, 0x00, 0x04, 0x41, 0x03, 0x38, 
0x00, 0x03, 0x00, 0x07, 0x00, 0x10, 0x00, 0x14, 0x00, 0x00, 0x01, 0x37, 0x23, 0x07, 0x17, 0x07, 0x21, 0x37, 0x25, 0x17, 
0x03, 0x21, 0x37, 0x21, 0x07, 0x21, 0x13, 0x25, 0x37, 0x33, 0x07, 0x03, 0x15, 0x1A, 0xD7, 0x1A, 0xD2, 0x19, 0xFE, 0xDE, 
0x19, 0xFE, 0xA0, 0x5F, 0x75, 0x01, 0x0F, 0x2C, 0x01, 0x22, 0x2C, 0x01, 0x0F, 0x89, 0xFE, 0x51, 0x08, 0x42, 0x08, 0x02, 
0xBC, 0x7C, 0x7C, 0xD7, 0x76, 0x76, 0xA1, 0x60, 0xFD, 0xDA, 0xCF, 0xCF, 0x02, 0x86, 0x63, 0x22, 0x22, 0x00, 0x00, 0x02, 
0x00, 0x78, 0x00, 0x00, 0x06, 0x46, 0x02, 0x86, 0x00, 0x10, 0x00, 0x14, 0x00, 0x00, 0x21, 0x37, 0x21, 0x37, 0x21, 0x37, 
0x21, 0x37, 0x21, 0x37, 0x21, 0x17, 0x03, 0x21, 0x37, 0x21, 0x07, 0x03, 0x21, 0x07, 0x21, 0x05, 0xBD, 0x22, 0xFD, 0xFB, 
0x12, 0x02, 0x05, 0x22, 0xFD, 0xFB, 0x11, 0x02, 0x05, 0x22, 0xFA, 0x48, 0x5F, 0x75, 0x01, 0x0F, 0x2C, 0x01, 0x21, 0x2C, 
0xBA, 0x01, 0x21, 0x19, 0xFE, 0xDF, 0xA0, 0x53, 0xA0, 0x52, 0xA1, 0x60, 0xFD, 0xDA, 0xCF, 0xCF, 0x01, 0xE5, 0x76, 0x00, 
0x00, 0x01, 0x00, 0x78, 0xFF, 0x57, 0x04, 0x16, 0x02, 0x86, 0x00, 0x0E, 0x00, 0x00, 0x05, 0x07, 0x21, 0x37, 0x21, 0x37, 
0x21, 0x13, 0x21, 0x37, 0x21, 0x17, 0x03, 0x21, 0x07, 0x01, 0x61, 0x18, 0x01, 0x11, 0x24, 0x01, 0x0F, 0x22, 0xFD, 0xFA, 
0x45, 0x02, 0x06, 0x22, 0xFC, 0x78, 0x5F, 0x75, 0x01, 0x76, 0x0C, 0x3A, 0x6F, 0xA9, 0xA0, 0x01, 0x45, 0xA1, 0x60, 0xFD, 
0xDA, 0x3A, 0x00, 0x02, 0x00, 0x78, 0x00, 0x00, 0x04, 0x16, 0x03, 0x38, 0x00, 0x0C, 0x00, 0x10, 0x00, 0x00, 0x01, 0x07, 
0x21, 0x07, 0x21, 0x07, 0x21, 0x07, 0x21, 0x13, 0x27, 0x21, 0x07, 0x01, 0x33, 0x17, 0x23, 0x01, 0xEE, 0x11, 0x02, 0x06, 
0x22, 0xFD, 0xFA, 0x12, 0x02, 0x06, 0x22, 0xFC, 0xEB, 0x75, 0x5F, 0x03, 0x88, 0x22, 0xFE, 0x13, 0xDA, 0x3B, 0xD7, 0x01, 
0xE5, 0x52, 0xA0, 0x53, 0xA0, 0x02, 0x26, 0x60, 0xA1, 0x01, 0x53, 0x7C, 0x00, 0x02, 0x00, 0x78, 0x00, 0x00, 0x04, 0x16, 
0x03, 0x38, 0x00, 0x0C, 0x00, 0x10, 0x00, 0x00, 0x01, 0x07, 0x21, 0x07, 0x21, 0x07, 0x21, 0x07, 0x21, 0x13, 0x27, 0x21, 
0x07, 0x25, 0x23, 0x37, 0x33, 0x01, 0xEE, 0x11, 0x02, 0x06, 0x22, 0xFD, 0xFA, 0x12, 0x02, 0x06, 0x22, 0xFC, 0xEB, 0x75, 
0x5F, 0x03, 0x88, 0x22, 0xFE, 0xEE, 0xD7, 0x6F, 0xDA, 0x01, 0xE5, 0x52, 0xA0, 0x53, 0xA0, 0x02, 0x26, 0x60, 0xA1, 0xD7, 
0x7C, 0x00, 0x00, 0x02, 0x00, 0x78, 0x00, 0x00, 0x04, 0x16, 0x03, 0x38, 0x00, 0x0C, 0x00, 0x13, 0x00, 0x00, 0x01, 0x37, 
0x21, 0x17, 0x03, 0x21, 0x37, 0x21, 0x37, 0x21, 0x37, 0x21, 0x3F, 0x01, 0x33, 0x27, 0x21, 0x07, 0x33, 0x37, 0x03, 0xF4, 
0x22, 0xFC, 0x78, 0x5F, 0x75, 0x03, 0x15, 0x22, 0xFD, 0xFA, 0x12, 0x02, 0x06, 0x22, 0xFD, 0xFA, 0x11, 0xE8, 0xD6, 0x3C, 
0xFE, 0x88, 0x6F, 0xD7, 0x4C, 0x01, 0xE5, 0xA1, 0x60, 0xFD, 0xDA, 0xA0, 0x53, 0xA0, 0x52, 0xD7, 0x7C, 0x7C, 0x53, 0x00, 
0x00, 0x03, 0x00, 0x78, 0x00, 0x00, 0x04, 0x16, 0x03, 0x38, 0x00, 0x0C, 0x00, 0x10, 0x00, 0x14, 0x00, 0x00, 0x01, 0x07, 
0x21, 0x07, 0x21, 0x07, 0x21, 0x07, 0x21, 0x13, 0x27, 0x21, 0x07, 0x25, 0x37, 0x33, 0x07, 0x33, 0x37, 0x33, 0x07, 0x01, 
0xEE, 0x11, 0x02, 0x06, 0x22, 0xFD, 0xFA, 0x12, 0x02, 0x06, 0x22, 0xFC, 0xEB, 0x75, 0x5F, 0x03, 0x88, 0x22, 0xFD, 0x94, 
0x1A, 0xD7, 0x1A, 0x75, 0x1A, 0xD7, 0x1A, 0x01, 0xE5, 0x52, 0xA0, 0x53, 0xA0, 0x02, 0x26, 0x60, 0xA1, 0xD7, 0x7C, 0x7C, 
0x7C, 0x7C, 0x00, 0x02, 0x00, 0x78, 0x00, 0x00, 0x02, 0x10, 0x03, 0x38, 0x00, 0x04, 0x00, 0x08, 0x00, 0x00, 0x13, 0x27, 
0x21, 0x03, 0x21, 0x13, 0x33, 0x17, 0x23, 0xED, 0x5F, 0x01, 0x82, 0x89, 0xFE, 0xF1, 0x74, 0xDA, 0x3B, 0xD7, 0x02, 0x26, 
0x60, 0xFD, 0x7A, 0x03, 0x38, 0x7C, 0x00, 0x02, 0x00, 0x78, 0x00, 0x00, 0x02, 0x35, 0x03, 0x38, 0x00, 0x04, 0x00, 0x08, 
0x00, 0x00, 0x13, 0x27, 0x21, 0x03, 0x21, 0x01, 0x23, 0x37, 0x33, 0xED, 0x5F, 0x01, 0x82, 0x89, 0xFE, 0xF1, 0x01, 0x4B, 
0xD7, 0x6F, 0xDA, 0x02, 0x26, 0x60, 0xFD, 0x7A, 0x02, 0xBC, 0x7C, 0x00, 0x00, 0x02, 0x00, 0x6D, 0x00, 0x00, 0x02, 0x90, 
0x03, 0x38, 0x00, 0x04, 0x00, 0x0B, 0x00, 0x00, 0x33, 0x21, 0x13, 0x21, 0x17, 0x37, 0x33, 0x27, 0x21, 0x07, 0x33, 0x37, 
0x78, 0x01, 0x0F, 0x89, 0xFE, 0x7E, 0x5F, 0xCD, 0xD6, 0x3C, 0xFE, 0x88, 0x6F, 0xD7, 0x4C, 0x02, 0x86, 0x60, 0x96, 0x7C, 
0x7C, 0x53, 0x00, 0x03, 0x00, 0x6E, 0x00, 0x00, 0x02, 0xAB, 0x03, 0x38, 0x00, 0x04, 0x00, 0x08, 0x00, 0x0C, 0x00, 0x00, 
0x13, 0x27, 0x21, 0x03, 0x21, 0x03, 0x37, 0x33, 0x07, 0x33, 0x37, 0x33, 0x07, 0xED, 0x5F, 0x01, 0x82, 0x89, 0xFE, 0xF1, 
0x0A, 0x1A, 0xD7, 0x1A, 0x75, 0x1A, 0xD7, 0x1A, 0x02, 0x26, 0x60, 0xFD, 0x7A, 0x02, 0xBC, 0x7C, 0x7C, 0x7C, 0x7C, 0x00, 
0x00, 0x02, 0x00, 0x77, 0x00, 0x00, 0x04, 0x42, 0x02, 0x86, 0x00, 0x07, 0x00, 0x0B, 0x00, 0x00, 0x13, 0x03, 0x21, 0x13, 
0x21, 0x17, 0x21, 0x07, 0x05, 0x21, 0x07, 0x21, 0xCD, 0x56, 0x03, 0x42, 0x89, 0xFC, 0x4C, 0x99, 0x01, 0xE9, 0x11, 0xFE, 
0xBB, 0x01, 0x23, 0x12, 0xFE, 0xDD, 0x01, 0x93, 0xFE, 0x6D, 0x02, 0x86, 0xA1, 0x52, 0xA0, 0x53, 0x00, 0x02, 0x00, 0x78, 
0x00, 0x00, 0x04, 0x41, 0x03, 0x38, 0x00, 0x0A, 0x00, 0x14, 0x00, 0x00, 0x33, 0x21, 0x1B, 0x01, 0x21, 0x13, 0x21, 0x0B, 
0x01, 0x21, 0x17, 0x01, 0x21, 0x07, 0x33, 0x37, 0x17, 0x21, 0x37, 0x23, 0x07, 0x78, 0x01, 0x0F, 0x3D, 0xE5, 0x01, 0x0F, 
0x89, 0xFE, 0xF1, 0x3D, 0xE5, 0xFE, 0x7E, 0x5F, 0x01, 0xF3, 0xFE, 0xE0, 0x6F, 0xD7, 0x4C, 0x2A, 0x01, 0x20, 0x6F, 0xD7, 
0x4C, 0x01, 0x1F, 0xFE, 0xE1, 0x02, 0x86, 0xFE, 0xE1, 0x01, 0x1F, 0x60, 0x01, 0x12, 0x7C, 0x53, 0x53, 0x7C, 0x53, 0x00, 
0x00, 0x03, 0x00, 0x78, 0x00, 0x00, 0x04, 0x41, 0x03, 0x38, 0x00, 0x03, 0x00, 0x07, 0x00, 0x0C, 0x00, 0x00, 0x01, 0x33, 
0x17, 0x23, 0x03, 0x21, 0x13, 0x21, 0x25, 0x21, 0x03, 0x21, 0x13, 0x02, 0x28, 0xDA, 0x3B, 0xD7, 0xBD, 0x01, 0x22, 0x45, 
0xFE, 0xDE, 0xFE, 0xA0, 0x03, 0xB3, 0x89, 0xFC, 0xC0, 0x75, 0x03, 0x38, 0x7C, 0xFD, 0xE4, 0x01, 0x45, 0xA1, 0xFD, 0x7A, 
0x02, 0x26, 0x00, 0x03, 0x00, 0x78, 0x00, 0x00, 0x04, 0x41, 0x03, 0x38, 0x00, 0x03, 0x00, 0x07, 0x00, 0x0C, 0x00, 0x00, 
0x01, 0x23, 0x37, 0x33, 0x01, 0x21, 0x13, 0x21, 0x25, 0x21, 0x03, 0x21, 0x13, 0x02, 0xEE, 0xD7, 0x6F, 0xDA, 0xFE, 0x49, 
0x01, 0x22, 0x45, 0xFE, 0xDE, 0xFE, 0xA0, 0x03, 0xB3, 0x89, 0xFC, 0xC0, 0x75, 0x02, 0xBC, 0x7C, 0xFD, 0x68, 0x01, 0x45, 
0xA1, 0xFD, 0x7A, 0x02, 0x26, 0x00, 0x00, 0x03, 0x00, 0x78, 0x00, 0x00, 0x04, 0x41, 0x03, 0x38, 0x00, 0x04, 0x00, 0x08, 
0x00, 0x0F, 0x00, 0x00, 0x13, 0x17, 0x03, 0x21, 0x13, 0x01, 0x13, 0x21, 0x03, 0x13, 0x33, 0x27, 0x21, 0x07, 0x33, 0x37, 
0x8E, 0x5F, 0x75, 0x03, 0x40, 0x89, 0xFD, 0x68, 0x45, 0x01, 0x22, 0x45, 0x1D, 0xD6, 0x3C, 0xFE, 0x88, 0x6F, 0xD7, 0x4C, 
0x02, 0x86, 0x60, 0xFD, 0xDA, 0x02, 0x86, 0xFE, 0x1A, 0x01, 0x45, 0xFE, 0xBB, 0x02, 0x1C, 0x7C, 0x7C, 0x53, 0x00, 0x03, 
0x00, 0x78, 0x00, 0x00, 0x04, 0x41, 0x03, 0x38, 0x00, 0x04, 0x00, 0x08, 0x00, 0x12, 0x00, 0x00, 0x13, 0x17, 0x03, 0x21, 
0x13, 0x01, 0x13, 0x21, 0x03, 0x13, 0x21, 0x07, 0x33, 0x37, 0x17, 0x21, 0x37, 0x23, 0x07, 0x8E, 0x5F, 0x75, 0x03, 0x40, 
0x89, 0xFD, 0x68, 0x45, 0x01, 0x22, 0x45, 0x15, 0xFE, 0xE0, 0x6F, 0xD7, 0x4C, 0x2A, 0x01, 0x20, 0x6F, 0xD7, 0x4C, 0x02, 
0x86, 0x60, 0xFD, 0xDA, 0x02, 0x86, 0xFE, 0x1A, 0x01, 0x45, 0xFE, 0xBB, 0x02, 0x98, 0x7C, 0x53, 0x53, 0x7C, 0x53, 0x00, 
0x00, 0x04, 0x00, 0x78, 0x00, 0x00, 0x04, 0x41, 0x03, 0x38, 0x00, 0x03, 0x00, 0x08, 0x00, 0x0C, 0x00, 0x10, 0x00, 0x00, 
0x25, 0x21, 0x13, 0x21, 0x25, 0x21, 0x03, 0x21, 0x13, 0x3F, 0x01, 0x33, 0x07, 0x33, 0x37, 0x33, 0x07, 0x01, 0xA9, 0x01, 
0x22, 0x45, 0xFE, 0xDE, 0xFE, 0xA0, 0x03, 0xB3, 0x89, 0xFC, 0xC0, 0x75, 0xAE, 0x1A, 0xD7, 0x1A, 0x75, 0x1A, 0xD7, 0x1A, 
0xA0, 0x01, 0x45, 0xA1, 0xFD, 0x7A, 0x02, 0x26, 0x96, 0x7C, 0x7C, 0x7C, 0x7C, 0x00, 0x00, 0x03, 0x00, 0x5C, 0x00, 0x40, 
0x02, 0xCB, 0x02, 0x44, 0x00, 0x03, 0x00, 0x07, 0x00, 0x0B, 0x00, 0x00, 0x13, 0x21, 0x07, 0x21, 0x3F, 0x01, 0x33, 0x07, 
0x01, 0x37, 0x33, 0x07, 0x7E, 0x02, 0x4D, 0x22, 0xFD, 0xB3, 0xE3, 0x1A, 0xD7, 0x1A, 0xFE, 0xD7, 0x1A, 0xD7, 0x1A, 0x01, 
0x93, 0xA0, 0xD5, 0x7C, 0x7C, 0xFE, 0x78, 0x7C, 0x7C, 0x00, 0x00, 0x03, 0x00, 0x78, 0x00, 0x00, 0x04, 0x41, 0x02, 0x86, 
0x00, 0x04, 0x00, 0x07, 0x00, 0x0A, 0x00, 0x00, 0x13, 0x17, 0x03, 0x21, 0x13, 0x01, 0x07, 0x23, 0x13, 0x07, 0x37, 0x8E, 
0x5F, 0x75, 0x03, 0x40, 0x89, 0xFE, 0xB0, 0x26, 0x99, 0x53, 0xBC, 0x25, 0x02, 0x86, 0x60, 0xFD, 0xDA, 0x02, 0x86, 0xFE, 
0xCB, 0xB1, 0x01, 0x45, 0xB0, 0xB0, 0x00, 0x02, 0x00, 0x78, 0x00, 0x00, 0x04, 0x41, 0x03, 0x38, 0x00, 0x08, 0x00, 0x0C, 
0x00, 0x00, 0x13, 0x27, 0x21, 0x03, 0x21, 0x13, 0x21, 0x03, 0x21, 0x01, 0x33, 0x17, 0x23, 0xED, 0x5F, 0x01, 0x82, 0x67, 
0x01, 0x22, 0x67, 0x01, 0x0F, 0x89, 0xFC, 0xC0, 0x01, 0xB0, 0xDA, 0x3B, 0xD7, 0x02, 0x26, 0x60, 0xFE, 0x1A, 0x01, 0xE6, 
0xFD, 0x7A, 0x03, 0x38, 0x7C, 0x00, 0x00, 0x02, 0x00, 0x78, 0x00, 0x00, 0x04, 0x41, 0x03, 0x38, 0x00, 0x08, 0x00, 0x0C, 
0x00, 0x00, 0x33, 0x21, 0x13, 0x21, 0x03, 0x21, 0x13, 0x21, 0x17, 0x01, 0x23, 0x07, 0x33, 0x78, 0x03, 0x40, 0x89, 0xFE, 
0xF1, 0x67, 0xFE, 0xDE, 0x67, 0xFE, 0x7E, 0x5F, 0x02, 0x73, 0xDA, 0x6F, 0xD7, 0x02, 0x86, 0xFE, 0x1A, 0x01, 0xE6, 0x60, 
0x01, 0x12, 0x7C, 0x00, 0x00, 0x02, 0x00, 0x78, 0x00, 0x00, 0x04, 0x41, 0x03, 0x38, 0x00, 0x08, 0x00, 0x0F, 0x00, 0x00, 
0x33, 0x21, 0x13, 0x21, 0x03, 0x21, 0x13, 0x21, 0x17, 0x25, 0x33, 0x27, 0x21, 0x07, 0x33, 0x37, 0x78, 0x03, 0x40, 0x89, 
0xFE, 0xF1, 0x67, 0xFE, 0xDE, 0x67, 0xFE, 0x7E, 0x5F, 0x01, 0xFB, 0xD6, 0x3C, 0xFE, 0x88, 0x6F, 0xD7, 0x4C, 0x02, 0x86, 
0xFE, 0x1A, 0x01, 0xE6, 0x60, 0x96, 0x7C, 0x7C, 0x53, 0x00, 0x00, 0x03, 0x00, 0x78, 0x00, 0x00, 0x04, 0x41, 0x03, 0x38, 
0x00, 0x08, 0x00, 0x0C, 0x00, 0x10, 0x00, 0x00, 0x13, 0x27, 0x21, 0x03, 0x21, 0x13, 0x21, 0x03, 0x21, 0x01, 0x37, 0x33, 
0x07, 0x33, 0x37, 0x33, 0x07, 0xED, 0x5F, 0x01, 0x82, 0x67, 0x01, 0x22, 0x67, 0x01, 0x0F, 0x89, 0xFC, 0xC0, 0x01, 0x23, 
0x1A, 0xD7, 0x1A, 0x75, 0x1A, 0xD7, 0x1A, 0x02, 0x26, 0x60, 0xFE, 0x1A, 0x01, 0xE6, 0xFD, 0x7A, 0x02, 0xBC, 0x7C, 0x7C, 
0x7C, 0x7C, 0x00, 0x02, 0x00, 0x8E, 0x00, 0x00, 0x04, 0x41, 0x03, 0x38, 0x00, 0x0D, 0x00, 0x11, 0x00, 0x00, 0x01, 0x07, 
0x05, 0x07, 0x21, 0x37, 0x27, 0x37, 0x27, 0x21, 0x07, 0x17, 0x3F, 0x01, 0x27, 0x23, 0x37, 0x33, 0x04, 0x41, 0x2C, 0xFE, 
0xB8, 0x2E, 0xFE, 0xF1, 0x2E, 0xE9, 0x18, 0x5F, 0x01, 0x82, 0x1A, 0x78, 0xAA, 0x1A, 0x44, 0xD7, 0x6F, 0xDA, 0x02, 0x86, 
0xD1, 0xDE, 0xD7, 0xD7, 0xDE, 0x71, 0x60, 0x7C, 0x77, 0x77, 0x7C, 0x36, 0x7C, 0x00, 0x00, 0x02, 0x00, 0x78, 0x00, 0x00, 
0x04, 0x2C, 0x02, 0x86, 0x00, 0x08, 0x00, 0x0C, 0x00, 0x00, 0x13, 0x03, 0x21, 0x37, 0x21, 0x13, 0x21, 0x37, 0x21, 0x01, 
0x21, 0x07, 0x21, 0xED, 0x75, 0x01, 0x0F, 0x16, 0x02, 0x31, 0x5E, 0xFD, 0xCF, 0x15, 0xFE, 0x7E, 0x01, 0x4A, 0x01, 0x22, 
0x19, 0xFE, 0xDE, 0x02, 0x26, 0xFD, 0xDA, 0x69, 0x01, 0xB7, 0x66, 0xFE, 0xF9, 0x76, 0x00, 0x03, 0x00, 0x8E, 0x00, 0x00, 
0x04, 0x41, 0x03, 0x38, 0x00, 0x0D, 0x00, 0x11, 0x00, 0x15, 0x00, 0x00, 0x01, 0x07, 0x05, 0x07, 0x21, 0x37, 0x27, 0x37, 
0x27, 0x21, 0x07, 0x17, 0x3F, 0x01, 0x25, 0x37, 0x33, 0x07, 0x33, 0x37, 0x33, 0x07, 0x04, 0x41, 0x2C, 0xFE, 0xB8, 0x2E, 
0xFE, 0xF1, 0x2E, 0xE9, 0x18, 0x5F, 0x01, 0x82, 0x1A, 0x78, 0xAA, 0x1A, 0xFE, 0x69, 0x1A, 0xD7, 0x1A, 0x75, 0x1A, 0xD7, 
0x1A, 0x02, 0x86, 0xD1, 0xDE, 0xD7, 0xD7, 0xDE, 0x71, 0x60, 0x7C, 0x77, 0x77, 0x7C, 0x36, 0x7C, 0x7C, 0x7C, 0x7C, 0x00, 
0x00, 0x01, 0x00, 0x00, 0x00, 0x01, 0x00, 0x00, 0x0C, 0x67, 0xD7, 0xA0, 0x5F, 0x0F, 0x3C, 0xF5, 0x00, 0x09, 0x03, 0xE8, 
0x00, 0x00, 0x00, 0x00, 0xCF, 0x86, 0x7C, 0xC7, 0x00, 0x00, 0x00, 0x00, 0xD1, 0x54, 0x35, 0x15, 0xFF, 0x85, 0xFF, 0x56, 
0x06, 0x46, 0x03, 0x38, 0x00, 0x00, 0x00, 0x00, 0x00, 0x00, 0x00, 0x00, 0x00, 0x00, 0x00, 0x00, 0x00, 0x01, 0x00, 0x00, 
0x03, 0x38, 0xFF, 0x56, 0x00, 0x09, 0x05, 0xE4, 0xFF, 0x85, 0xFF, 0x03, 0x06, 0x46, 0x00, 0x01, 0x00, 0x00, 0x00, 0x00, 
0x00, 0x00, 0x00, 0x00, 0x00, 0x00, 0x00, 0x00, 0x00, 0x00, 0x00, 0xDE, 0x03, 0xF6, 0x00, 0x21, 0x00, 0x00, 0x00, 0x00, 
0x01, 0xF4, 0x00, 0x00, 0x02, 0x1A, 0x00, 0x00, 0x01, 0xAF, 0x00, 0x77, 0x02, 0x99, 0x00, 0x8F, 0x03, 0xFD, 0x00, 0x45, 
0x03, 0xDE, 0x00, 0x78, 0x03, 0x92, 0x00, 0x2B, 0x04, 0x05, 0x00, 0x78, 0x01, 0x60, 0x00, 0x8F, 0x02, 0x21, 0x00, 0x28, 
0x02, 0x21, 0x00, 0x28, 0x01, 0x60, 0x00, 0xA0, 0x02, 0x03, 0x00, 0x5C, 0x01, 0x60, 0x00, 0x28, 0x02, 0x03, 0x00, 0x5C, 
0x01, 0x60, 0x00, 0x28, 0x03, 0x8F, 0x00, 0x28, 0x03, 0xDF, 0x00, 0x78, 0x01, 0xEB, 0x00, 0x3B, 0x03, 0xDE, 0x00, 0x77, 
0x03, 0xDE, 0x00, 0x77, 0x03, 0xDF, 0x00, 0x8E, 0x03, 0xDE, 0x00, 0x78, 0x03, 0xDE, 0x00, 0x78, 0x03, 0xDE, 0x00, 0x77, 
0x03, 0xDE, 0x00, 0x78, 0x03, 0xDE, 0x00, 0x78, 0x01, 0x61, 0x00, 0x29, 0x01, 0x61, 0x00, 0x29, 0x02, 0x77, 0x00, 0x6D, 
0x02, 0x33, 0x00, 0x45, 0x02, 0x54, 0x00, 0x28, 0x03, 0xDE, 0x00, 0x77, 0x04, 0x73, 0x00, 0x15, 0x03, 0xDE, 0x00, 0x78, 
0x03, 0xDF, 0x00, 0x78, 0x03, 0xDC, 0x00, 0x78, 0x03, 0xDF, 0x00, 0x78, 0x03, 0xDF, 0x00, 0x78, 0x03, 0xDE, 0x00, 0x78, 
0x03, 0xDE, 0x00, 0x78, 0x03, 0xDF, 0x00, 0x78, 0x01, 0xAE, 0x00, 0x78, 0x03, 0xDF, 0x00, 0x5B, 0x03, 0xDF, 0x00, 0x78, 
0x03, 0x91, 0x00, 0x78, 0x05, 0x31, 0x00, 0x78, 0x03, 0xDF, 0x00, 0x78, 0x03, 0xDF, 0x00, 0x78, 0x03, 0xDE, 0x00, 0x78, 
0x03, 0xDF, 0x00, 0x78, 0x03, 0xDE, 0x00, 0x78, 0x03, 0xDE, 0x00, 0x78, 0x03, 0xB4, 0x00, 0x8E, 0x03, 0xDF, 0x00, 0x78, 
0x03, 0xB8, 0x00, 0x9B, 0x05, 0x31, 0x00, 0x78, 0x03, 0xDF, 0x00, 0x77, 0x03, 0xDF, 0x00, 0x8E, 0x03, 0xDE, 0x00, 0x77, 
0x02, 0x21, 0x00, 0x15, 0x03, 0x8F, 0x00, 0xB1, 0x02, 0x21, 0x00, 0x15, 0x01, 0xEB, 0x00, 0x92, 0x02, 0x56, 0x00, 0x28, 
0x01, 0x7E, 0x00, 0xC2, 0x03, 0xDE, 0x00, 0x78, 0x03, 0xDF, 0x00, 0x78, 0x03, 0xB4, 0x00, 0x78, 0x03, 0xDF, 0x00, 0x78, 
0x03, 0xB4, 0x00, 0x78, 0x03, 0xB4, 0x00, 0x78, 0x03, 0xDE, 0x00, 0x78, 0x03, 0xDF, 0x00, 0x78, 0x01, 0xAE, 0x00, 0x78, 
0x03, 0xDF, 0x00, 0x5B, 0x03, 0xDF, 0x00, 0x78, 0x03, 0x91, 0x00, 0x78, 0x05, 0x31, 0x00, 0x78, 0x03, 0xDF, 0x00, 0x78, 
0x03, 0xDF, 0x00, 0x78, 0x03, 0xDE, 0x00, 0x78, 0x03, 0xDF, 0x00, 0x78, 0x03, 0xDE, 0x00, 0x78, 0x03, 0xDE, 0x00, 0x78, 
0x03, 0x8F, 0x00, 0x8F, 0x03, 0xDF, 0x00, 0x78, 0x03, 0xDF, 0x00, 0x8E, 0x05, 0x31, 0x00, 0x78, 0x03, 0xDF, 0x00, 0x77, 
0x03, 0xDF, 0x00, 0x8E, 0x03, 0x8E, 0x00, 0x28, 0x02, 0xC2, 0x00, 0x5C, 0x01, 0x5E, 0x00, 0x04, 0x02, 0x9F, 0x00, 0x15, 
0x02, 0x1D, 0x00, 0x5B, 0x00, 0xF9, 0x00, 0x00, 0x03, 0xDC, 0x00, 0x54, 0x01, 0x3D, 0x00, 0x28, 0x03, 0x90, 0x00, 0x28, 
0x02, 0x72, 0x00, 0x28, 0x03, 0xD3, 0x00, 0x28, 0x02, 0x36, 0x00, 0x72, 0x02, 0x36, 0x00, 0x45, 0x02, 0x4F, 0x00, 0xA8, 
0x05, 0x30, 0x00, 0x2B, 0x03, 0xDE, 0x00, 0x78, 0x01, 0x7C, 0x00, 0x6D, 0x05, 0xD7, 0x00, 0x78, 0x03, 0xDE, 0x00, 0x77, 
0x01, 0x3D, 0x00, 0x6F, 0x01, 0x3D, 0x00, 0x89, 0x02, 0x76, 0x00, 0x77, 0x02, 0x76, 0x00, 0x8F, 0x03, 0xDF, 0x00, 0x78, 
0x02, 0x03, 0x00, 0x5C, 0x02, 0x79, 0x00, 0x5C, 0x02, 0xEE, 0x00, 0xA8, 0x01, 0x94, 0x00, 0xBC, 0x03, 0xDE, 0x00, 0x78, 
0x01, 0x7C, 0x00, 0x55, 0x05, 0xD7, 0x00, 0x78, 0x03, 0x8E, 0x00, 0x28, 0x03, 0xDF, 0x00, 0x8E, 0x01, 0xAF, 0x00, 0x77, 
0x03, 0xB4, 0x00, 0x78, 0x03, 0x75, 0x00, 0x28, 0x03, 0xDF, 0x00, 0x77, 0x03, 0xDF, 0x00, 0x8E, 0x01, 0xAF, 0x00, 0x77, 
0x03, 0x90, 0x00, 0x28, 0x02, 0x72, 0x00, 0xA8, 0x01, 0x32, 0x00, 0xA4, 0x03, 0x91, 0x00, 0x28, 0x02, 0x99, 0x00, 0x6D, 
0x02, 0x03, 0x00, 0x5C, 0x01, 0xB1, 0x00, 0x5C, 0x01, 0x32, 0x00, 0xA3, 0x02, 0x55, 0x00, 0x8F, 0x01, 0x26, 0x00, 0xA8, 
0x02, 0x04, 0x00, 0x29, 0x03, 0x64, 0x00, 0x28, 0x03, 0x8F, 0x00, 0x52, 0x01, 0x7E, 0x00, 0xA7, 0x03, 0x8F, 0x00, 0x85, 
0x03, 0xDE, 0x00, 0x78, 0x01, 0x71, 0x00, 0x4A, 0x00, 0xE1, 0xFF, 0x85, 0x01, 0x5E, 0x00, 0x28, 0x02, 0x06, 0x00, 0x94, 
0x02, 0x99, 0x00, 0x55, 0x04, 0x4A, 0x00, 0x5D, 0x04, 0x77, 0x00, 0x5F, 0x03, 0x26, 0x00, 0x4F, 0x03, 0x91, 0x00, 0x28, 
0x03, 0xDE, 0x00, 0x78, 0x03, 0xDE, 0x00, 0x78, 0x03, 0xDE, 0x00, 0x78, 0x03, 0xDE, 0x00, 0x78, 0x03, 0xDE, 0x00, 0x78, 
0x03, 0xDE, 0x00, 0x78, 0x05, 0xE4, 0x00, 0x78, 0x03, 0xB4, 0x00, 0x78, 0x03, 0xDF, 0x00, 0x78, 0x03, 0xDF, 0x00, 0x78, 
0x03, 0xDF, 0x00, 0x78, 0x03, 0xDF, 0x00, 0x78, 0x01, 0xAE, 0x00, 0x78, 0x01, 0xAE, 0x00, 0x78, 0x01, 0xAE, 0x00, 0x6D, 
0x01, 0xAE, 0x00, 0x6E, 0x03, 0xDF, 0x00, 0x5C, 0x03, 0xDF, 0x00, 0x78, 0x03, 0xDF, 0x00, 0x78, 0x03, 0xDF, 0x00, 0x78, 
0x03, 0xDF, 0x00, 0x78, 0x03, 0xDF, 0x00, 0x78, 0x03, 0xDF, 0x00, 0x78, 0x01, 0xEB, 0x00, 0x55, 0x03, 0xDF, 0x00, 0x78, 
0x03, 0xDF, 0x00, 0x78, 0x03, 0xDF, 0x00, 0x78, 0x03, 0xDF, 0x00, 0x78, 0x03, 0xDF, 0x00, 0x78, 0x03, 0xDF, 0x00, 0x8E, 
0x03, 0xDE, 0x00, 0x78, 0x03, 0xDE, 0x00, 0x54, 0x03, 0xDE, 0x00, 0x78, 0x03, 0xDE, 0x00, 0x78, 0x03, 0xDE, 0x00, 0x78, 
0x03, 0xDE, 0x00, 0x78, 0x03, 0xDE, 0x00, 0x78, 0x03, 0xDE, 0x00, 0x78, 0x05, 0xE4, 0x00, 0x78, 0x03, 0xB4, 0x00, 0x78, 
0x03, 0xB4, 0x00, 0x78, 0x03, 0xB4, 0x00, 0x78, 0x03, 0xB4, 0x00, 0x78, 0x03, 0xB4, 0x00, 0x78, 0x01, 0xAE, 0x00, 0x78, 
0x01, 0xAE, 0x00, 0x78, 0x01, 0xAE, 0x00, 0x6D, 0x01, 0xAE, 0x00, 0x6E, 0x03, 0xDE, 0x00, 0x77, 0x03, 0xDF, 0x00, 0x78, 
0x03, 0xDF, 0x00, 0x78, 0x03, 0xDF, 0x00, 0x78, 0x03, 0xDF, 0x00, 0x78, 0x03, 0xDF, 0x00, 0x78, 0x03, 0xDF, 0x00, 0x78, 
0x02, 0x79, 0x00, 0x5C, 0x03, 0xDF, 0x00, 0x78, 0x03, 0xDF, 0x00, 0x78, 0x03, 0xDF, 0x00, 0x78, 0x03, 0xDF, 0x00, 0x78, 
0x03, 0xDF, 0x00, 0x78, 0x03, 0xDF, 0x00, 0x8E, 0x03, 0xDE, 0x00, 0x78, 0x03, 0xDF, 0x00, 0x8E, 0x01, 0xF4, 0x00, 0x00, 
0x00, 0x00, 0x00, 0x01, 0x00, 0x00, 0x00, 0x56, 0x00, 0x01, 0x00, 0x0C, 0x00, 0x30, 0x00, 0x03, 0x00, 0x18, 0x00, 0x2F, 
0x00, 0x37, 0xFF, 0x1E, 0x00, 0x2F, 0x00, 0x3C, 0xFF, 0x6D, 0x00, 0x2F, 0x00, 0x57, 0xFF, 0x4D, 0x00, 0x2F, 0x00, 0x5C, 
0xFF, 0x6D, 0x00, 0x37, 0x00, 0x2D, 0xFF, 0xC7, 0x00, 0x37, 0x00, 0x4D, 0xFF, 0xC7, 0x00, 0x4F, 0x00, 0x37, 0xFF, 0x1E, 
0x00, 0x4F, 0x00, 0x3C, 0xFF, 0x6D, 0x00, 0x4F, 0x00, 0x57, 0xFF, 0x4E, 0x00, 0x4F, 0x00, 0x5C, 0xFF, 0x6D, 0x00, 0x57, 
0x00, 0x2D, 0xFF, 0xCC, 0x00, 0x57, 0x00, 0x4D, 0xFF, 0xCC, 0x00, 0x00, 0x00, 0x00, 0x00, 0x22, 0x00, 0x22, 0x00, 0x22, 
0x00, 0x22, 0x00, 0x3A, 0x00, 0x56, 0x00, 0x8A, 0x00, 0xB3, 0x00, 0xE2, 0x01, 0x01, 0x01, 0x12, 0x01, 0x27, 0x01, 0x3C, 
0x01, 0x4A, 0x01, 0x61, 0x01, 0x71, 0x01, 0x7F, 0x01, 0x8C, 0x01, 0x9B, 0x01, 0xB3, 0x01, 0xC7, 0x01, 0xE4, 0x01, 0xFF, 
0x02, 0x18, 0x02, 0x34, 0x02, 0x52, 0x02, 0x67, 0x02, 0x86, 0x02, 0xA4, 0x02, 0xB8, 0x02, 0xD1, 0x02, 0xE5, 0x02, 0xFA, 
0x03, 0x0E, 0x03, 0x2C, 0x03, 0x51, 0x03, 0x6F, 0x03, 0x90, 0x03, 0xA7, 0x03, 0xC1, 0x03, 0xDD, 0x03, 0xF6, 0x04, 0x11, 
0x04, 0x2D, 0x04, 0x3D, 0x04, 0x56, 0x04, 0x78, 0x04, 0x8C, 0x04, 0xA9, 0x04, 0xC4, 0x04, 0xDC, 0x04, 0xF7, 0x05, 0x14, 
0x05, 0x34, 0x05, 0x4F, 0x05, 0x64, 0x05, 0x7B, 0x05, 0x98, 0x05, 0xB4, 0x05, 0xDB, 0x05, 0xF9, 0x06, 0x12, 0x06, 0x27, 
0x06, 0x36, 0x06, 0x4B, 0x06, 0x5D, 0x06, 0x6A, 0x06, 0x77, 0x06, 0x95, 0x06, 0xB6, 0x06, 0xCD, 0x06, 0xE7, 0x07, 0x03, 
0x07, 0x1C, 0x07, 0x37, 0x07, 0x53, 0x07, 0x63, 0x07, 0x79, 0x07, 0x9B, 0x07, 0xAF, 0x07, 0xCC, 0x07, 0xE7, 0x07, 0xFF, 
0x08, 0x1A, 0x08, 0x37, 0x08, 0x57, 0x08, 0x72, 0x08, 0x87, 0x08, 0x9E, 0x08, 0xBB, 0x08, 0xD7, 0x08, 0xFE, 0x09, 0x1C, 
0x09, 0x35, 0x09, 0x4F, 0x09, 0x5D, 0x09, 0x77, 0x09, 0x8C, 0x09, 0x8C, 0x09, 0xB8, 0x09, 0xC8, 0x09, 0xED, 0x0A, 0x08, 
0x0A, 0x23, 0x0A, 0x3C, 0x0A, 0x5E, 0x0A, 0x70, 0x0A, 0xAE, 0x0A, 0xD6, 0x0A, 0xE8, 0x0B, 0x0C, 0x0B, 0x30, 0x0B, 0x42, 
0x0B, 0x53, 0x0B, 0x70, 0x0B, 0x8C, 0x0B, 0x9C, 0x0B, 0xAA, 0x0B, 0xB8, 0x0B, 0xCE, 0x0C, 0x13, 0x0C, 0x3B, 0x0C, 0x4C, 
0x0C, 0x70, 0x0C, 0x94, 0x0C, 0xBF, 0x0C, 0xD7, 0x0C, 0xFF, 0x0D, 0x22, 0x0D, 0x52, 0x0D, 0x81, 0x0D, 0x9A, 0x0D, 0xBD, 
0x0D, 0xD0, 0x0E, 0x3C, 0x0E, 0x58, 0x0E, 0x74, 0x0E, 0x85, 0x0E, 0x93, 0x0F, 0x1C, 0x0F, 0x2A, 0x0F, 0x3E, 0x0F, 0x5D, 
0x0F, 0x6F, 0x0F, 0x8A, 0x0F, 0x97, 0x0F, 0xB3, 0x0F, 0xD3, 0x0F, 0xE1, 0x0F, 0xF1, 0x0F, 0xFF, 0x10, 0x15, 0x10, 0x30, 
0x11, 0x14, 0x12, 0x54, 0x12, 0xF6, 0x13, 0x11, 0x13, 0x36, 0x13, 0x5A, 0x13, 0x83, 0x13, 0xB1, 0x13, 0xDC, 0x14, 0x08, 
0x14, 0x31, 0x14, 0x50, 0x14, 0x73, 0x14, 0x96, 0x14, 0xBD, 0x14, 0xE6, 0x14, 0xFC, 0x15, 0x13, 0x15, 0x2C, 0x15, 0x49, 
0x15, 0x6E, 0x15, 0x98, 0x15, 0xB7, 0x15, 0xD6, 0x15, 0xFA, 0x16, 0x23, 0x16, 0x48, 0x16, 0x62, 0x16, 0x7E, 0x16, 0x9C, 
0x16, 0xB9, 0x16, 0xDA, 0x16, 0xFE, 0x17, 0x22, 0x17, 0x40, 0x17, 0x5E, 0x17, 0x83, 0x17, 0xA7, 0x17, 0xD0, 0x17, 0xFE, 
0x18, 0x29, 0x18, 0x55, 0x18, 0x7E, 0x18, 0x9D, 0x18, 0xC0, 0x18, 0xE3, 0x19, 0x0A, 0x19, 0x33, 0x19, 0x49, 0x19, 0x60, 
0x19, 0x79, 0x19, 0x96, 0x19, 0xB2, 0x19, 0xDC, 0x19, 0xFB, 0x1A, 0x1B, 0x1A, 0x3F, 0x1A, 0x68, 0x1A, 0x8D, 0x1A, 0xA9, 
0x1A, 0xC5, 0x1A, 0xE3, 0x1B, 0x00, 0x1B, 0x21, 0x1B, 0x45, 0x1B, 0x69, 0x1B, 0x87, 0x1B, 0xB2, 0x1B, 0xB2, 0x00, 0x00, 
0x00, 0x01, 0x00, 0x00, 0x00, 0xDE, 0x00, 0xD4, 0x00, 0x0D, 0x00, 0x00, 0x00, 0x00, 0x00, 0x02, 0x00, 0x00, 0x00, 0x00, 
0x00, 0x00, 0x00, 0x00, 0x00, 0x00, 0x00, 0x00, 0x00, 0x00, 0x00, 0x00, 0x00, 0x00, 0x00, 0x12, 0x00, 0xDE, 0x00, 0x01, 
0x00, 0x00, 0x00, 0x00, 0x00, 0x00, 0x00, 0x24, 0x00, 0x00, 0x00, 0x01, 0x00, 0x00, 0x00, 0x00, 0x00, 0x01, 0x00, 0x14, 
0x00, 0x24, 0x00, 0x01, 0x00, 0x00, 0x00, 0x00, 0x00, 0x02, 0x00, 0x07, 0x00, 0x38, 0x00, 0x01, 0x00, 0x00, 0x00, 0x00, 
0x00, 0x03, 0x00, 0x1A, 0x00, 0x3F, 0x00, 0x01, 0x00, 0x00, 0x00, 0x00, 0x00, 0x04, 0x00, 0x14, 0x00, 0x59, 0x00, 0x01, 
0x00, 0x00, 0x00, 0x00, 0x00, 0x05, 0x00, 0x11, 0x00, 0x6D, 0x00, 0x01, 0x00, 0x00, 0x00, 0x00, 0x00, 0x06, 0x00, 0x13, 
0x00, 0x7E, 0x00, 0x01, 0x00, 0x00, 0x00, 0x00, 0x00, 0x09, 0x00, 0x10, 0x00, 0x91, 0x00, 0x01, 0x00, 0x00, 0x00, 0x00, 
0x00, 0x0C, 0x00, 0x16, 0x00, 0xA1, 0x00, 0x03, 0x00, 0x01, 0x04, 0x09, 0x00, 0x00, 0x00, 0x48, 0x00, 0xB7, 0x00, 0x03, 
0x00, 0x01, 0x04, 0x09, 0x00, 0x01, 0x00, 0x28, 0x00, 0xFF, 0x00, 0x03, 0x00, 0x01, 0x04, 0x09, 0x00, 0x02, 0x00, 0x0E, 
0x01, 0x27, 0x00, 0x03, 0x00, 0x01, 0x04, 0x09, 0x00, 0x03, 0x00, 0x34, 0x01, 0x35, 0x00, 0x03, 0x00, 0x01, 0x04, 0x09, 
0x00, 0x04, 0x00, 0x28, 0x01, 0x69, 0x00, 0x03, 0x00, 0x01, 0x04, 0x09, 0x00, 0x05, 0x00, 0x22, 0x01, 0x91, 0x00, 0x03, 
0x00, 0x01, 0x04, 0x09, 0x00, 0x06, 0x00, 0x26, 0x01, 0xB3, 0x00, 0x03, 0x00, 0x01, 0x04, 0x09, 0x00, 0x09, 0x00, 0x20, 
0x01, 0xD9, 0x00, 0x03, 0x00, 0x01, 0x04, 0x09, 0x00, 0x0C, 0x00, 0x2C, 0x01, 0xF9, 0x32, 0x30, 0x31, 0x34, 0x20, 0x49, 
0x63, 0x6F, 0x6E, 0x69, 0x61, 0x6E, 0x20, 0x46, 0x6F, 0x6E, 0x74, 0x73, 0x20, 0x2D, 0x20, 0x77, 0x77, 0x77, 0x2E, 0x69, 
0x63, 0x6F, 0x6E, 0x69, 0x61, 0x6E, 0x2E, 0x63, 0x6F, 0x6D, 0x50, 0x61, 0x6C, 0x61, 0x64, 0x69, 0x6E, 0x73, 0x20, 0x53, 
0x65, 0x6D, 0x69, 0x2D, 0x49, 0x74, 0x61, 0x6C, 0x69, 0x63, 0x52, 0x65, 0x67, 0x75, 0x6C, 0x61, 0x72, 0x50, 0x61, 0x6C, 
0x61, 0x64, 0x69, 0x6E, 0x73, 0x20, 0x53, 0x65, 0x6D, 0x69, 0x2D, 0x49, 0x74, 0x61, 0x6C, 0x69, 0x63, 0x3A, 0x20, 0x32, 
0x30, 0x31, 0x34, 0x50, 0x61, 0x6C, 0x61, 0x64, 0x69, 0x6E, 0x73, 0x20, 0x53, 0x65, 0x6D, 0x69, 0x2D, 0x49, 0x74, 0x61, 
0x6C, 0x69, 0x63, 0x56, 0x65, 0x72, 0x73, 0x69, 0x6F, 0x6E, 0x20, 0x31, 0x2E, 0x30, 0x3B, 0x20, 0x32, 0x30, 0x31, 0x34, 
0x50, 0x61, 0x6C, 0x61, 0x64, 0x69, 0x6E, 0x73, 0x53, 0x65, 0x6D, 0x69, 0x2D, 0x49, 0x74, 0x61, 0x6C, 0x69, 0x63, 0x44, 
0x61, 0x6E, 0x69, 0x65, 0x6C, 0x20, 0x5A, 0x61, 0x64, 0x6F, 0x72, 0x6F, 0x7A, 0x6E, 0x79, 0x68, 0x74, 0x74, 0x70, 0x3A, 
0x2F, 0x2F, 0x77, 0x77, 0x77, 0x2E, 0x69, 0x63, 0x6F, 0x6E, 0x69, 0x61, 0x6E, 0x2E, 0x63, 0x6F, 0x6D, 0x00, 0x32, 0x00, 
0x30, 0x00, 0x31, 0x00, 0x34, 0x00, 0x20, 0x00, 0x49, 0x00, 0x63, 0x00, 0x6F, 0x00, 0x6E, 0x00, 0x69, 0x00, 0x61, 0x00, 
0x6E, 0x00, 0x20, 0x00, 0x46, 0x00, 0x6F, 0x00, 0x6E, 0x00, 0x74, 0x00, 0x73, 0x00, 0x20, 0x00, 0x2D, 0x00, 0x20, 0x00, 
0x77, 0x00, 0x77, 0x00, 0x77, 0x00, 0x2E, 0x00, 0x69, 0x00, 0x63, 0x00, 0x6F, 0x00, 0x6E, 0x00, 0x69, 0x00, 0x61, 0x00, 
0x6E, 0x00, 0x2E, 0x00, 0x63, 0x00, 0x6F, 0x00, 0x6D, 0x00, 0x50, 0x00, 0x61, 0x00, 0x6C, 0x00, 0x61, 0x00, 0x64, 0x00, 
0x69, 0x00, 0x6E, 0x00, 0x73, 0x00, 0x20, 0x00, 0x53, 0x00, 0x65, 0x00, 0x6D, 0x00, 0x69, 0x00, 0x2D, 0x00, 0x49, 0x00, 
0x74, 0x00, 0x61, 0x00, 0x6C, 0x00, 0x69, 0x00, 0x63, 0x00, 0x52, 0x00, 0x65, 0x00, 0x67, 0x00, 0x75, 0x00, 0x6C, 0x00, 
0x61, 0x00, 0x72, 0x00, 0x50, 0x00, 0x61, 0x00, 0x6C, 0x00, 0x61, 0x00, 0x64, 0x00, 0x69, 0x00, 0x6E, 0x00, 0x73, 0x00, 
0x20, 0x00, 0x53, 0x00, 0x65, 0x00, 0x6D, 0x00, 0x69, 0x00, 0x2D, 0x00, 0x49, 0x00, 0x74, 0x00, 0x61, 0x00, 0x6C, 0x00, 
0x69, 0x00, 0x63, 0x00, 0x3A, 0x00, 0x20, 0x00, 0x32, 0x00, 0x30, 0x00, 0x31, 0x00, 0x34, 0x00, 0x50, 0x00, 0x61, 0x00, 
0x6C, 0x00, 0x61, 0x00, 0x64, 0x00, 0x69, 0x00, 0x6E, 0x00, 0x73, 0x00, 0x20, 0x00, 0x53, 0x00, 0x65, 0x00, 0x6D, 0x00, 
0x69, 0x00, 0x2D, 0x00, 0x49, 0x00, 0x74, 0x00, 0x61, 0x00, 0x6C, 0x00, 0x69, 0x00, 0x63, 0x00, 0x56, 0x00, 0x65, 0x00, 
0x72, 0x00, 0x73, 0x00, 0x69, 0x00, 0x6F, 0x00, 0x6E, 0x00, 0x20, 0x00, 0x31, 0x00, 0x2E, 0x00, 0x30, 0x00, 0x3B, 0x00, 
0x20, 0x00, 0x32, 0x00, 0x30, 0x00, 0x31, 0x00, 0x34, 0x00, 0x50, 0x00, 0x61, 0x00, 0x6C, 0x00, 0x61, 0x00, 0x64, 0x00, 
0x69, 0x00, 0x6E, 0x00, 0x73, 0x00, 0x53, 0x00, 0x65, 0x00, 0x6D, 0x00, 0x69, 0x00, 0x2D, 0x00, 0x49, 0x00, 0x74, 0x00, 
0x61, 0x00, 0x6C, 0x00, 0x69, 0x00, 0x63, 0x00, 0x44, 0x00, 0x61, 0x00, 0x6E, 0x00, 0x69, 0x00, 0x65, 0x00, 0x6C, 0x00, 
0x20, 0x00, 0x5A, 0x00, 0x61, 0x00, 0x64, 0x00, 0x6F, 0x00, 0x72, 0x00, 0x6F, 0x00, 0x7A, 0x00, 0x6E, 0x00, 0x79, 0x00, 
0x68, 0x00, 0x74, 0x00, 0x74, 0x00, 0x70, 0x00, 0x3A, 0x00, 0x2F, 0x00, 0x2F, 0x00, 0x77, 0x00, 0x77, 0x00, 0x77, 0x00, 
0x2E, 0x00, 0x69, 0x00, 0x63, 0x00, 0x6F, 0x00, 0x6E, 0x00, 0x69, 0x00, 0x61, 0x00, 0x6E, 0x00, 0x2E, 0x00, 0x63, 0x00, 
0x6F, 0x00, 0x6D, 0x00, 0x00, 0x02, 0x00, 0x00, 0x00, 0x00, 0x00, 0x00, 0xFF, 0x9C, 0x00, 0x32, 0x00, 0x00, 0x00, 0x00, 
0x00, 0x00, 0x00, 0x00, 0x00, 0x00, 0x00, 0x00, 0x00, 0x00, 0x00, 0x00, 0x00, 0x00, 0x00, 0x00, 0x00, 0xDE, 0x00, 0x00, 
0x01, 0x02, 0x00, 0x02, 0x00, 0x03, 0x01, 0x03, 0x01, 0x04, 0x01, 0x05, 0x01, 0x06, 0x01, 0x07, 0x01, 0x08, 0x01, 0x09, 
0x01, 0x0A, 0x01, 0x0B, 0x01, 0x0C, 0x01, 0x0D, 0x01, 0x0E, 0x01, 0x0F, 0x01, 0x10, 0x01, 0x11, 0x01, 0x12, 0x01, 0x13, 
0x01, 0x14, 0x01, 0x15, 0x01, 0x16, 0x01, 0x17, 0x01, 0x18, 0x01, 0x19, 0x01, 0x1A, 0x01, 0x1B, 0x01, 0x1C, 0x01, 0x1D, 
0x01, 0x1E, 0x01, 0x1F, 0x01, 0x20, 0x01, 0x21, 0x01, 0x22, 0x01, 0x23, 0x01, 0x24, 0x01, 0x25, 0x01, 0x26, 0x01, 0x27, 
0x01, 0x28, 0x01, 0x29, 0x01, 0x2A, 0x01, 0x2B, 0x01, 0x2C, 0x01, 0x2D, 0x01, 0x2E, 0x01, 0x2F, 0x01, 0x30, 0x01, 0x31, 
0x01, 0x32, 0x01, 0x33, 0x01, 0x34, 0x01, 0x35, 0x01, 0x36, 0x01, 0x37, 0x01, 0x38, 0x01, 0x39, 0x01, 0x3A, 0x01, 0x3B, 
0x01, 0x3C, 0x01, 0x3D, 0x01, 0x3E, 0x01, 0x3F, 0x01, 0x40, 0x01, 0x41, 0x01, 0x42, 0x01, 0x43, 0x01, 0x44, 0x01, 0x45, 
0x01, 0x46, 0x01, 0x47, 0x01, 0x48, 0x01, 0x49, 0x01, 0x4A, 0x01, 0x4B, 0x01, 0x4C, 0x01, 0x4D, 0x01, 0x4E, 0x01, 0x4F, 
0x01, 0x50, 0x00, 0x52, 0x01, 0x51, 0x01, 0x52, 0x01, 0x53, 0x01, 0x54, 0x01, 0x55, 0x01, 0x56, 0x01, 0x57, 0x01, 0x58, 
0x01, 0x59, 0x01, 0x5A, 0x01, 0x5B, 0x01, 0x5C, 0x01, 0x5D, 0x01, 0x5E, 0x01, 0x5F, 0x01, 0x60, 0x01, 0x61, 0x01, 0x62, 
0x01, 0x63, 0x01, 0x64, 0x01, 0x65, 0x01, 0x66, 0x01, 0x67, 0x01, 0x68, 0x01, 0x69, 0x01, 0x6A, 0x01, 0x6B, 0x01, 0x6C, 
0x01, 0x6D, 0x01, 0x6E, 0x01, 0x6F, 0x01, 0x70, 0x01, 0x71, 0x01, 0x72, 0x01, 0x73, 0x01, 0x74, 0x01, 0x75, 0x01, 0x76, 
0x01, 0x77, 0x01, 0x78, 0x01, 0x79, 0x01, 0x7A, 0x01, 0x7B, 0x01, 0x7C, 0x01, 0x7D, 0x01, 0x7E, 0x01, 0x7F, 0x01, 0x80, 
0x01, 0x81, 0x01, 0x82, 0x01, 0x83, 0x01, 0x84, 0x01, 0x85, 0x01, 0x86, 0x01, 0x87, 0x01, 0x88, 0x00, 0x8A, 0x01, 0x89, 
0x01, 0x8A, 0x01, 0x8B, 0x01, 0x8C, 0x01, 0x8D, 0x01, 0x8E, 0x01, 0x8F, 0x01, 0x90, 0x01, 0x91, 0x01, 0x92, 0x01, 0x93, 
0x01, 0x94, 0x01, 0x95, 0x01, 0x96, 0x00, 0x97, 0x01, 0x97, 0x01, 0x98, 0x01, 0x99, 0x01, 0x9A, 0x01, 0x9B, 0x01, 0x9C, 
0x01, 0x9D, 0x01, 0x9E, 0x01, 0x9F, 0x01, 0xA0, 0x01, 0xA1, 0x01, 0xA2, 0x01, 0xA3, 0x01, 0xA4, 0x01, 0xA5, 0x01, 0xA6, 
0x01, 0xA7, 0x01, 0xA8, 0x01, 0xA9, 0x01, 0xAA, 0x01, 0xAB, 0x01, 0xAC, 0x01, 0xAD, 0x01, 0xAE, 0x01, 0xAF, 0x01, 0xB0, 
0x01, 0xB1, 0x01, 0xB2, 0x01, 0xB3, 0x01, 0xB4, 0x01, 0xB5, 0x01, 0xB6, 0x01, 0xB7, 0x01, 0xB8, 0x01, 0xB9, 0x01, 0xBA, 
0x01, 0xBB, 0x01, 0xBC, 0x01, 0xBD, 0x01, 0xBE, 0x01, 0xBF, 0x01, 0xC0, 0x01, 0xC1, 0x01, 0xC2, 0x01, 0xC3, 0x01, 0xC4, 
0x01, 0xC5, 0x01, 0xC6, 0x01, 0xC7, 0x01, 0xC8, 0x01, 0xC9, 0x01, 0xCA, 0x01, 0xCB, 0x01, 0xCC, 0x01, 0xCD, 0x01, 0xCE, 
0x01, 0xCF, 0x01, 0xD0, 0x01, 0xD1, 0x01, 0xD2, 0x01, 0xD3, 0x01, 0xD4, 0x01, 0xD5, 0x01, 0xD6, 0x01, 0xD7, 0x01, 0xD8, 
0x01, 0xD9, 0x05, 0x2E, 0x6E, 0x75, 0x6C, 0x6C, 0x07, 0x46, 0x4C, 0x30, 0x30, 0x32, 0x31, 0x68, 0x07, 0x46, 0x4C, 0x30, 
0x30, 0x32, 0x32, 0x68, 0x07, 0x46, 0x4C, 0x30, 0x30, 0x32, 0x33, 0x68, 0x07, 0x46, 0x4C, 0x30, 0x30, 0x32, 0x34, 0x68, 
0x07, 0x46, 0x4C, 0x30, 0x30, 0x32, 0x35, 0x68, 0x07, 0x46, 0x4C, 0x30, 0x30, 0x32, 0x36, 0x68, 0x07, 0x46, 0x4C, 0x30, 
0x30, 0x32, 0x41, 0x68, 0x07, 0x46, 0x4C, 0x30, 0x30, 0x32, 0x38, 0x68, 0x07, 0x46, 0x4C, 0x30, 0x30, 0x32, 0x39, 0x68, 
0x07, 0x46, 0x4C, 0x30, 0x33, 0x33, 0x33, 0x68, 0x07, 0x46, 0x4C, 0x30, 0x30, 0x32, 0x42, 0x68, 0x07, 0x46, 0x4C, 0x30, 
0x30, 0x32, 0x43, 0x68, 0x07, 0x46, 0x4C, 0x30, 0x30, 0x32, 0x44, 0x68, 0x07, 0x46, 0x4C, 0x30, 0x30, 0x32, 0x45, 0x68, 
0x07, 0x46, 0x4C, 0x30, 0x30, 0x32, 0x46, 0x68, 0x07, 0x46, 0x4C, 0x30, 0x30, 0x33, 0x30, 0x68, 0x07, 0x46, 0x4C, 0x30, 
0x30, 0x33, 0x31, 0x68, 0x07, 0x46, 0x4C, 0x30, 0x30, 0x33, 0x32, 0x68, 0x07, 0x46, 0x4C, 0x30, 0x30, 0x33, 0x34, 0x68, 
0x07, 0x46, 0x4C, 0x30, 0x30, 0x33, 0x35, 0x68, 0x07, 0x46, 0x4C, 0x30, 0x30, 0x33, 0x36, 0x68, 0x07, 0x46, 0x4C, 0x30, 
0x30, 0x33, 0x37, 0x68, 0x07, 0x46, 0x4C, 0x30, 0x30, 0x33, 0x38, 0x68, 0x07, 0x46, 0x4C, 0x30, 0x30, 0x36, 0x32, 0x68, 
0x07, 0x46, 0x4C, 0x30, 0x30, 0x33, 0x39, 0x68, 0x07, 0x46, 0x4C, 0x30, 0x30, 0x33, 0x41, 0x68, 0x07, 0x46, 0x4C, 0x30, 
0x30, 0x33, 0x42, 0x68, 0x07, 0x46, 0x4C, 0x30, 0x30, 0x33, 0x43, 0x68, 0x07, 0x46, 0x4C, 0x30, 0x30, 0x33, 0x44, 0x68, 
0x07, 0x46, 0x4C, 0x30, 0x30, 0x33, 0x45, 0x68, 0x07, 0x46, 0x4C, 0x30, 0x30, 0x33, 0x46, 0x68, 0x07, 0x46, 0x4C, 0x30, 
0x30, 0x34, 0x30, 0x68, 0x07, 0x46, 0x4C, 0x30, 0x30, 0x34, 0x31, 0x68, 0x07, 0x46, 0x4C, 0x30, 0x30, 0x34, 0x32, 0x68, 
0x07, 0x46, 0x4C, 0x30, 0x30, 0x34, 0x33, 0x68, 0x07, 0x46, 0x4C, 0x30, 0x30, 0x34, 0x34, 0x68, 0x07, 0x46, 0x4C, 0x30, 
0x30, 0x34, 0x35, 0x68, 0x07, 0x46, 0x4C, 0x30, 0x30, 0x34, 0x36, 0x68, 0x07, 0x46, 0x4C, 0x30, 0x30, 0x34, 0x37, 0x68, 
0x07, 0x46, 0x4C, 0x30, 0x30, 0x34, 0x38, 0x68, 0x07, 0x46, 0x4C, 0x30, 0x30, 0x34, 0x39, 0x68, 0x07, 0x46, 0x4C, 0x30, 
0x30, 0x42, 0x45, 0x68, 0x07, 0x46, 0x4C, 0x30, 0x30, 0x34, 0x42, 0x68, 0x07, 0x46, 0x4C, 0x30, 0x30, 0x34, 0x43, 0x68, 
0x07, 0x46, 0x4C, 0x30, 0x30, 0x34, 0x44, 0x68, 0x07, 0x46, 0x4C, 0x30, 0x30, 0x34, 0x45, 0x68, 0x07, 0x46, 0x4C, 0x30, 
0x30, 0x34, 0x46, 0x68, 0x07, 0x46, 0x4C, 0x30, 0x30, 0x35, 0x30, 0x68, 0x07, 0x46, 0x4C, 0x30, 0x30, 0x35, 0x31, 0x68, 
0x07, 0x46, 0x4C, 0x30, 0x30, 0x35, 0x32, 0x68, 0x07, 0x46, 0x4C, 0x30, 0x30, 0x35, 0x33, 0x68, 0x07, 0x46, 0x4C, 0x30, 
0x30, 0x35, 0x34, 0x68, 0x07, 0x46, 0x4C, 0x30, 0x30, 0x35, 0x35, 0x68, 0x07, 0x46, 0x4C, 0x30, 0x30, 0x35, 0x36, 0x68, 
0x07, 0x46, 0x4C, 0x30, 0x30, 0x35, 0x37, 0x68, 0x07, 0x46, 0x4C, 0x30, 0x30, 0x35, 0x38, 0x68, 0x07, 0x46, 0x4C, 0x30, 
0x30, 0x35, 0x39, 0x68, 0x07, 0x46, 0x4C, 0x30, 0x30, 0x35, 0x41, 0x68, 0x07, 0x46, 0x4C, 0x30, 0x30, 0x35, 0x42, 0x68, 
0x07, 0x46, 0x4C, 0x30, 0x30, 0x35, 0x43, 0x68, 0x07, 0x46, 0x4C, 0x30, 0x30, 0x35, 0x44, 0x68, 0x07, 0x46, 0x4C, 0x30, 
0x30, 0x35, 0x45, 0x68, 0x07, 0x46, 0x4C, 0x30, 0x30, 0x35, 0x46, 0x68, 0x07, 0x46, 0x4C, 0x30, 0x30, 0x36, 0x30, 0x68, 
0x07, 0x46, 0x4C, 0x30, 0x30, 0x36, 0x31, 0x68, 0x07, 0x46, 0x4C, 0x30, 0x30, 0x36, 0x46, 0x68, 0x07, 0x46, 0x4C, 0x30, 
0x30, 0x36, 0x33, 0x68, 0x07, 0x46, 0x4C, 0x30, 0x30, 0x36, 0x34, 0x68, 0x07, 0x46, 0x4C, 0x30, 0x30, 0x36, 0x35, 0x68, 
0x07, 0x46, 0x4C, 0x30, 0x30, 0x36, 0x36, 0x68, 0x07, 0x46, 0x4C, 0x30, 0x30, 0x36, 0x37, 0x68, 0x07, 0x46, 0x4C, 0x30, 
0x30, 0x36, 0x38, 0x68, 0x07, 0x46, 0x4C, 0x30, 0x30, 0x36, 0x39, 0x68, 0x07, 0x46, 0x4C, 0x30, 0x30, 0x36, 0x41, 0x68, 
0x07, 0x46, 0x4C, 0x30, 0x30, 0x36, 0x42, 0x68, 0x07, 0x46, 0x4C, 0x30, 0x30, 0x36, 0x43, 0x68, 0x07, 0x46, 0x4C, 0x30, 
0x30, 0x36, 0x44, 0x68, 0x07, 0x46, 0x4C, 0x30, 0x30, 0x36, 0x45, 0x68, 0x07, 0x46, 0x4C, 0x30, 0x30, 0x42, 0x37, 0x68, 
0x07, 0x46, 0x4C, 0x30, 0x30, 0x37, 0x31, 0x68, 0x07, 0x46, 0x4C, 0x30, 0x30, 0x37, 0x32, 0x68, 0x07, 0x46, 0x4C, 0x30, 
0x30, 0x42, 0x39, 0x68, 0x07, 0x46, 0x4C, 0x30, 0x30, 0x37, 0x34, 0x68, 0x07, 0x46, 0x4C, 0x30, 0x30, 0x37, 0x35, 0x68, 
0x07, 0x46, 0x4C, 0x30, 0x30, 0x42, 0x43, 0x68, 0x07, 0x46, 0x4C, 0x30, 0x30, 0x37, 0x37, 0x68, 0x07, 0x46, 0x4C, 0x30, 
0x30, 0x37, 0x38, 0x68, 0x07, 0x46, 0x4C, 0x30, 0x30, 0x37, 0x39, 0x68, 0x07, 0x46, 0x4C, 0x30, 0x30, 0x37, 0x41, 0x68, 
0x07, 0x46, 0x4C, 0x30, 0x30, 0x37, 0x42, 0x68, 0x07, 0x46, 0x4C, 0x30, 0x30, 0x37, 0x43, 0x68, 0x07, 0x46, 0x4C, 0x30, 
0x30, 0x37, 0x44, 0x68, 0x07, 0x46, 0x4C, 0x30, 0x30, 0x37, 0x45, 0x68, 0x07, 0x46, 0x4C, 0x30, 0x30, 0x37, 0x46, 0x68, 
0x07, 0x46, 0x4C, 0x32, 0x30, 0x41, 0x43, 0x68, 0x07, 0x46, 0x4C, 0x32, 0x30, 0x31, 0x41, 0x68, 0x07, 0x46, 0x4C, 0x30, 
0x31, 0x39, 0x32, 0x68, 0x07, 0x46, 0x4C, 0x32, 0x30, 0x31, 0x45, 0x68, 0x07, 0x46, 0x4C, 0x32, 0x30, 0x32, 0x36, 0x68, 
0x07, 0x46, 0x4C, 0x32, 0x30, 0x32, 0x30, 0x68, 0x07, 0x46, 0x4C, 0x32, 0x30, 0x32, 0x31, 0x68, 0x07, 0x46, 0x4C, 0x30, 
0x32, 0x43, 0x36, 0x68, 0x07, 0x46, 0x4C, 0x32, 0x30, 0x33, 0x30, 0x68, 0x07, 0x46, 0x4C, 0x30, 0x31, 0x36, 0x30, 0x68, 
0x07, 0x46, 0x4C, 0x32, 0x30, 0x33, 0x39, 0x68, 0x07, 0x46, 0x4C, 0x30, 0x31, 0x35, 0x32, 0x68, 0x07, 0x46, 0x4C, 0x30, 
0x31, 0x37, 0x44, 0x68, 0x07, 0x46, 0x4C, 0x32, 0x30, 0x31, 0x38, 0x68, 0x07, 0x46, 0x4C, 0x30, 0x30, 0x32, 0x37, 0x68, 
0x07, 0x46, 0x4C, 0x32, 0x30, 0x31, 0x43, 0x68, 0x07, 0x46, 0x4C, 0x32, 0x30, 0x31, 0x44, 0x68, 0x07, 0x46, 0x4C, 0x32, 
0x30, 0x32, 0x32, 0x68, 0x07, 0x46, 0x4C, 0x32, 0x30, 0x31, 0x33, 0x68, 0x07, 0x46, 0x4C, 0x32, 0x30, 0x31, 0x34, 0x68, 
0x07, 0x46, 0x4C, 0x30, 0x32, 0x44, 0x43, 0x68, 0x07, 0x46, 0x4C, 0x32, 0x31, 0x32, 0x32, 0x68, 0x07, 0x46, 0x4C, 0x30, 
0x31, 0x36, 0x31, 0x68, 0x07, 0x46, 0x4C, 0x32, 0x30, 0x33, 0x41, 0x68, 0x07, 0x46, 0x4C, 0x30, 0x31, 0x35, 0x33, 0x68, 
0x07, 0x46, 0x4C, 0x30, 0x31, 0x37, 0x45, 0x68, 0x07, 0x46, 0x4C, 0x30, 0x31, 0x37, 0x38, 0x68, 0x07, 0x46, 0x4C, 0x30, 
0x30, 0x41, 0x31, 0x68, 0x07, 0x46, 0x4C, 0x30, 0x30, 0x41, 0x32, 0x68, 0x07, 0x46, 0x4C, 0x30, 0x30, 0x41, 0x33, 0x68, 
0x07, 0x46, 0x4C, 0x30, 0x30, 0x41, 0x34, 0x68, 0x07, 0x46, 0x4C, 0x30, 0x30, 0x41, 0x35, 0x68, 0x07, 0x46, 0x4C, 0x30, 
0x30, 0x41, 0x36, 0x68, 0x07, 0x46, 0x4C, 0x30, 0x30, 0x41, 0x37, 0x68, 0x07, 0x46, 0x4C, 0x30, 0x30, 0x41, 0x38, 0x68, 
0x07, 0x46, 0x4C, 0x30, 0x30, 0x41, 0x39, 0x68, 0x07, 0x46, 0x4C, 0x30, 0x30, 0x41, 0x41, 0x68, 0x07, 0x46, 0x4C, 0x30, 
0x30, 0x41, 0x42, 0x68, 0x07, 0x46, 0x4C, 0x30, 0x30, 0x41, 0x43, 0x68, 0x07, 0x46, 0x4C, 0x30, 0x30, 0x41, 0x44, 0x68, 
0x07, 0x46, 0x4C, 0x30, 0x30, 0x41, 0x45, 0x68, 0x07, 0x46, 0x4C, 0x30, 0x30, 0x42, 0x30, 0x68, 0x07, 0x46, 0x4C, 0x30, 
0x30, 0x42, 0x31, 0x68, 0x07, 0x46, 0x4C, 0x30, 0x30, 0x42, 0x32, 0x68, 0x07, 0x46, 0x4C, 0x30, 0x30, 0x42, 0x33, 0x68, 
0x07, 0x46, 0x4C, 0x30, 0x30, 0x42, 0x34, 0x68, 0x07, 0x46, 0x4C, 0x30, 0x30, 0x42, 0x35, 0x68, 0x07, 0x46, 0x4C, 0x30, 
0x30, 0x42, 0x36, 0x68, 0x07, 0x46, 0x4C, 0x30, 0x30, 0x42, 0x38, 0x68, 0x07, 0x46, 0x4C, 0x30, 0x30, 0x42, 0x44, 0x68, 
0x07, 0x46, 0x4C, 0x30, 0x30, 0x42, 0x46, 0x68, 0x07, 0x46, 0x4C, 0x30, 0x30, 0x42, 0x41, 0x68, 0x07, 0x46, 0x4C, 0x30, 
0x30, 0x42, 0x42, 0x68, 0x07, 0x46, 0x4C, 0x30, 0x45, 0x42, 0x32, 0x68, 0x07, 0x46, 0x4C, 0x30, 0x45, 0x42, 0x36, 0x68, 
0x07, 0x46, 0x4C, 0x30, 0x45, 0x42, 0x44, 0x68, 0x07, 0x46, 0x4C, 0x30, 0x30, 0x43, 0x30, 0x68, 0x07, 0x46, 0x4C, 0x30, 
0x30, 0x43, 0x31, 0x68, 0x07, 0x46, 0x4C, 0x30, 0x30, 0x43, 0x32, 0x68, 0x07, 0x46, 0x4C, 0x30, 0x30, 0x43, 0x33, 0x68, 
0x07, 0x46, 0x4C, 0x30, 0x30, 0x43, 0x34, 0x68, 0x07, 0x46, 0x4C, 0x30, 0x30, 0x43, 0x35, 0x68, 0x07, 0x46, 0x4C, 0x30, 
0x30, 0x43, 0x36, 0x68, 0x07, 0x46, 0x4C, 0x30, 0x30, 0x43, 0x37, 0x68, 0x07, 0x46, 0x4C, 0x30, 0x30, 0x43, 0x38, 0x68, 
0x07, 0x46, 0x4C, 0x30, 0x30, 0x43, 0x39, 0x68, 0x07, 0x46, 0x4C, 0x30, 0x30, 0x43, 0x41, 0x68, 0x07, 0x46, 0x4C, 0x30, 
0x30, 0x43, 0x42, 0x68, 0x07, 0x46, 0x4C, 0x30, 0x30, 0x43, 0x43, 0x68, 0x07, 0x46, 0x4C, 0x30, 0x30, 0x43, 0x44, 0x68, 
0x07, 0x46, 0x4C, 0x30, 0x30, 0x43, 0x45, 0x68, 0x07, 0x46, 0x4C, 0x30, 0x30, 0x43, 0x46, 0x68, 0x07, 0x46, 0x4C, 0x30, 
0x30, 0x44, 0x30, 0x68, 0x07, 0x46, 0x4C, 0x30, 0x30, 0x44, 0x31, 0x68, 0x07, 0x46, 0x4C, 0x30, 0x30, 0x44, 0x32, 0x68, 
0x07, 0x46, 0x4C, 0x30, 0x30, 0x44, 0x33, 0x68, 0x07, 0x46, 0x4C, 0x30, 0x30, 0x44, 0x34, 0x68, 0x07, 0x46, 0x4C, 0x30, 
0x30, 0x44, 0x35, 0x68, 0x07, 0x46, 0x4C, 0x30, 0x30, 0x44, 0x36, 0x68, 0x07, 0x46, 0x4C, 0x30, 0x30, 0x44, 0x37, 0x68, 
0x07, 0x46, 0x4C, 0x30, 0x30, 0x44, 0x38, 0x68, 0x07, 0x46, 0x4C, 0x30, 0x30, 0x44, 0x39, 0x68, 0x07, 0x46, 0x4C, 0x30, 
0x30, 0x44, 0x41, 0x68, 0x07, 0x46, 0x4C, 0x30, 0x30, 0x44, 0x42, 0x68, 0x07, 0x46, 0x4C, 0x30, 0x30, 0x44, 0x43, 0x68, 
0x07, 0x46, 0x4C, 0x30, 0x30, 0x44, 0x44, 0x68, 0x07, 0x46, 0x4C, 0x30, 0x30, 0x44, 0x45, 0x68, 0x07, 0x46, 0x4C, 0x30, 
0x30, 0x44, 0x46, 0x68, 0x07, 0x46, 0x4C, 0x30, 0x30, 0x45, 0x30, 0x68, 0x07, 0x46, 0x4C, 0x30, 0x30, 0x45, 0x31, 0x68, 
0x07, 0x46, 0x4C, 0x30, 0x30, 0x45, 0x32, 0x68, 0x07, 0x46, 0x4C, 0x30, 0x30, 0x45, 0x33, 0x68, 0x07, 0x46, 0x4C, 0x30, 
0x30, 0x45, 0x34, 0x68, 0x07, 0x46, 0x4C, 0x30, 0x30, 0x45, 0x35, 0x68, 0x07, 0x46, 0x4C, 0x30, 0x30, 0x45, 0x36, 0x68, 
0x07, 0x46, 0x4C, 0x30, 0x30, 0x45, 0x37, 0x68, 0x07, 0x46, 0x4C, 0x30, 0x30, 0x45, 0x38, 0x68, 0x07, 0x46, 0x4C, 0x30, 
0x30, 0x45, 0x39, 0x68, 0x07, 0x46, 0x4C, 0x30, 0x30, 0x45, 0x41, 0x68, 0x07, 0x46, 0x4C, 0x30, 0x30, 0x45, 0x42, 0x68, 
0x07, 0x46, 0x4C, 0x30, 0x30, 0x45, 0x43, 0x68, 0x07, 0x46, 0x4C, 0x30, 0x30, 0x45, 0x44, 0x68, 0x07, 0x46, 0x4C, 0x30, 
0x30, 0x45, 0x45, 0x68, 0x07, 0x46, 0x4C, 0x30, 0x30, 0x45, 0x46, 0x68, 0x07, 0x46, 0x4C, 0x30, 0x30, 0x46, 0x30, 0x68, 
0x07, 0x46, 0x4C, 0x30, 0x30, 0x46, 0x31, 0x68, 0x07, 0x46, 0x4C, 0x30, 0x30, 0x46, 0x32, 0x68, 0x07, 0x46, 0x4C, 0x30, 
0x30, 0x46, 0x33, 0x68, 0x07, 0x46, 0x4C, 0x30, 0x30, 0x46, 0x35, 0x68, 0x07, 0x46, 0x4C, 0x30, 0x30, 0x46, 0x37, 0x68, 
0x07, 0x46, 0x4C, 0x30, 0x30, 0x46, 0x36, 0x68, 0x07, 0x46, 0x4C, 0x30, 0x31, 0x30, 0x30, 0x68, 0x07, 0x46, 0x4C, 0x30, 
0x30, 0x46, 0x38, 0x68, 0x07, 0x46, 0x4C, 0x30, 0x30, 0x46, 0x39, 0x68, 0x07, 0x46, 0x4C, 0x30, 0x30, 0x46, 0x41, 0x68, 
0x07, 0x46, 0x4C, 0x30, 0x30, 0x46, 0x42, 0x68, 0x07, 0x46, 0x4C, 0x30, 0x30, 0x46, 0x43, 0x68, 0x07, 0x46, 0x4C, 0x30, 
0x30, 0x46, 0x44, 0x68, 0x07, 0x46, 0x4C, 0x30, 0x30, 0x46, 0x45, 0x68, 0x07, 0x46, 0x4C, 0x30, 0x30, 0x46, 0x46, 0x68, 
0x05, 0x46, 0x4C, 0x32, 0x35, 0x39, 0x00, 0x00
};